"D:/Progetti/PurgatorySeaServer/Unreal Engine/PurgatorySea/PurgatorySea.uproject" 1
"D:/Progetti/PurgatorySeaServer/Unreal Engine/PurgatorySea/Binaries/Win64/UnrealEditor-Win64-DebugGame.modules" 2
"../../../Engine/Plugins/MemoryUsageQueries/MemoryUsageQueries.uplugin" 3
"../../../Engine/Plugins/Bridge/Bridge.uplugin" 4
"../../../Engine/Plugins/AudioGameplay/AudioGameplay.uplugin" 5
"../../../Engine/Plugins/TraceUtilities/TraceUtilities.uplugin" 6
"../../../Engine/Plugins/AudioGameplayVolume/AudioGameplayVolume.uplugin" 7
"../../../Engine/Plugins/Interchange/Editor/InterchangeEditor.uplugin" 8
"../../../Engine/Plugins/BlueprintFileUtils/BlueprintFileUtils.uplugin" 9
"../../../Engine/Plugins/Interchange/Runtime/Interchange.uplugin" 10
"../../../Engine/Plugins/Importers/USDMultiUser/USDMultiUser.uplugin" 11
"../../../Engine/Plugins/JsonBlueprintUtilities/JsonBlueprintUtilities.uplugin" 12
"../../../Engine/Plugins/MeshPainting/MeshPainting.uplugin" 13
"../../../Engine/Plugins/FastBuildController/FastBuildController.uplugin" 14
"../../../Engine/Plugins/Importers/AlembicImporter/AlembicImporter.uplugin" 15
"../../../Engine/Plugins/EnhancedInput/EnhancedInput.uplugin" 16
"../../../Engine/Plugins/LightWeightInstancesEditor/LightWeightInstancesEditor.uplugin" 17
"../../../Engine/Plugins/XGEController/XGEController.uplugin" 18
"../../../Engine/Plugins/Importers/AlembicHairImporter/AlembicHairImporter.uplugin" 19
"../../../Engine/Plugins/RenderGraphInsights/RenderGraphInsights.uplugin" 20
"../../../Engine/Plugins/Compositing/OpenColorIO/OpenColorIO.uplugin" 21
"../../../Engine/Plugins/ScriptPlugin/ScriptPlugin.uplugin" 22
"../../../Engine/Plugins/Compositing/LensDistortion/LensDistortion.uplugin" 23
"../../../Engine/Plugins/2D/Paper2D/Paper2D.uplugin" 24
"../../../Engine/Plugins/Importers/USDImporter/USDImporter.uplugin" 25
"../../../Engine/Plugins/Compositing/Composure/Composure.uplugin" 26
"../../../Engine/Plugins/Enterprise/DatasmithGLTFImporter/DatasmithGLTFImporter.uplugin" 27
"../../../Engine/Plugins/Enterprise/DatasmithC4DImporter/DatasmithC4DImporter.uplugin" 28
"../../../Engine/Plugins/Enterprise/AxFImporter/AxFImporter.uplugin" 29
"../../../Engine/Plugins/Enterprise/MDLImporter/MDLImporter.uplugin" 30
"../../../Engine/Plugins/Compositing/OpenCVLensDistortion/OpenCVLensDistortion.uplugin" 31
"../../../Engine/Plugins/Enterprise/GLTFExporter/GLTFExporter.uplugin" 32
"../../../Engine/Plugins/Enterprise/VariantManager/VariantManager.uplugin" 33
"../../../Engine/Plugins/Enterprise/DatasmithImporter/DatasmithImporter.uplugin" 34
"../../../Engine/Plugins/Enterprise/DataprepEditor/DataprepEditor.uplugin" 35
"../../../Engine/Plugins/Enterprise/LidarPointCloud/LidarPointCloud.uplugin" 36
"../../../Engine/Plugins/Enterprise/VariantManagerContent/VariantManagerContent.uplugin" 37
"../../../Engine/Plugins/Enterprise/DatasmithCADImporter/DatasmithCADImporter.uplugin" 38
"../../../Engine/Plugins/Enterprise/DatasmithFBXImporter/DatasmithFBXImporter.uplugin" 39
"../../../Engine/Plugins/Runtime/AndroidDeviceProfileSelector/AndroidDeviceProfileSelector.uplugin" 40
"../../../Engine/Plugins/Enterprise/DatasmithIFCImporter/DatasmithIFCImporter.uplugin" 41
"../../../Engine/Plugins/Enterprise/DatasmithContent/DatasmithContent.uplugin" 42
"../../../Engine/Plugins/Runtime/ActorLayerUtilities/ActorLayerUtilities.uplugin" 43
"../../../Engine/Plugins/Runtime/AndroidBackgroundService/AndroidBackgroundService.uplugin" 44
"../../../Engine/Plugins/Runtime/AndroidFileServer/AndroidFileServer.uplugin" 45
"../../../Engine/Plugins/Runtime/AndroidPermission/AndroidPermission.uplugin" 46
"../../../Engine/Plugins/Runtime/AndroidMoviePlayer/AndroidMoviePlayer.uplugin" 47
"../../../Engine/Plugins/Runtime/AppleImageUtils/AppleImageUtils.uplugin" 48
"../../../Engine/Plugins/Runtime/ApexDestruction/ApexDestruction.uplugin" 49
"../../../Engine/Plugins/Runtime/ArchVisCharacter/ArchVisCharacter.uplugin" 50
"../../../Engine/Plugins/Runtime/AnimationBudgetAllocator/AnimationBudgetAllocator.uplugin" 51
"../../../Engine/Plugins/Runtime/AudioCapture/AudioCapture.uplugin" 52
"../../../Engine/Plugins/Runtime/AppleMoviePlayer/AppleMoviePlayer.uplugin" 53
"../../../Engine/Plugins/Runtime/AudioModulation/AudioModulation.uplugin" 54
"../../../Engine/Plugins/Runtime/CableComponent/CableComponent.uplugin" 55
"../../../Engine/Plugins/Runtime/AudioWidgets/AudioWidgets.uplugin" 56
"../../../Engine/Plugins/Runtime/AudioMotorSim/AudioMotorSim.uplugin" 57
"../../../Engine/Plugins/Runtime/AudioSynesthesia/AudioSynesthesia.uplugin" 58
"../../../Engine/Plugins/Runtime/AssetTags/AssetTags.uplugin" 59
"../../../Engine/Plugins/Runtime/CustomMeshComponent/CustomMeshComponent.uplugin" 60
"../../../Engine/Plugins/Runtime/ChunkDownloader/ChunkDownloader.uplugin" 61
"../../../Engine/Plugins/Runtime/Firebase/Firebase.uplugin" 62
"../../../Engine/Plugins/Runtime/GameplayAbilities/GameplayAbilities.uplugin" 63
"../../../Engine/Plugins/Runtime/DataRegistry/DataRegistry.uplugin" 64
"../../../Engine/Plugins/Runtime/GeoReferencing/GeoReferencing.uplugin" 65
"../../../Engine/Plugins/Runtime/ComputeFramework/ComputeFramework.uplugin" 66
"../../../Engine/Plugins/Runtime/ExampleDeviceProfileSelector/ExampleDeviceProfileSelector.uplugin" 67
"../../../Engine/Plugins/Runtime/GameplayBehaviorSmartObjects/GameplayBehaviorSmartObjects.uplugin" 68
"../../../Engine/Plugins/Runtime/GameplayInteractions/GameplayInteractions.uplugin" 69
"../../../Engine/Plugins/Runtime/GeometryCache/GeometryCache.uplugin" 70
"../../../Engine/Plugins/Runtime/GoogleCloudMessaging/GoogleCloudMessaging.uplugin" 71
"../../../Engine/Plugins/Runtime/HairStrands/HairStrands.uplugin" 72
"../../../Engine/Plugins/Runtime/GeometryProcessing/GeometryProcessing.uplugin" 73
"../../../Engine/Plugins/Runtime/GooglePAD/GooglePAD.uplugin" 74
"../../../Engine/Plugins/Runtime/GameplayStateTree/GameplayStateTree.uplugin" 75
"../../../Engine/Plugins/Runtime/HDRIBackdrop/HDRIBackdrop.uplugin" 76
"../../../Engine/Plugins/Runtime/IOSReplayKit/IOSReplayKit.uplugin" 77
"../../../Engine/Plugins/Runtime/InputDebugging/InputDebugging.uplugin" 78
"../../../Engine/Plugins/Runtime/HPMotionController/HPMotionController.uplugin" 79
"../../../Engine/Plugins/Runtime/LinuxDeviceProfileSelector/LinuxDeviceProfileSelector.uplugin" 80
"../../../Engine/Plugins/Runtime/HTTPChunkInstaller/HTTPChunkInstaller.uplugin" 81
"../../../Engine/Plugins/Runtime/IOSDeviceProfileSelector/IOSDeviceProfileSelector.uplugin" 82
"../../../Engine/Plugins/Runtime/LocationServicesAndroidImpl/LocationServicesAndroidImpl.uplugin" 83
"../../../Engine/Plugins/Runtime/LocationServicesBPLibrary/LocationServicesBPLibrary.uplugin" 84
"../../../Engine/Plugins/Runtime/LiveLinkOvernDisplay/LiveLinkOverNDisplay.uplugin" 85
"../../../Engine/Plugins/Runtime/MeshModelingToolset/MeshModelingToolset.uplugin" 86
"../../../Engine/Plugins/Runtime/LocationServicesIOSImpl/LocationServicesIOSImpl.uplugin" 87
"../../../Engine/Plugins/Runtime/Metasound/Metasound.uplugin" 88
"../../../Engine/Plugins/Runtime/MassGameplay/MassGameplay.uplugin" 89
"../../../Engine/Plugins/Runtime/MicrosoftSpatialAudio/MicroSoftSpatialSound.uplugin" 90
"../../../Engine/Plugins/Runtime/MobileFSR/MobileFSR.uplugin" 91
"../../../Engine/Plugins/Runtime/MIDIDevice/MIDIDevice.uplugin" 92
"../../../Engine/Plugins/Runtime/MassEntity/MassEntity.uplugin" 93
"../../../Engine/Plugins/Runtime/MobilePatchingUtils/MobilePatchingUtils.uplugin" 94
"../../../Engine/Plugins/Runtime/ModelViewViewModel/ModelViewViewModel.uplugin" 95
"../../../Engine/Plugins/Runtime/NavCorridor/NavCorridor.uplugin" 96
"../../../Engine/Plugins/Runtime/nDisplay/nDisplay.uplugin" 97
"../../../Engine/Plugins/Runtime/MixedRealityCaptureFramework/MixedRealityCaptureFramework.uplugin" 98
"../../../Engine/Plugins/Runtime/NetworkPredictionInsights/NetworkPredictionInsights.uplugin" 99
"../../../Engine/Plugins/Runtime/nDisplayModularFeatures/nDisplayModularFeatures.uplugin" 100
"../../../Engine/Plugins/Runtime/OpenCV/OpenCV.uplugin" 101
"../../../Engine/Plugins/Runtime/OpenXR/OpenXR.uplugin" 102
"../../../Engine/Plugins/Runtime/NetworkPredictionExtras/NetworkPredictionExtras.uplugin" 103
"../../../Engine/Plugins/Runtime/NetworkPrediction/NetworkPrediction.uplugin" 104
"../../../Engine/Plugins/Runtime/OpenXREyeTracker/OpenXREyeTracker.uplugin" 105
"../../../Engine/Plugins/Runtime/OpenXRHandTracking/OpenXRHandTracking.uplugin" 106
"../../../Engine/Plugins/Runtime/OpenXRViveTracker/OpenXRViveTracker.uplugin" 107
"../../../Engine/Plugins/Runtime/OSCModulationMixing/OSCModulationMixing.uplugin" 108
"../../../Engine/Plugins/Runtime/OptionalMobileFeaturesBPLibrary/OptionalMobileFeaturesBPLibrary.uplugin" 109
"../../../Engine/Plugins/Runtime/OSC/OSC.uplugin" 110
"../../../Engine/Plugins/Runtime/PreLoadScreenMoviePlayer/PreLoadScreenMoviePlayer.uplugin" 111
"../../../Engine/Plugins/Runtime/OpenXRMsftHandInteraction/OpenXRMsftHandInteraction.uplugin" 112
"../../../Engine/Plugins/Runtime/PropertyAccess/PropertyAccessEditor.uplugin" 113
"../../../Engine/Plugins/Runtime/RenderTrace/RenderTrace.uplugin" 114
"../../../Engine/Plugins/Runtime/ReplicationSystemTestPlugin/ReplicationSystemTestPlugin.uplugin" 115
"../../../Engine/Plugins/Runtime/ProceduralMeshComponent/ProceduralMeshComponent.uplugin" 116
"../../../Engine/Plugins/Runtime/ReplicationGraph/ReplicationGraph.uplugin" 117
"../../../Engine/Plugins/Runtime/ResonanceAudio/ResonanceAudio.uplugin" 118
"../../../Engine/Plugins/Runtime/SignificanceManager/SignificanceManager.uplugin" 119
"../../../Engine/Plugins/Runtime/SoundCueTemplates/SoundCueTemplates.uplugin" 120
"../../../Engine/Plugins/Runtime/SmartObjects/SmartObjects.uplugin" 121
"../../../Engine/Plugins/Runtime/SkeletalMerging/SkeletalMerging.uplugin" 122
"../../../Engine/Plugins/Runtime/SoundFields/SoundFields.uplugin" 123
"../../../Engine/Plugins/Runtime/Soundscape/Soundscape.uplugin" 124
"../../../Engine/Plugins/Runtime/SoundUtilities/SoundUtilities.uplugin" 125
"../../../Engine/Plugins/Runtime/Spatialization/Spatialization.uplugin" 126
"../../../Engine/Plugins/Runtime/SoundMod/SoundMod.uplugin" 127
"../../../Engine/Plugins/Runtime/WarpUtils/WarpUtils.uplugin" 128
"../../../Engine/Plugins/Runtime/SunPosition/SunPosition.uplugin" 129
"../../../Engine/Plugins/Runtime/WaveTable/WaveTable.uplugin" 130
"../../../Engine/Plugins/Runtime/Synthesis/Synthesis.uplugin" 131
"../../../Engine/Plugins/Runtime/WebBrowserNativeProxy/WebBrowserNativeProxy.uplugin" 132
"../../../Engine/Plugins/Runtime/WebBrowserWidget/WebBrowserWidget.uplugin" 133
"../../../Engine/Plugins/Runtime/WebMMoviePlayer/WebMMoviePlayer.uplugin" 134
"../../../Engine/Plugins/Runtime/StateTree/StateTree.uplugin" 135
"../../../Engine/Plugins/Runtime/ZoneGraph/ZoneGraph.uplugin" 136
"../../../Engine/Plugins/Runtime/WindowsDeviceProfileSelector/WindowsDeviceProfileSelector.uplugin" 137
"../../../Engine/Plugins/Runtime/WorldConditions/WorldConditions.uplugin" 138
"../../../Engine/Plugins/Runtime/WindowsMoviePlayer/WindowsMoviePlayer.uplugin" 139
"../../../Engine/Plugins/Runtime/ZoneGraphAnnotations/ZoneGraphAnnotations.uplugin" 140
"../../../Engine/Plugins/Web/HttpBlueprint/HttpBlueprint.uplugin" 141
"../../../Engine/Plugins/Developer/AnimationSharing/AnimationSharing.uplugin" 142
"../../../Engine/Plugins/Developer/BlankPlugin/BlankPlugin.uplugin" 143
"../../../Engine/Plugins/Developer/CLionSourceCodeAccess/CLionSourceCodeAccess.uplugin" 144
"../../../Engine/Plugins/Developer/KDevelopSourceCodeAccess/KDevelopSourceCodeAccess.uplugin" 145
"../../../Engine/Plugins/Developer/CodeLiteSourceCodeAccess/CodeLiteSourceCodeAccess.uplugin" 146
"../../../Engine/Plugins/Developer/DumpGPUServices/DumpGPUServices.uplugin" 147
"../../../Engine/Plugins/Developer/PerforceSourceControl/PerforceSourceControl.uplugin" 148
"../../../Engine/Plugins/Developer/GitSourceControl/GitSourceControl.uplugin" 149
"../../../Engine/Plugins/Developer/OneSkyLocalizationService/OneSkyLocalizationService.uplugin" 150
"../../../Engine/Plugins/Developer/PixWinPlugin/PixWinPlugin.uplugin" 151
"../../../Engine/Plugins/Developer/RiderSourceCodeAccess/RiderSourceCodeAccess.uplugin" 152
"../../../Engine/Plugins/Developer/PluginUtils/PluginUtils.uplugin" 153
"../../../Engine/Plugins/Developer/NullSourceCodeAccess/NullSourceCodeAccess.uplugin" 154
"../../../Engine/Plugins/Developer/SubversionSourceControl/SubversionSourceControl.uplugin" 155
"../../../Engine/Plugins/Developer/PlasticSourceControl/PlasticSourceControl.uplugin" 156
"../../../Engine/Plugins/Developer/TraceDataFiltering/TraceDataFilters.uplugin" 157
"../../../Engine/Plugins/Developer/PropertyAccessNode/PropertyAccessNode.uplugin" 158
"../../../Engine/Plugins/Developer/TextureFormatOodle/TextureFormatOodle.uplugin" 159
"../../../Engine/Plugins/Developer/RenderDocPlugin/RenderDocPlugin.uplugin" 160
"../../../Engine/Plugins/Developer/VisualStudioCodeSourceCodeAccess/VisualStudioCodeSourceCodeAccess.uplugin" 161
"../../../Engine/Plugins/Developer/XcodeGPUDebuggerPlugin/XcodeGPUDebuggerPlugin.uplugin" 162
"../../../Engine/Plugins/Developer/TraceSourceFiltering/TraceSourceFilters.uplugin" 163
"../../../Engine/Plugins/Protocols/MQTT/MQTT.uplugin" 164
"../../../Engine/Plugins/Developer/XCodeSourceCodeAccess/XCodeSourceCodeAccess.uplugin" 165
"../../../Engine/Plugins/Developer/UObjectPlugin/UObjectPlugin.uplugin" 166
"../../../Engine/Plugins/Developer/VisualStudioSourceCodeAccess/VisualStudioSourceCodeAccess.uplugin" 167
"../../../Engine/Plugins/Marketplace/StitchingOfLandscapes/StitchingOfLandscapes.uplugin" 168
"../../../Engine/Plugins/VirtualProduction/CameraCalibration/CameraCalibration.uplugin" 169
"../../../Engine/Plugins/Marketplace/PathFollow/PathFollow.uplugin" 170
"../../../Engine/Plugins/VirtualProduction/EpicStageApp/EpicStageApp.uplugin" 171
"../../../Engine/Plugins/VirtualProduction/CameraCalibrationCore/CameraCalibrationCore.uplugin" 172
"../../../Engine/Plugins/VirtualProduction/CompositePlane/CompositePlane.uplugin" 173
"../../../Engine/Plugins/VirtualProduction/DataCharts/DataCharts.uplugin" 174
"../../../Engine/Plugins/VirtualProduction/RemoteControl/RemoteControl.uplugin" 175
"../../../Engine/Plugins/VirtualProduction/ICVFX/ICVFX.uplugin" 176
"../../../Engine/Plugins/VirtualProduction/LiveLinkLens/LiveLinkLens.uplugin" 177
"../../../Engine/Plugins/VirtualProduction/LiveLinkFreeD/LiveLinkFreeD.uplugin" 178
"../../../Engine/Plugins/VirtualProduction/LevelSnapshots/LevelSnapshots.uplugin" 179
"../../../Engine/Plugins/VirtualProduction/LiveLinkCamera/LiveLinkCamera.uplugin" 180
"../../../Engine/Plugins/VirtualProduction/LiveLinkVRPN/LiveLinkVRPN.uplugin" 181
"../../../Engine/Plugins/VirtualProduction/LiveLinkXR/LiveLinkXR.uplugin" 182
"../../../Engine/Plugins/VirtualProduction/LiveLinkPrestonMDR/LiveLinkPrestonMDR.uplugin" 183
"../../../Engine/Plugins/VirtualProduction/RemoteControlInterception/RemoteControlInterception.uplugin" 184
"../../../Engine/Plugins/VirtualProduction/LiveLinkMasterLockit/LiveLinkMasterLockit.uplugin" 185
"../../../Engine/Plugins/VirtualProduction/MultiUserTakes/MultiUserTakes.uplugin" 186
"../../../Engine/Plugins/VirtualProduction/RemoteControlWebInterface/RemoteControlWebInterface.uplugin" 187
"../../../Engine/Plugins/VirtualProduction/RemoteControlProtocolMIDI/RemoteControlProtocolMIDI.uplugin" 188
"../../../Engine/Plugins/VirtualProduction/RemoteControlProtocolOSC/RemoteControlProtocolOSC.uplugin" 189
"../../../Engine/Plugins/VirtualProduction/Takes/Takes.uplugin" 190
"../../../Engine/Plugins/VirtualProduction/RemoteControlProtocolDMX/RemoteControlProtocolDMX.uplugin" 191
"../../../Engine/Plugins/VirtualProduction/Switchboard/Switchboard.uplugin" 192
"../../../Engine/Plugins/VirtualProduction/SequencerPlaylists/SequencerPlaylists.uplugin" 193
"../../../Engine/Plugins/VirtualProduction/StageMonitoring/StageMonitoring.uplugin" 194
"../../../Engine/Plugins/VirtualProduction/TextureShare/TextureShare.uplugin" 195
"../../../Engine/Plugins/VirtualProduction/TimedDataMonitor/TimedDataMonitor.uplugin" 196
"../../../Engine/Plugins/Experimental/AbilitySystemGameFeatureActions/AbilitySystemGameFeatureActions.uplugin" 197
"../../../Engine/Plugins/Experimental/AnimNext/AnimNext.uplugin" 198
"../../../Engine/Plugins/Experimental/ActorPalette/ActorPalette.uplugin" 199
"../../../Engine/Plugins/Performance/PerformanceMonitor/PerformanceMonitor.uplugin" 200
"../../../Engine/Plugins/Experimental/AutomationUtils/AutomationUtils.uplugin" 201
"../../../Engine/Plugins/Experimental/AppleVision/AppleVision.uplugin" 202
"../../../Engine/Plugins/Experimental/BlueprintSnapNodes/BlueprintSnapNodes.uplugin" 203
"../../../Engine/Plugins/Experimental/AssetPlacementEdMode/AssetPlacementEdMode.uplugin" 204
"../../../Engine/Plugins/Experimental/BlueprintStats/BlueprintStats.uplugin" 205
"../../../Engine/Plugins/Experimental/BackChannel/BackChannel.uplugin" 206
"../../../Engine/Plugins/Experimental/ChaosClothAsset/ChaosClothAsset.uplugin" 207
"../../../Engine/Plugins/Experimental/ChaosCloth/ChaosCloth.uplugin" 208
"../../../Engine/Plugins/Experimental/ChaosClothAssetEditor/ChaosClothAssetEditor.uplugin" 209
"../../../Engine/Plugins/Experimental/ChaosClothEditor/ChaosClothEditor.uplugin" 210
"../../../Engine/Plugins/Experimental/ChaosEditor/ChaosEditor.uplugin" 211
"../../../Engine/Plugins/Experimental/ChaosCaching/ChaosCaching.uplugin" 212
"../../../Engine/Plugins/Experimental/ChaosFlesh/ChaosFlesh.uplugin" 213
"../../../Engine/Plugins/Experimental/ChaosVehiclesPlugin/ChaosVehiclesPlugin.uplugin" 214
"../../../Engine/Plugins/Experimental/ChaosSolverPlugin/ChaosSolverPlugin.uplugin" 215
"../../../Engine/Plugins/Experimental/ChaosNiagara/ChaosNiagara.uplugin" 216
"../../../Engine/Plugins/Experimental/CharacterAI/CharacterAI.uplugin" 217
"../../../Engine/Plugins/Experimental/ChaosUserDataPT/ChaosUserDataPT.uplugin" 218
"../../../Engine/Plugins/Experimental/CodeEditor/CodeEditor.uplugin" 219
"../../../Engine/Plugins/Experimental/Chooser/Chooser.uplugin" 220
"../../../Engine/Plugins/Experimental/CinematicPrestreaming/CinematicPrestreaming.uplugin" 221
"../../../Engine/Plugins/Experimental/ColorCorrectRegions/ColorCorrectRegions.uplugin" 222
"../../../Engine/Plugins/Experimental/CineCameraRigs/CineCameraRigs.uplugin" 223
"../../../Engine/Plugins/Experimental/CodeView/CodeView.uplugin" 224
"../../../Engine/Plugins/Experimental/CommonUI/CommonUI.uplugin" 225
"../../../Engine/Plugins/Experimental/ControlFlows/ControlFlows.uplugin" 226
"../../../Engine/Plugins/Experimental/FieldSystemPlugin/FieldSystemPlugin.uplugin" 227
"../../../Engine/Plugins/Experimental/CommonConversation/CommonConversation.uplugin" 228
"../../../Engine/Plugins/Experimental/DefaultInstallBundleManager/DefaultInstallBundleManager.uplugin" 229
"../../../Engine/Plugins/Experimental/Dataflow/Dataflow.uplugin" 230
"../../../Engine/Plugins/Experimental/Fracture/Fracture.uplugin" 231
"../../../Engine/Plugins/Experimental/FullBodyIK/FullBodyIK.uplugin" 232
"../../../Engine/Plugins/Experimental/GameplayTargetingSystem/TargetingSystem.uplugin" 233
"../../../Engine/Plugins/Experimental/GameplayBehaviors/GameplayBehaviors.uplugin" 234
"../../../Engine/Plugins/Experimental/GameFeatures/GameFeatures.uplugin" 235
"../../../Engine/Plugins/Experimental/Gauntlet/Gauntlet.uplugin" 236
"../../../Engine/Plugins/Experimental/GeometryCacheAbcFile/GeometryCacheAbcFile.uplugin" 237
"../../../Engine/Plugins/Experimental/GeometryCollectionPlugin/GeometryCollectionPlugin.uplugin" 238
"../../../Engine/Plugins/Experimental/GPULightmass/GPULightmass.uplugin" 239
"../../../Engine/Plugins/Experimental/GizmoFramework/GizmoFramework.uplugin" 240
"../../../Engine/Plugins/Experimental/GizmoEdMode/GizmoEdMode.uplugin" 241
"../../../Engine/Plugins/Experimental/GeometryFlow/GeometryFlow.uplugin" 242
"../../../Engine/Plugins/Experimental/HairModelingToolset/HairModelingToolset.uplugin" 243
"../../../Engine/Plugins/Experimental/LandscapePatch/LandscapePatch.uplugin" 244
"../../../Engine/Plugins/Experimental/Iris/Iris.uplugin" 245
"../../../Engine/Plugins/Experimental/Landmass/Landmass.uplugin" 246
"../../../Engine/Plugins/Experimental/LiveLinkFaceImporter/LiveLinkFaceImporter.uplugin" 247
"../../../Engine/Plugins/Experimental/ImpostorBaker/ImpostorBaker.uplugin" 248
"../../../Engine/Plugins/Experimental/GeometryScripting/GeometryScripting.uplugin" 249
"../../../Engine/Plugins/Experimental/ImagePlate/ImagePlate.uplugin" 250
"../../../Engine/Plugins/Experimental/JWT/JWT.uplugin" 251
"../../../Engine/Plugins/Experimental/MeshLODToolset/MeshLODToolset.uplugin" 252
"../../../Engine/Plugins/Experimental/ModularGameplay/ModularGameplay.uplugin" 253
"../../../Engine/Plugins/Experimental/LiveLinkControlRig/LiveLinkControlRig.uplugin" 254
"../../../Engine/Plugins/Experimental/MeshModelingToolsetExp/MeshModelingToolsetExp.uplugin" 255
"../../../Engine/Plugins/Experimental/Mutable/Mutable.uplugin" 256
"../../../Engine/Plugins/Experimental/MotoSynth/MotoSynth.uplugin" 257
"../../../Engine/Plugins/Experimental/MotorSimOutputMotoSynth/MotorSimOutputMotoSynth.uplugin" 258
"../../../Engine/Plugins/Experimental/NaniteDisplacedMesh/NaniteDisplacedMesh.uplugin" 259
"../../../Engine/Plugins/Experimental/OpenImageDenoise/OpenImageDenoise.uplugin" 260
"../../../Engine/Plugins/Experimental/NNE/NNE.uplugin" 261
"../../../Engine/Plugins/Experimental/NNI/NeuralNetworkInference.uplugin" 262
"../../../Engine/Plugins/Experimental/PanoramicCapture/PanoramicCapture.uplugin" 263
"../../../Engine/Plugins/Experimental/PCG/PCG.uplugin" 264
"../../../Engine/Plugins/Experimental/OptiXDenoise/OptiXDenoise.uplugin" 265
"../../../Engine/Plugins/Experimental/PhysicsControl/PhysicsControl.uplugin" 266
"../../../Engine/Plugins/Experimental/PixelStreamingPlayer/PixelStreamingPlayer.uplugin" 267
"../../../Engine/Plugins/Experimental/PCGGeometryScriptInterop/PCGGeometryScriptInterop.uplugin" 268
"../../../Engine/Plugins/Experimental/PlatformCrypto/PlatformCrypto.uplugin" 269
"../../../Engine/Plugins/Experimental/PlanarCutPlugin/PlanarCut.uplugin" 270
"../../../Engine/Plugins/Experimental/ProxyLODPlugin/ProxyLODPlugin.uplugin" 271
"../../../Engine/Plugins/Experimental/PythonFoundationPackages/PythonFoundationPackages.uplugin" 272
"../../../Engine/Plugins/Experimental/PythonScriptPlugin/PythonScriptPlugin.uplugin" 273
"../../../Engine/Plugins/Experimental/RemoteSession/RemoteSession.uplugin" 274
"../../../Engine/Plugins/Experimental/RenderGrid/RenderGrid.uplugin" 275
"../../../Engine/Plugins/Experimental/RawInput/RawInput.uplugin" 276
"../../../Engine/Plugins/Experimental/SampleToolsEditorMode/SampleToolsEditorMode.uplugin" 277
"../../../Engine/Plugins/Experimental/ScreenReader/ScreenReader.uplugin" 278
"../../../Engine/Plugins/Experimental/ScriptableToolsFramework/ScriptableToolsFramework.uplugin" 279
"../../../Engine/Plugins/Experimental/ScriptableToolsEditorMode/ScriptableToolsEditorMode.uplugin" 280
"../../../Engine/Plugins/Experimental/SkeletalReduction/SkeletalReduction.uplugin" 281
"../../../Engine/Plugins/Experimental/SlateScreenReader/SlateScreenReader.uplugin" 282
"../../../Engine/Plugins/Experimental/Shotgrid/Shotgrid.uplugin" 283
"../../../Engine/Plugins/Experimental/SimpleHMD/SimpleHMD.uplugin" 284
"../../../Engine/Plugins/Experimental/StaticMeshEditorModeling/StaticMeshEditorModeling.uplugin" 285
"../../../Engine/Plugins/Experimental/TetMeshing/TetMeshing.uplugin" 286
"../../../Engine/Plugins/Experimental/StructUtils/StructUtils.uplugin" 287
"../../../Engine/Plugins/Experimental/Text3D/Text3D.uplugin" 288
"../../../Engine/Plugins/Experimental/TextureMediaPlayer/TextureMediaPlayer.uplugin" 289
"../../../Engine/Plugins/Experimental/ToolPresets/ToolPresets.uplugin" 290
"../../../Engine/Plugins/Experimental/TextToSpeech/TextToSpeech.uplugin" 291
"../../../Engine/Plugins/Experimental/UserToolBoxBasicCommand/UserToolBoxBasicCommand.uplugin" 292
"../../../Engine/Plugins/Experimental/UIFramework/UIFramework.uplugin" 293
"../../../Engine/Plugins/Experimental/TypedElementsDataStorage/TypedElementsDataStorage.uplugin" 294
"../../../Engine/Plugins/Experimental/UserToolBoxCore/UserToolBoxCore.uplugin" 295
"../../../Engine/Plugins/Experimental/VirtualCamera/VirtualCamera.uplugin" 296
"../../../Engine/Plugins/Experimental/UVEditor/UVEditor.uplugin" 297
"../../../Engine/Plugins/Experimental/VirtualHeightfieldMesh/VirtualHeightfieldMesh.uplugin" 298
"../../../Engine/Plugins/Experimental/VirtualProductionUtilities/VirtualProductionUtilities.uplugin" 299
"../../../Engine/Plugins/Experimental/VirtualCameraCore/VirtualCameraCore.uplugin" 300
"../../../Engine/Plugins/Experimental/Volumetrics/Volumetrics.uplugin" 301
"../../../Engine/Plugins/Experimental/WaterExtras/WaterExtras.uplugin" 302
"../../../Engine/Plugins/Experimental/VirtualScouting/VirtualScouting.uplugin" 303
"../../../Engine/Plugins/Experimental/WebSocketNetworking/WebSocketNetworking.uplugin" 304
"../../../Engine/Plugins/Experimental/Water/Water.uplugin" 305
"../../../Engine/Plugins/Experimental/XRCreativeFramework/XRCreativeFramework.uplugin" 306
"../../../Engine/Plugins/Media/AndroidCamera/AndroidCamera.uplugin" 307
"../../../Engine/Plugins/Media/AppleProResMedia/AppleProResMedia.uplugin" 308
"../../../Engine/Plugins/Media/AjaMedia/AjaMedia.uplugin" 309
"../../../Engine/Plugins/Media/AndroidMedia/AndroidMedia.uplugin" 310
"../../../Engine/Plugins/Experimental/WaveFunctionCollapse/WaveFunctionCollapse.uplugin" 311
"../../../Engine/Plugins/Experimental/WidgetEditorToolPalette/WidgetEditorToolPalette.uplugin" 312
"../../../Engine/Plugins/Media/AvfMedia/AvfMedia.uplugin" 313
"../../../Engine/Plugins/Media/AudioCaptureTimecodeProvider/AudioCaptureTimecodeProvider.uplugin" 314
"../../../Engine/Plugins/Media/BinkMedia/BinkMedia.uplugin" 315
"../../../Engine/Plugins/Media/BlackmagicMedia/BlackmagicMedia.uplugin" 316
"../../../Engine/Plugins/Media/AvidDNxMedia/AvidDNxMedia.uplugin" 317
"../../../Engine/Plugins/Media/ElectraCDM/ElectraCDM.uplugin" 318
"../../../Engine/Plugins/Media/ElectraPlayer/ElectraPlayer.uplugin" 319
"../../../Engine/Plugins/Media/HAPMedia/HAPMedia.uplugin" 320
"../../../Engine/Plugins/Media/ElectraUtil/ElectraUtil.uplugin" 321
"../../../Engine/Plugins/Media/HardwareEncoders/HardwareEncoders.uplugin" 322
"../../../Engine/Plugins/Media/HLMedia/HLMedia.uplugin" 323
"../../../Engine/Plugins/Media/ElectraSubtitles/ElectraSubtitles.uplugin" 324
"../../../Engine/Plugins/Media/LinearTimecode/LinearTimecode.uplugin" 325
"../../../Engine/Plugins/Media/MediaCompositing/MediaCompositing.uplugin" 326
"../../../Engine/Plugins/Media/MediaFrameworkUtilities/MediaFrameworkUtilities.uplugin" 327
"../../../Engine/Plugins/Media/ImgMedia/ImgMedia.uplugin" 328
"../../../Engine/Plugins/Media/MediaMovieStreamer/MediaMovieStreamer.uplugin" 329
"../../../Engine/Plugins/Media/MfMedia/MfMedia.uplugin" 330
"../../../Engine/Plugins/Media/MediaIOFramework/MediaIOFramework.uplugin" 331
"../../../Engine/Plugins/Media/PixelCapture/PixelCapture.uplugin" 332
"../../../Engine/Plugins/Media/MediaPlayerEditor/MediaPlayerEditor.uplugin" 333
"../../../Engine/Plugins/Media/MediaPlate/MediaPlate.uplugin" 334
"../../../Engine/Plugins/Media/WebMMedia/WebMMedia.uplugin" 335
"../../../Engine/Plugins/Media/PixelStreaming/PixelStreaming.uplugin" 336
"../../../Engine/Plugins/AI/AISupport/AISupport.uplugin" 337
"../../../Engine/Plugins/AI/EnvironmentQueryEditor/EnvironmentQueryEditor.uplugin" 338
"../../../Engine/Plugins/Media/TimecodeSynchronizer/TimecodeSynchronizer.uplugin" 339
"../../../Engine/Plugins/Media/WmfMedia/WmfMedia.uplugin" 340
"../../../Engine/Plugins/AI/MassAI/MassAI.uplugin" 341
"../../../Engine/Plugins/AI/MassCrowd/MassCrowd.uplugin" 342
"../../../Engine/Plugins/Animation/AnimationWarping/AnimationWarping.uplugin" 343
"../../../Engine/Plugins/Animation/AnimationLocomotionLibrary/AnimationLocomotionLibrary.uplugin" 344
"../../../Engine/Plugins/AI/HTNPlanner/HTNPlanner.uplugin" 345
"../../../Engine/Plugins/AI/MLAdapter/MLAdapter.uplugin" 346
"../../../Engine/Plugins/Animation/AnimationData/AnimationData.uplugin" 347
"../../../Engine/Plugins/Animation/AnimToTexture/AnimToTexture.uplugin" 348
"../../../Engine/Plugins/Animation/ControlRig/ControlRig.uplugin" 349
"../../../Engine/Plugins/Animation/AnimationModifierLibrary/AnimationModifierLibrary.uplugin" 350
"../../../Engine/Plugins/Animation/ControlRigSpline/ControlRigSpline.uplugin" 351
"../../../Engine/Plugins/Animation/BlendSpaceMotionAnalysis/BlendSpaceMotionAnalysis.uplugin" 352
"../../../Engine/Plugins/Animation/IKRig/IKRig.uplugin" 353
"../../../Engine/Plugins/Animation/DeformerGraph/DeformerGraph.uplugin" 354
"../../../Engine/Plugins/Animation/LiveLinkCurveDebugUI/LiveLinkCurveDebugUI.uplugin" 355
"../../../Engine/Plugins/Animation/GameplayInsights/GameplayInsights.uplugin" 356
"../../../Engine/Plugins/Animation/LiveLink/LiveLink.uplugin" 357
"../../../Engine/Plugins/NetcodeUnitTest/NUTUnrealEngine/NUTUnrealEngine.uplugin" 358
"../../../Engine/Plugins/Messaging/MessagingDebugger/MessagingDebugger.uplugin" 359
"../../../Engine/Plugins/Animation/RigLogic/RigLogic.uplugin" 360
"../../../Engine/Plugins/Animation/MotionWarping/MotionWarping.uplugin" 361
"../../../Engine/Plugins/Messaging/TcpMessaging/TcpMessaging.uplugin" 362
"../../../Engine/Plugins/Tests/FunctionalTestingEditor/FunctionalTestingEditor.uplugin" 363
"../../../Engine/Plugins/Tests/AutomationDriverTests/AutomationDriverTests.uplugin" 364
"../../../Engine/Plugins/NetcodeUnitTest/NetcodeUnitTest/NetcodeUnitTest.uplugin" 365
"../../../Engine/Plugins/Tests/FbxAutomationTestBuilder/FbxAutomationTestBuilder.uplugin" 366
"../../../Engine/Plugins/Messaging/UdpMessaging/UdpMessaging.uplugin" 367
"../../../Engine/Plugins/Tests/InterchangeTests/InterchangeTests.uplugin" 368
"../../../Engine/Plugins/Tests/EditorTests/EditorTests.uplugin" 369
"../../../Engine/Plugins/Tests/PythonAutomationTest/PythonAutomationTest.uplugin" 370
"../../../Engine/Plugins/Tests/RHITests/RHITests.uplugin" 371
"../../../Engine/Plugins/Tests/RuntimeTests/RuntimeTests.uplugin" 372
"../../../Engine/Plugins/Cameras/GameplayCameras/GameplayCameras.uplugin" 373
"../../../Engine/Plugins/Cameras/CameraShakePreviewer/CameraShakePreviewer.uplugin" 374
"../../../Engine/Plugins/Tests/TestSamples/TestSamples.uplugin" 375
"../../../Engine/Plugins/Online/OnlineFramework/OnlineFramework.uplugin" 376
"../../../Engine/Plugins/Online/OnlineBase/OnlineBase.uplugin" 377
"../../../Engine/Plugins/Online/EOSShared/EOSShared.uplugin" 378
"../../../Engine/Plugins/Online/OnlineServices/OnlineServices.uplugin" 379
"../../../Engine/Plugins/Online/OnlineServicesNull/OnlineServicesNull.uplugin" 380
"../../../Engine/Plugins/Online/OnlineServicesEOS/OnlineServicesEOS.uplugin" 381
"../../../Engine/Plugins/Online/OnlineServicesEOSGS/OnlineServicesEOSGS.uplugin" 382
"../../../Engine/Plugins/Online/OnlineSubsystem/OnlineSubsystem.uplugin" 383
"../../../Engine/Plugins/Online/OnlineServicesOSSAdapter/OnlineServicesOSSAdapter.uplugin" 384
"../../../Engine/Plugins/Online/OnlineSubsystemNull/OnlineSubsystemNull.uplugin" 385
"../../../Engine/Plugins/Online/OnlineSubsystemAmazon/OnlineSubsystemAmazon.uplugin" 386
"../../../Engine/Plugins/Online/OnlineSubsystemApple/OnlineSubsystemApple.uplugin" 387
"../../../Engine/Plugins/Online/OnlineSubsystemGoogle/OnlineSubsystemGoogle.uplugin" 388
"../../../Engine/Plugins/Online/OnlineSubsystemFacebook/OnlineSubsystemFacebook.uplugin" 389
"../../../Engine/Plugins/Online/OnlineSubsystemEOS/OnlineSubsystemEOS.uplugin" 390
"../../../Engine/Plugins/Online/OnlineSubsystemSteam/OnlineSubsystemSteam.uplugin" 391
"../../../Engine/Plugins/Online/OnlineSubsystemUtils/OnlineSubsystemUtils.uplugin" 392
"../../../Engine/Plugins/Online/OnlineSubsystemOculus/OnlineSubsystemOculus.uplugin" 393
"../../../Engine/Plugins/Online/SocketSubsystemEOS/SocketSubsystemEOS.uplugin" 394
"../../../Engine/Plugins/Online/OnlineSubsystemTencent/OnlineSubsystemTencent.uplugin" 395
"../../../Engine/Plugins/Online/WebAuth/WebAuth.uplugin" 396
"../../../Engine/Plugins/Editor/AssetManagerEditor/AssetManagerEditor.uplugin" 397
"../../../Engine/Plugins/Editor/AssetReferenceRestrictions/AssetReferenceRestrictions.uplugin" 398
"../../../Engine/Plugins/Editor/AssetRegistryExport/AssetRegistryExport.uplugin" 399
"../../../Engine/Plugins/Editor/BlueprintHeaderView/BlueprintHeaderView.uplugin" 400
"../../../Engine/Plugins/Editor/BlueprintMaterialTextureNodes/BlueprintMaterialTextureNodes.uplugin" 401
"../../../Engine/Plugins/Editor/AssetSearch/AssetSearch.uplugin" 402
"../../../Engine/Plugins/Editor/ChangelistReview/ChangelistReview.uplugin" 403
"../../../Engine/Plugins/Editor/DataValidation/DataValidation.uplugin" 404
"../../../Engine/Plugins/Editor/CurveEditorTools/CurveEditorTools.uplugin" 405
"../../../Engine/Plugins/Editor/DisplayClusterLaunch/DisplayClusterLaunch.uplugin" 406
"../../../Engine/Plugins/Editor/ConsoleVariablesEditor/ConsoleVariables.uplugin" 407
"../../../Engine/Plugins/Editor/EditorDebugTools/EditorDebugTools.uplugin" 408
"../../../Engine/Plugins/Editor/EditorScriptingUtilities/EditorScriptingUtilities.uplugin" 409
"../../../Engine/Plugins/Editor/CryptoKeys/CryptoKeys.uplugin" 410
"../../../Engine/Plugins/Editor/GLTFImporter/GLTFImporter.uplugin" 411
"../../../Engine/Plugins/Editor/GameplayTagsEditor/GameplayTagsEditor.uplugin" 412
"../../../Engine/Plugins/Editor/FacialAnimation/FacialAnimation.uplugin" 413
"../../../Engine/Plugins/Editor/EngineAssetDefinitions/EngineAssetDefinitions.uplugin" 414
"../../../Engine/Plugins/Editor/GeometryMode/GeometryMode.uplugin" 415
"../../../Engine/Plugins/Editor/LiveUpdateForSlate/LiveUpdateForSlate.uplugin" 416
"../../../Engine/Plugins/Editor/MacGraphicsSwitching/MacGraphicsSwitching.uplugin" 417
"../../../Engine/Plugins/Editor/MakeCookedEditorAsDLC/MakeCookedEditorAsDLC.uplugin" 418
"../../../Engine/Plugins/Editor/ModelingToolsEditorMode/ModelingToolsEditorMode.uplugin" 419
"../../../Engine/Plugins/Editor/MobileLauncherProfileWizard/MobileLauncherProfileWizard.uplugin" 420
"../../../Engine/Plugins/Editor/GuidedTutorials/GuidedTutorials.uplugin" 421
"../../../Engine/Plugins/Editor/MaterialAnalyzer/MaterialAnalyzer.uplugin" 422
"../../../Engine/Plugins/Editor/PluginBrowser/PluginBrowser.uplugin" 423
"../../../Engine/Plugins/Editor/WorldPartitionHLODUtilities/WorldPartitionHLODUtilities.uplugin" 424
"../../../Engine/Plugins/Editor/WaveformEditor/WaveformEditor.uplugin" 425
"../../../Engine/Plugins/Editor/StylusInput/StylusInput.uplugin" 426
"../../../Engine/Plugins/Editor/SequencerAnimTools/SequencerAnimTools.uplugin" 427
"../../../Engine/Plugins/Editor/SpeedTreeImporter/SpeedTreeImporter.uplugin" 428
"../../../Engine/Plugins/Slate/SlateScripting/SlateScripting.uplugin" 429
"../../../Engine/Plugins/FX/ExampleCustomDataInterface/ExampleCustomDataInterface.uplugin" 430
"../../../Engine/Plugins/FX/CascadeToNiagaraConverter/CascadeToNiagaraConverter.uplugin" 431
"../../../Engine/Plugins/FX/NiagaraSimCaching/NiagaraSimCaching.uplugin" 432
"../../../Engine/Plugins/FX/Niagara/Niagara.uplugin" 433
"../../../Engine/Plugins/MovieScene/LevelSequenceEditor/LevelSequenceEditor.uplugin" 434
"../../../Engine/Plugins/Slate/SlateInsights/SlateInsights.uplugin" 435
"../../../Engine/Plugins/FX/NiagaraFluids/NiagaraFluids.uplugin" 436
"../../../Engine/Plugins/Portal/LauncherChunkInstaller/LauncherChunkInstaller.uplugin" 437
"../../../Engine/Plugins/MovieScene/ActorSequence/ActorSequence.uplugin" 438
"../../../Engine/Plugins/MovieScene/MoviePipelineMaskRenderPass/MoviePipelineMaskRenderPass.uplugin" 439
"../../../Engine/Plugins/MovieScene/CustomizableSequencerTracks/CustomizableSequencerTracks.uplugin" 440
"../../../Engine/Plugins/MovieScene/MovieRenderPipeline/MovieRenderPipeline.uplugin" 441
"../../../Engine/Plugins/MovieScene/TemplateSequence/TemplateSequence.uplugin" 442
"../../../Engine/Plugins/MovieScene/SequencerScripting/SequencerScripting.uplugin" 443
"../../../Engine/Plugins/Compression/OodleNetwork/OodleNetwork.uplugin" 444
"../../../Engine/Plugins/MovieScene/ReplayTracks/ReplayTracks.uplugin" 445
"../../../Engine/Plugins/Runtime/Database/DatabaseSupport/DatabaseSupport.uplugin" 446
"../../../Engine/Plugins/Runtime/Database/SQLiteCore/SQLiteCore.uplugin" 447
"../../../Engine/Plugins/Marketplace/Nvidia/DLSS/DLSS.uplugin" 448
"../../../Engine/Plugins/Runtime/Steam/SteamAudio/SteamAudio.uplugin" 449
"../../../Engine/Plugins/Runtime/Database/RemoteDatabaseSupport/RemoteDatabaseSupport.uplugin" 450
"../../../Engine/Plugins/Runtime/Database/ADOSupport/ADOSupport.uplugin" 451
"../../../Engine/Plugins/Runtime/Steam/SteamController/SteamController.uplugin" 452
"../../../Engine/Plugins/Runtime/Steam/SteamShared/SteamShared.uplugin" 453
"../../../Engine/Plugins/Runtime/Database/SQLiteSupport/SQLiteSupport.uplugin" 454
"../../../Engine/Plugins/Marketplace/Nvidia/NIS/NIS.uplugin" 455
"../../../Engine/Plugins/Runtime/Advertising/IOSTapJoy/IOSTapJoy.uplugin" 456
"../../../Engine/Plugins/Editor/ObjectMixer/LightMixer/LightMixer.uplugin" 457
"../../../Engine/Plugins/Marketplace/Nvidia/DLSSMoviePipelineSupport/DLSSMoviePipelineSupport.uplugin" 458
"../../../Engine/Plugins/Marketplace/Nvidia/Streamline/Streamline.uplugin" 459
"../../../Engine/Plugins/Runtime/Nvidia/GeForceNOWWrapper/GeForceNOWWrapper.uplugin" 460
"../../../Engine/Plugins/Runtime/Nvidia/Reflex/Reflex.uplugin" 461
"../../../Engine/Plugins/Runtime/Steam/SteamSockets/SteamSockets.uplugin" 462
"../../../Engine/Plugins/Runtime/Oculus/OculusAudio/OculusAudio.uplugin" 463
"../../../Engine/Plugins/Runtime/Steam/SteamVR/SteamVR.uplugin" 464
"../../../Engine/Plugins/Runtime/Oculus/OculusVR/OculusVR.uplugin" 465
"../../../Engine/Plugins/Marketplace/Nvidia/StreamlineDeepDVC/StreamlineDeepDVC.uplugin" 466
"../../../Engine/Plugins/Editor/ObjectMixer/ObjectMixer/ObjectMixer.uplugin" 467
"../../../Engine/Plugins/Experimental/Enterprise/DatasmithRuntime/DatasmithRuntime.uplugin" 468
"../../../Engine/Plugins/Experimental/Enterprise/DataprepGeometryOperations/DataprepGeometryOperations.uplugin" 469
"../../../Engine/Plugins/Experimental/Enterprise/DatasmithInterchange/DatasmithInterchange.uplugin" 470
"../../../Engine/Plugins/Experimental/AVCodecs/AVCodecsCore/AVCodecsCore.uplugin" 471
"../../../Engine/Plugins/Experimental/VirtualProduction/VPRoles/VPRoles.uplugin" 472
"../../../Engine/Plugins/Experimental/AVCodecs/AMFCodecs/AMFCodecs.uplugin" 473
"../../../Engine/Plugins/Experimental/VirtualProduction/VPSettings/VPSettings.uplugin" 474
"../../../Engine/Plugins/Experimental/AVCodecs/NVCodecs/NVCodecs.uplugin" 475
"../../../Engine/Plugins/Runtime/Analytics/Adjust/Adjust.uplugin" 476
"../../../Engine/Plugins/Experimental/AVCodecs/WMFCodecs/WMFCodecs.uplugin" 477
"../../../Engine/Plugins/Marketplace/Developer/RiderLink/RiderLink.uplugin" 478
"../../../Engine/Plugins/Experimental/VirtualProduction/LedWallCalibration/LedWallCalibration.uplugin" 479
"../../../Engine/Plugins/Runtime/Analytics/AnalyticsBlueprintLibrary/AnalyticsBlueprintLibrary.uplugin" 480
"../../../Engine/Plugins/Runtime/Analytics/Flurry/Flurry.uplugin" 481
"../../../Engine/Plugins/Runtime/Analytics/AnalyticsMulticast/AnalyticsMulticast.uplugin" 482
"../../../Engine/Plugins/Runtime/Analytics/FileLogging/FileLogging.uplugin" 483
"../../../Engine/Plugins/Experimental/Animation/CurveExpression/CurveExpression.uplugin" 484
"../../../Engine/Plugins/Experimental/Animation/MotionTrajectory/MotionTrajectory.uplugin" 485
"../../../Engine/Plugins/Experimental/Animation/ContextualAnimation/ContextualAnimation.uplugin" 486
"../../../Engine/Plugins/Experimental/Animation/PoseSearch/PoseSearch.uplugin" 487
"../../../Engine/Plugins/Experimental/Animation/PoseCorrectives/PoseCorrectives.uplugin" 488
"../../../Engine/Plugins/Experimental/Animation/Optimus/Optimus.uplugin" 489
"../../../Engine/Plugins/Online/Android/AndroidFetchBackgroundDownload/AndroidFetchBackgroundDownload.uplugin" 490
"../../../Engine/Plugins/Developer/Concert/ConcertMain/ConcertMain.uplugin" 491
"../../../Engine/Plugins/Experimental/Animation/SkeletalMeshModelingTools/SkeletalMeshModelingTools.uplugin" 492
"../../../Engine/Plugins/Online/Android/OnlineSubsystemGooglePlay/OnlineSubsystemGooglePlay.uplugin" 493
"../../../Engine/Plugins/Runtime/Windows/WinDualShock/WinDualShock.uplugin" 494
"../../../Engine/Plugins/Experimental/CharacterFXEditor/ExampleCharacterFXEditor/ExampleCharacterFXEditor.uplugin" 495
"../../../Engine/Plugins/Experimental/AR/PointCloud/PointCloud.uplugin" 496
"../../../Engine/Plugins/Experimental/CharacterFXEditor/BaseCharacterFXEditor/BaseCharacterFXEditor.uplugin" 497
"../../../Engine/Plugins/Online/VoiceChat/EOSVoiceChat/EOSVoiceChat.uplugin" 498
"../../../Engine/Plugins/Runtime/XR/XRVisualization/XRVisualization.uplugin" 499
"../../../Engine/Plugins/Animation/MLDeformer/MLDeformerFramework/MLDeformerFramework.uplugin" 500
"../../../Engine/Plugins/Online/VoiceChat/VoiceChat/VoiceChat.uplugin" 501
"../../../Engine/Plugins/Animation/MLDeformer/NearestNeighborModel/NearestNeighborModel.uplugin" 502
"../../../Engine/Plugins/Animation/MLDeformer/VertexDeltaModel/VertexDeltaModel.uplugin" 503
"../../../Engine/Plugins/Animation/MLDeformer/NeuralMorphModel/NeuralMorphModel.uplugin" 504
"../../../Engine/Plugins/VirtualProduction/DMX/DMXControlConsole/DMXControlConsole.uplugin" 505
"../../../Engine/Plugins/Online/IOS/OnlineSubsystemIOS/OnlineSubsystemIOS.uplugin" 506
"../../../Engine/Plugins/VirtualProduction/DMX/DatasmithMVR/DatasmithMVR.uplugin" 507
"../../../Engine/Plugins/VirtualProduction/DMX/DMXEngine/DMXEngine.uplugin" 508
"../../../Engine/Plugins/VirtualProduction/DMX/DMXFixtures/DMXFixtures.uplugin" 509
"../../../Engine/Plugins/VirtualProduction/DMX/DMXModularFeatures/DMXModularFeatures.uplugin" 510
"../../../Engine/Plugins/VirtualProduction/DMX/DMXDisplayCluster/DMXDisplayCluster.uplugin" 511
"../../../Engine/Plugins/VirtualProduction/DMX/DMXPixelMapping/DMXPixelMapping.uplugin" 512
"../../../Engine/Plugins/Runtime/AR/ARUtilities/ARUtilities.uplugin" 513
"../../../Engine/Plugins/VirtualProduction/DMX/DMXProtocol/DMXProtocol.uplugin" 514
"../../../Engine/Plugins/Runtime/AR/AzureSpatialAnchorsForARKit/AzureSpatialAnchorsForARKit.uplugin" 515
"../../../Engine/Plugins/Runtime/AR/AzureSpatialAnchors/AzureSpatialAnchors.uplugin" 516
"../../../Engine/Plugins/Runtime/AR/AzureSpatialAnchorsForARCore/AzureSpatialAnchorsForARCore.uplugin" 517
"../../../Engine/Plugins/Runtime/PacketHandlers/AESHandlerComponent/AESHandlerComponent.uplugin" 518
"../../../Engine/Plugins/Experimental/Web/WebAPI/WebAPI.uplugin" 519
"../../../Engine/Plugins/Runtime/PacketHandlers/DTLSHandlerComponent/DTLSHandlerComponent.uplugin" 520
"../../../Engine/Plugins/Editor/ContentBrowser/ContentBrowserFileDataSource/ContentBrowserFileDataSource.uplugin" 521
"../../../Engine/Plugins/Runtime/PacketHandlers/AESGCMHandlerComponent/AESGCMHandlerComponent.uplugin" 522
"../../../Engine/Plugins/VirtualProduction/Rivermax/RivermaxCore/RivermaxCore.uplugin" 523
"../../../Engine/Plugins/VirtualProduction/Rivermax/RivermaxMedia/RivermaxMedia.uplugin" 524
"../../../Engine/Plugins/Editor/ContentBrowser/ContentBrowserClassDataSource/ContentBrowserClassDataSource.uplugin" 525
"../../../Engine/Plugins/Editor/ContentBrowser/ContentBrowserAssetDataSource/ContentBrowserAssetDataSource.uplugin" 526
"../../../Engine/Plugins/Runtime/MeshReconstruction/DummyMeshReconstructor/DummyMeshReconstructor.uplugin" 527
"../../../Engine/Plugins/Developer/Concert/ConcertSync/ConcertSyncTest/ConcertSyncTest.uplugin" 528
"../../../Engine/Plugins/Editor/ContentBrowser/ContentBrowserAliasDataSoure/ContentBrowserAliasDataSource.uplugin" 529
"../../../Engine/Plugins/Developer/Concert/ConcertSync/ConcertSyncServer/ConcertSyncServer.uplugin" 530
"../../../Engine/Plugins/Developer/Concert/ConcertUI/ConcertSharedSlate/ConcertSharedSlate.uplugin" 531
"../../../Engine/Plugins/Developer/Concert/ConcertUI/ConcertClientSharedSlate/ConcertClientSharedSlate.uplugin" 532
"../../../Engine/Plugins/Developer/Concert/ConcertSync/ConcertSyncClient/ConcertSyncClient.uplugin" 533
"../../../Engine/Plugins/Developer/Concert/ConcertApp/MultiUserServer/MultiUserServer.uplugin" 534
"../../../Engine/Plugins/Runtime/AR/AppleAR/AppleARKitFaceSupport/AppleARKitFaceSupport.uplugin" 535
"../../../Engine/Plugins/Developer/Concert/ConcertSync/ConcertSyncCore/ConcertSyncCore.uplugin" 536
"../../../Engine/Plugins/Runtime/AR/Google/GoogleARCoreServices/GoogleARCoreServices.uplugin" 537
"../../../Engine/Plugins/Runtime/AR/AppleAR/AppleARKit/AppleARKit.uplugin" 538
"../../../Engine/Plugins/Developer/Concert/ConcertApp/DisasterRecoveryClient/DisasterRecoveryClient.uplugin" 539
"../../../Engine/Plugins/Developer/Concert/ConcertApp/MultiUserClient/MultiUserClient.uplugin" 540
"../../../Engine/Plugins/Runtime/AR/Google/GoogleARCore/GoogleARCore.uplugin" 541
"../../../Engine/Platforms/HoloLens/Plugins/Media/HLMedia/HLMedia_HoloLens.uplugin" 542
"../../../Engine/Platforms/HoloLens/Plugins/Runtime/OpenXR/OpenXR_HoloLens.uplugin" 543
"../../../Engine/Platforms/HoloLens/Plugins/Media/MfMedia/MfMedia_HoloLens.uplugin" 544
"../../../Engine/Platforms/HoloLens/Plugins/Runtime/ApexDestruction/ApexDestruction_HoloLens.uplugin" 545
"../../../Engine/Platforms/HoloLens/Plugins/Runtime/AR/AzureSpatialAnchors/AzureSpatialAnchors_HoloLens.uplugin" 546
"../../../Engine/Platforms/HoloLens/Plugins/Online/OnlineServicesEOS/OnlineServicesEOS_HoloLens.uplugin" 547
"../../../Engine/Platforms/HoloLens/Plugins/Media/BinkMedia/BinkMedia_HoloLens.uplugin" 548
"../../../Engine/Platforms/HoloLens/Plugins/Runtime/OpenXREyeTracker/OpenXREyeTracker_HoloLens.uplugin" 549
"../../../Engine/Platforms/HoloLens/Plugins/Runtime/OpenXRHandTracking/OpenXRHandTracking_HoloLens.uplugin" 550
"../../../Engine/Platforms/HoloLens/Plugins/Online/OnlineServicesEOSGS/OnlineServicesEOSGS_HoloLens.uplugin" 551
"../../../Engine/Platforms/HoloLens/Plugins/Runtime/MicrosoftSpatialAudio/MicroSoftSpatialSound_HoloLens.uplugin" 552
"../../../Engine/Platforms/HoloLens/Plugins/Compression/OodleNetwork/OodleNetwork_HoloLens.uplugin" 553
"../../../Engine/Platforms/HoloLens/Plugins/Runtime/OpenXRMsftHandInteraction/OpenXRMsftHandInteraction_HoloLens.uplugin" 554
"../../../Engine/Platforms/HoloLens/Plugins/Runtime/GeoReferencing/GeoReferencing_HoloLens.uplugin" 555
"../../../Engine/Content/Internationalization/icudt64l/cnvalias.icu" 556
"../../../Engine/Content/Internationalization/icudt64l/res_index.res" 557
"../../../Engine/Content/Internationalization/icudt64l/plurals.res" 558
"../../../Engine/Content/Internationalization/icudt64l/lang/it.res" 559
"../../../Engine/Content/Internationalization/icudt64l/lang/pool.res" 560
"../../../Engine/Content/Internationalization/icudt64l/lang/root.res" 561
"../../../Engine/Content/Internationalization/icudt64l/region/it.res" 562
"../../../Engine/Content/Internationalization/icudt64l/region/pool.res" 563
"../../../Engine/Content/Internationalization/icudt64l/region/root.res" 564
"../../../Engine/Content/Internationalization/icudt64l/lang/en.res" 565
"../../../Engine/Content/Internationalization/icudt64l/region/en.res" 566
"../../../Engine/Content/Internationalization/icudt64l/windowsZones.res" 567
"../../../Engine/Content/Internationalization/icudt64l/zoneinfo64.res" 568
"../../../Engine/Content/Internationalization/icudt64l/keyTypeData.res" 569
"../../../Engine/Content/Internationalization/icudt64l/timezoneTypes.res" 570
"../../../Engine/Content/Internationalization/icudt64l/likelySubtags.res" 571
"../../../Engine/Content/Internationalization/icudt64l/it_IT.res" 572
"../../../Engine/Content/Internationalization/icudt64l/pool.res" 573
"../../../Engine/Content/Internationalization/icudt64l/it.res" 574
"../../../Engine/Content/Internationalization/icudt64l/root.res" 575
"../../../Engine/Content/Internationalization/icudt64l/supplementalData.res" 576
"../../../Engine/Config/ConfigRedirects.ini" 577
"C:/Users/d.seerig/AppData/Local/UnrealEngine/5.2/Saved/Config/WindowsEditor/Manifest.ini" 578
"../../../Engine/Config/Base.ini" 579
"../../../Engine/Config/BaseEngine.ini" 580
"../../../Engine/Config/Mac/BaseMacEngine.ini" 581
"../../../Engine/Config/IOS/BaseIOSEngine.ini" 582
"../../../Engine/Config/Android/BaseAndroidEngine.ini" 583
"D:/Progetti/PurgatorySeaServer/Unreal Engine/PurgatorySea/Config/DefaultEngine.ini" 584
"../../../Engine/Config/Windows/BaseWindowsEngine.ini" 585
"../../../Engine/Config/IOS/IOSEngine.ini" 586
"../../../Engine/Config/Mac/MacEngine.ini" 587
"../../../Engine/Config/Android/AndroidEngine.ini" 588
"../../../Engine/Config/Linux/BaseLinuxEngine.ini" 589
"../../../Engine/Platforms/HoloLens/Config/BaseHoloLensEngine.ini" 590
"../../../Engine/Config/LinuxArm64/BaseLinuxArm64Engine.ini" 591
"../../../Engine/Config/Windows/WindowsEngine.ini" 592
"../../../Engine/Config/Unix/UnixEngine.ini" 593
"../../../Engine/Config/HoloLens/HoloLensEngine.ini" 594
"../../../Engine/Config/BaseGame.ini" 595
"../../../Engine/Config/Linux/LinuxEngine.ini" 596
"D:/Progetti/PurgatorySeaServer/Unreal Engine/PurgatorySea/Platforms/HoloLens/Config/HoloLensEngine.ini" 597
"../../../Engine/Config/LinuxArm64/LinuxArm64Engine.ini" 598
"D:/Progetti/PurgatorySeaServer/Unreal Engine/PurgatorySea/Config/DefaultGame.ini" 599
"../../../Engine/Config/TVOS/TVOSEngine.ini" 600
"../../../Engine/Config/IOS/BaseIOSGame.ini" 601
"../../../Engine/Config/Android/BaseAndroidGame.ini" 602
"../../../Engine/Config/Mac/MacGame.ini" 603
"D:/Progetti/PurgatorySeaServer/Unreal Engine/PurgatorySea/Saved/Config/WindowsEditor/Engine.ini" 604
"../../../Engine/Config/IOS/IOSGame.ini" 605
"../../../Engine/Config/Windows/WindowsGame.ini" 606
"../../../Engine/Config/BaseInput.ini" 607
"../../../Engine/Config/HoloLens/HoloLensGame.ini" 608
"../../../Engine/Config/Linux/LinuxGame.ini" 609
"D:/Progetti/PurgatorySeaServer/Unreal Engine/PurgatorySea/Config/DefaultInput.ini" 610
"D:/Progetti/PurgatorySeaServer/Unreal Engine/PurgatorySea/Saved/Config/WindowsEditor/Game.ini" 611
"../../../Engine/Config/BaseDeviceProfiles.ini" 612
"../../../Engine/Config/Windows/WindowsInput.ini" 613
"../../../Engine/Config/BaseGameUserSettings.ini" 614
"D:/Progetti/PurgatorySeaServer/Unreal Engine/PurgatorySea/Saved/Config/WindowsEditor/Input.ini" 615
"../../../Engine/Config/BaseScalability.ini" 616
"../../../Engine/Config/IOS/IOSScalability.ini" 617
"../../../Engine/Config/Android/AndroidScalability.ini" 618
"D:/Progetti/PurgatorySeaServer/Unreal Engine/PurgatorySea/Saved/Config/WindowsEditor/DeviceProfiles.ini" 619
"../../../Engine/Config/BaseRuntimeOptions.ini" 620
"../../../Engine/Config/BaseInstallBundle.ini" 621
"D:/Progetti/PurgatorySeaServer/Unreal Engine/PurgatorySea/Saved/Config/WindowsEditor/GameUserSettings.ini" 622
"../../../Engine/Config/Android/BaseAndroidInstallBundle.ini" 623
"../../../Engine/Config/BaseHardware.ini" 624
"D:/Progetti/PurgatorySeaServer/Unreal Engine/PurgatorySea/Saved/Config/WindowsEditor/Scalability.ini" 625
"D:/Progetti/PurgatorySeaServer/Unreal Engine/PurgatorySea/Saved/Config/WindowsEditor/RuntimeOptions.ini" 626
"D:/Progetti/PurgatorySeaServer/Unreal Engine/PurgatorySea/Saved/Config/WindowsEditor/InstallBundle.ini" 627
"D:/Progetti/PurgatorySeaServer/Unreal Engine/PurgatorySea/Saved/Config/WindowsEditor/Hardware.ini" 628
"../../../Engine/Config/BaseCompat.ini" 629
"D:/Progetti/PurgatorySeaServer/Unreal Engine/PurgatorySea/Saved/Config/WindowsEditor/Compat.ini" 630
"../../../Engine/Config/BaseLightmass.ini" 631
"D:/Progetti/PurgatorySeaServer/Unreal Engine/PurgatorySea/Saved/Config/WindowsEditor/Lightmass.ini" 632
"../../../Engine/Config/BaseEditor.ini" 633
"D:/Progetti/PurgatorySeaServer/Unreal Engine/PurgatorySea/Config/DefaultEditor.ini" 634
"D:/Progetti/PurgatorySeaServer/Unreal Engine/PurgatorySea/Saved/Config/WindowsEditor/Editor.ini" 635
"../../../Engine/Config/BaseEditorPerProjectUserSettings.ini" 636
"../../../Engine/Config/Windows/WindowsEditorPerProjectUserSettings.ini" 637
"D:/Progetti/PurgatorySeaServer/Unreal Engine/PurgatorySea/Saved/Config/WindowsEditor/EditorPerProjectUserSettings.ini" 638
"../../../Engine/Config/BaseEditorSettings.ini" 639
"C:/Users/d.seerig/AppData/Local/UnrealEngine/5.2/Saved/Config/WindowsEditor/EditorSettings.ini" 640
"../../../Engine/Config/BaseEditorKeyBindings.ini" 641
"C:/Users/d.seerig/AppData/Local/UnrealEngine/5.2/Saved/Config/WindowsEditor/EditorKeyBindings.ini" 642
"C:/Users/d.seerig/AppData/Local/UnrealEngine/5.2/Saved/Config/WindowsEditor/EditorLayout.ini" 643
"D:/Progetti/PurgatorySeaServer/Unreal Engine/PurgatorySea/Binaries/Win64/PurgatorySeaEditor-Win64-DebugGame.target" 644
"../../../Engine/Plugins/Bridge/Config/BaseBridge.ini" 645
"D:/Progetti/PurgatorySeaServer/Unreal Engine/PurgatorySea/Saved/Config/WindowsEditor/Bridge.ini" 646
"../../../Engine/Plugins/EnhancedInput/Config/BaseEnhancedInput.ini" 647
"D:/Progetti/PurgatorySeaServer/Unreal Engine/PurgatorySea/Saved/Config/WindowsEditor/EnhancedInput.ini" 648
"../../../Engine/Plugins/EnhancedInput/Config/Input.ini" 649
"../../../Engine/Plugins/TraceUtilities/Config/BaseTraceUtilities.ini" 650
"D:/Progetti/PurgatorySeaServer/Unreal Engine/PurgatorySea/Saved/Config/WindowsEditor/TraceUtilities.ini" 651
"../../../Engine/Plugins/Interchange/Runtime/Config/BaseInterchange.ini" 652
"D:/Progetti/PurgatorySeaServer/Unreal Engine/PurgatorySea/Saved/Config/WindowsEditor/Interchange.ini" 653
"../../../Engine/Plugins/2D/Paper2D/Config/BasePaper2D.ini" 654
"D:/Progetti/PurgatorySeaServer/Unreal Engine/PurgatorySea/Saved/Config/WindowsEditor/Paper2D.ini" 655
"../../../Engine/Plugins/Enterprise/GLTFExporter/Config/BaseGLTFExporter.ini" 656
"../../../Engine/Plugins/Enterprise/GLTFExporter/Config/DefaultGLTFExporter.ini" 657
"D:/Progetti/PurgatorySeaServer/Unreal Engine/PurgatorySea/Saved/Config/WindowsEditor/GLTFExporter.ini" 658
"../../../Engine/Plugins/Enterprise/VariantManagerContent/Config/BaseVariantManagerContent.ini" 659
"D:/Progetti/PurgatorySeaServer/Unreal Engine/PurgatorySea/Saved/Config/WindowsEditor/VariantManagerContent.ini" 660
"../../../Engine/Plugins/Enterprise/DatasmithContent/Config/BaseDatasmithContent.ini" 661
"D:/Progetti/PurgatorySeaServer/Unreal Engine/PurgatorySea/Saved/Config/WindowsEditor/DatasmithContent.ini" 662
"../../../Engine/Plugins/Runtime/InputDebugging/Config/Input.ini" 663
"../../../Engine/Plugins/Runtime/Metasound/Config/BaseMetasound.ini" 664
"D:/Progetti/PurgatorySeaServer/Unreal Engine/PurgatorySea/Saved/Config/WindowsEditor/Metasound.ini" 665
"../../../Engine/Plugins/Runtime/Synthesis/Config/BaseSynthesis.ini" 666
"D:/Progetti/PurgatorySeaServer/Unreal Engine/PurgatorySea/Saved/Config/WindowsEditor/Synthesis.ini" 667
"../../../Engine/Plugins/Developer/TraceDataFiltering/Config/BaseTraceDataFilters.ini" 668
"D:/Progetti/PurgatorySeaServer/Unreal Engine/PurgatorySea/Saved/Config/WindowsEditor/TraceDataFilters.ini" 669
"../../../Engine/Plugins/Experimental/FullBodyIK/Config/BaseFullBodyIK.ini" 670
"D:/Progetti/PurgatorySeaServer/Unreal Engine/PurgatorySea/Saved/Config/WindowsEditor/FullBodyIK.ini" 671
"../../../Engine/Plugins/Animation/ControlRig/Config/BaseControlRig.ini" 672
"D:/Progetti/PurgatorySeaServer/Unreal Engine/PurgatorySea/Saved/Config/WindowsEditor/ControlRig.ini" 673
"../../../Engine/Plugins/Animation/IKRig/Config/BaseIKRig.ini" 674
"D:/Progetti/PurgatorySeaServer/Unreal Engine/PurgatorySea/Saved/Config/WindowsEditor/IKRig.ini" 675
"../../../Engine/Plugins/Editor/EditorScriptingUtilities/Config/BaseEditorScriptingUtilities.ini" 676
"D:/Progetti/PurgatorySeaServer/Unreal Engine/PurgatorySea/Saved/Config/WindowsEditor/EditorScriptingUtilities.ini" 677
"../../../Engine/Plugins/FX/Niagara/Config/BaseNiagara.ini" 678
"D:/Progetti/PurgatorySeaServer/Unreal Engine/PurgatorySea/Saved/Config/WindowsEditor/Niagara.ini" 679
"../../../Engine/Plugins/Editor/ModelingToolsEditorMode/Binaries/Win64/UnrealEditor.modules" 680
"../../../Engine/Plugins/Runtime/MeshModelingToolset/Binaries/Win64/UnrealEditor.modules" 681
"../../../Engine/Plugins/Experimental/MeshModelingToolsetExp/Binaries/Win64/UnrealEditor.modules" 682
"../../../Engine/Plugins/Experimental/MeshLODToolset/Binaries/Win64/UnrealEditor.modules" 683
"../../../Engine/Plugins/Editor/StylusInput/Binaries/Win64/UnrealEditor.modules" 684
"../../../Engine/Plugins/Experimental/ToolPresets/Binaries/Win64/UnrealEditor.modules" 685
"../../../Engine/Plugins/Runtime/GeometryProcessing/Binaries/Win64/UnrealEditor.modules" 686
"../../../Engine/Plugins/Experimental/ProxyLODPlugin/Binaries/Win64/UnrealEditor.modules" 687
"../../../Engine/Plugins/Experimental/GeometryFlow/Binaries/Win64/UnrealEditor.modules" 688
"../../../Engine/Plugins/Editor/EditorScriptingUtilities/Binaries/Win64/UnrealEditor.modules" 689
"../../../Engine/Plugins/Bridge/Binaries/Win64/UnrealEditor.modules" 690
"../../../Engine/Plugins/EnhancedInput/Binaries/Win64/UnrealEditor.modules" 691
"../../../Engine/Plugins/FastBuildController/Binaries/Win64/UnrealEditor.modules" 692
"../../../Engine/Plugins/MeshPainting/Binaries/Win64/UnrealEditor.modules" 693
"../../../Engine/Plugins/Interchange/Editor/Binaries/Win64/UnrealEditor.modules" 694
"../../../Engine/Plugins/Interchange/Runtime/Binaries/Win64/UnrealEditor.modules" 695
"../../../Engine/Plugins/Editor/GLTFImporter/Binaries/Win64/UnrealEditor.modules" 696
"../../../Engine/Plugins/Enterprise/VariantManagerContent/Binaries/Win64/UnrealEditor.modules" 697
"../../../Engine/Plugins/Enterprise/VariantManager/Binaries/Win64/UnrealEditor.modules" 698
"../../../Engine/Plugins/TraceUtilities/Binaries/Win64/UnrealEditor.modules" 699
"../../../Engine/Plugins/XGEController/Binaries/Win64/UnrealEditor.modules" 700
"../../../Engine/Plugins/2D/Paper2D/Binaries/Win64/UnrealEditor.modules" 701
"../../../Engine/Plugins/Importers/AlembicImporter/Binaries/Win64/UnrealEditor.modules" 702
"../../../Engine/Plugins/Runtime/GeometryCache/Binaries/Win64/UnrealEditor.modules" 703
"../../../Engine/Plugins/FX/Niagara/Binaries/Win64/UnrealEditor.modules" 704
"../../../Engine/Plugins/Experimental/PythonScriptPlugin/Binaries/Win64/UnrealEditor.modules" 705
"../../../Engine/Plugins/Editor/ContentBrowser/ContentBrowserFileDataSource/Binaries/Win64/UnrealEditor.modules" 706
"../../../Engine/Plugins/Enterprise/GLTFExporter/Binaries/Win64/UnrealEditor.modules" 707
"../../../Engine/Plugins/Enterprise/DatasmithContent/Binaries/Win64/UnrealEditor.modules" 708
"../../../Engine/Plugins/Runtime/ActorLayerUtilities/Binaries/Win64/UnrealEditor.modules" 709
"../../../Engine/Plugins/Runtime/AndroidDeviceProfileSelector/Binaries/Win64/UnrealEditor.modules" 710
"../../../Engine/Plugins/Runtime/AndroidFileServer/Binaries/Win64/UnrealEditor.modules" 711
"../../../Engine/Plugins/Runtime/AndroidPermission/Binaries/Win64/UnrealEditor.modules" 712
"../../../Engine/Plugins/Runtime/AppleImageUtils/Binaries/Win64/UnrealEditor.modules" 713
"../../../Engine/Plugins/Runtime/ArchVisCharacter/Binaries/Win64/UnrealEditor.modules" 714
"../../../Engine/Plugins/Runtime/AudioCapture/Binaries/Win64/UnrealEditor.modules" 715
"../../../Engine/Plugins/Runtime/CableComponent/Binaries/Win64/UnrealEditor.modules" 716
"../../../Engine/Plugins/Runtime/AssetTags/Binaries/Win64/UnrealEditor.modules" 717
"../../../Engine/Plugins/Runtime/CustomMeshComponent/Binaries/Win64/UnrealEditor.modules" 718
"../../../Engine/Plugins/Runtime/ChunkDownloader/Binaries/Win64/UnrealEditor.modules" 719
"../../../Engine/Plugins/Runtime/ExampleDeviceProfileSelector/Binaries/Win64/UnrealEditor.modules" 720
"../../../Engine/Plugins/Runtime/GooglePAD/Binaries/Win64/UnrealEditor.modules" 721
"../../../Engine/Plugins/Runtime/InputDebugging/Binaries/Win64/UnrealEditor.modules" 722
"../../../Engine/Plugins/Runtime/LocationServicesBPLibrary/Binaries/Win64/UnrealEditor.modules" 723
"../../../Engine/Plugins/Runtime/Metasound/Binaries/Win64/UnrealEditor.modules" 724
"../../../Engine/Plugins/Runtime/AudioWidgets/Binaries/Win64/UnrealEditor.modules" 725
"../../../Engine/Plugins/Runtime/AudioSynesthesia/Binaries/Win64/UnrealEditor.modules" 726
"../../../Engine/Plugins/Runtime/WaveTable/Binaries/Win64/UnrealEditor.modules" 727
"../../../Engine/Plugins/Runtime/MobilePatchingUtils/Binaries/Win64/UnrealEditor.modules" 728
"../../../Engine/Plugins/Runtime/ProceduralMeshComponent/Binaries/Win64/UnrealEditor.modules" 729
"../../../Engine/Plugins/Runtime/PropertyAccess/Binaries/Win64/UnrealEditor.modules" 730
"../../../Engine/Plugins/Runtime/ResonanceAudio/Binaries/Win64/UnrealEditor.modules" 731
"../../../Engine/Plugins/Runtime/SoundFields/Binaries/Win64/UnrealEditor.modules" 732
"../../../Engine/Plugins/Runtime/Synthesis/Binaries/Win64/UnrealEditor.modules" 733
"../../../Engine/Plugins/Runtime/WebMMoviePlayer/Binaries/Win64/UnrealEditor.modules" 734
"../../../Engine/Plugins/Media/WebMMedia/Binaries/Win64/UnrealEditor.modules" 735
"../../../Engine/Plugins/Runtime/WindowsDeviceProfileSelector/Binaries/Win64/UnrealEditor.modules" 736
"../../../Engine/Plugins/Runtime/WindowsMoviePlayer/Binaries/Win64/UnrealEditor.modules" 737
"../../../Engine/Plugins/Developer/AnimationSharing/Binaries/Win64/UnrealEditor.modules" 738
"../../../Engine/Plugins/Runtime/SignificanceManager/Binaries/Win64/UnrealEditor.modules" 739
"../../../Engine/Plugins/Developer/CLionSourceCodeAccess/Binaries/Win64/UnrealEditor.modules" 740
"../../../Engine/Plugins/Developer/DumpGPUServices/Binaries/Win64/UnrealEditor.modules" 741
"../../../Engine/Plugins/Developer/GitSourceControl/Binaries/Win64/UnrealEditor.modules" 742
"../../../Engine/Plugins/Developer/PerforceSourceControl/Binaries/Win64/UnrealEditor.modules" 743
"../../../Engine/Plugins/Developer/PixWinPlugin/Binaries/Win64/UnrealEditor.modules" 744
"../../../Engine/Plugins/Developer/PluginUtils/Binaries/Win64/UnrealEditor.modules" 745
"../../../Engine/Plugins/Developer/RiderSourceCodeAccess/Binaries/Win64/UnrealEditor.modules" 746
"../../../Engine/Plugins/Developer/PlasticSourceControl/Binaries/Win64/UnrealEditor.modules" 747
"../../../Engine/Plugins/Developer/SubversionSourceControl/Binaries/Win64/UnrealEditor.modules" 748
"../../../Engine/Plugins/Developer/PropertyAccessNode/Binaries/Win64/UnrealEditor.modules" 749
"../../../Engine/Plugins/Developer/TraceDataFiltering/Binaries/Win64/UnrealEditor.modules" 750
"../../../Engine/Plugins/Developer/TextureFormatOodle/Binaries/Win64/UnrealEditor.modules" 751
"../../../Engine/Plugins/Developer/RenderDocPlugin/Binaries/Win64/UnrealEditor.modules" 752
"../../../Engine/Plugins/Developer/VisualStudioCodeSourceCodeAccess/Binaries/Win64/UnrealEditor.modules" 753
"../../../Engine/Plugins/Developer/UObjectPlugin/Binaries/Win64/UnrealEditor.modules" 754
"../../../Engine/Plugins/Developer/VisualStudioSourceCodeAccess/Binaries/Win64/UnrealEditor.modules" 755
"../../../Engine/Plugins/Experimental/BackChannel/Binaries/Win64/UnrealEditor.modules" 756
"../../../Engine/Plugins/Experimental/AutomationUtils/Binaries/Win64/UnrealEditor.modules" 757
"../../../Engine/Plugins/Experimental/ChaosCloth/Binaries/Win64/UnrealEditor.modules" 758
"../../../Engine/Plugins/Experimental/ChaosCaching/Binaries/Win64/UnrealEditor.modules" 759
"../../../Engine/Plugins/VirtualProduction/Takes/Binaries/Win64/UnrealEditor.modules" 760
"../../../Engine/Plugins/MovieScene/LevelSequenceEditor/Binaries/Win64/UnrealEditor.modules" 761
"../../../Engine/Plugins/MovieScene/SequencerScripting/Binaries/Win64/UnrealEditor.modules" 762
"../../../Engine/Plugins/Experimental/ChaosEditor/Binaries/Win64/UnrealEditor.modules" 763
"../../../Engine/Plugins/Experimental/PlanarCutPlugin/Binaries/Win64/UnrealEditor.modules" 764
"../../../Engine/Plugins/Experimental/GeometryCollectionPlugin/Binaries/Win64/UnrealEditor.modules" 765
"../../../Engine/Plugins/Experimental/Fracture/Binaries/Win64/UnrealEditor.modules" 766
"../../../Engine/Plugins/Experimental/ChaosSolverPlugin/Binaries/Win64/UnrealEditor.modules" 767
"../../../Engine/Plugins/Experimental/Dataflow/Binaries/Win64/UnrealEditor.modules" 768
"../../../Engine/Plugins/Experimental/ChaosClothEditor/Binaries/Win64/UnrealEditor.modules" 769
"../../../Engine/Plugins/Experimental/ChaosNiagara/Binaries/Win64/UnrealEditor.modules" 770
"../../../Engine/Plugins/Experimental/ChaosUserDataPT/Binaries/Win64/UnrealEditor.modules" 771
"../../../Engine/Plugins/Experimental/CharacterAI/Binaries/Win64/UnrealEditor.modules" 772
"../../../Engine/Plugins/Experimental/OpenImageDenoise/Binaries/Win64/UnrealEditor.modules" 773
"../../../Engine/Plugins/Experimental/PlatformCrypto/Binaries/Win64/UnrealEditor.modules" 774
"../../../Engine/Plugins/Experimental/SkeletalReduction/Binaries/Win64/UnrealEditor.modules" 775
"../../../Engine/Plugins/Experimental/UVEditor/Binaries/Win64/UnrealEditor.modules" 776
"../../../Engine/Plugins/Media/AndroidMedia/Binaries/Win64/UnrealEditor.modules" 777
"../../../Engine/Plugins/Media/AvfMedia/Binaries/Win64/UnrealEditor.modules" 778
"../../../Engine/Plugins/Media/ImgMedia/Binaries/Win64/UnrealEditor.modules" 779
"../../../Engine/Plugins/Media/MediaPlayerEditor/Binaries/Win64/UnrealEditor.modules" 780
"../../../Engine/Plugins/Media/MediaCompositing/Binaries/Win64/UnrealEditor.modules" 781
"../../../Engine/Plugins/Media/MediaPlate/Binaries/Win64/UnrealEditor.modules" 782
"../../../Engine/Plugins/Media/WmfMedia/Binaries/Win64/UnrealEditor.modules" 783
"../../../Engine/Plugins/AI/AISupport/Binaries/Win64/UnrealEditor.modules" 784
"../../../Engine/Plugins/AI/EnvironmentQueryEditor/Binaries/Win64/UnrealEditor.modules" 785
"../../../Engine/Plugins/Animation/AnimationData/Binaries/Win64/UnrealEditor.modules" 786
"../../../Engine/Plugins/Animation/ControlRig/Binaries/Win64/UnrealEditor.modules" 787
"../../../Engine/Plugins/Animation/AnimationModifierLibrary/Binaries/Win64/UnrealEditor.modules" 788
"../../../Engine/Plugins/Animation/ControlRigSpline/Binaries/Win64/UnrealEditor.modules" 789
"../../../Engine/Plugins/Animation/BlendSpaceMotionAnalysis/Binaries/Win64/UnrealEditor.modules" 790
"../../../Engine/Plugins/Animation/IKRig/Binaries/Win64/UnrealEditor.modules" 791
"../../../Engine/Plugins/Experimental/FullBodyIK/Binaries/Win64/UnrealEditor.modules" 792
"../../../Engine/Plugins/Messaging/UdpMessaging/Binaries/Win64/UnrealEditor.modules" 793
"../../../Engine/Plugins/Messaging/TcpMessaging/Binaries/Win64/UnrealEditor.modules" 794
"../../../Engine/Plugins/Tests/InterchangeTests/Binaries/Win64/UnrealEditor.modules" 795
"../../../Engine/Plugins/Cameras/GameplayCameras/Binaries/Win64/UnrealEditor.modules" 796
"../../../Engine/Plugins/MovieScene/TemplateSequence/Binaries/Win64/UnrealEditor.modules" 797
"../../../Engine/Plugins/Cameras/CameraShakePreviewer/Binaries/Win64/UnrealEditor.modules" 798
"../../../Engine/Plugins/Online/OnlineBase/Binaries/Win64/UnrealEditor.modules" 799
"../../../Engine/Plugins/Online/OnlineSubsystem/Binaries/Win64/UnrealEditor.modules" 800
"../../../Engine/Plugins/Online/OnlineSubsystemNull/Binaries/Win64/UnrealEditor.modules" 801
"../../../Engine/Plugins/Online/OnlineSubsystemUtils/Binaries/Win64/UnrealEditor.modules" 802
"../../../Engine/Plugins/Online/OnlineServices/Binaries/Win64/UnrealEditor.modules" 803
"../../../Engine/Plugins/Editor/AssetManagerEditor/Binaries/Win64/UnrealEditor.modules" 804
"../../../Engine/Plugins/Editor/BlueprintHeaderView/Binaries/Win64/UnrealEditor.modules" 805
"../../../Engine/Plugins/Editor/ChangelistReview/Binaries/Win64/UnrealEditor.modules" 806
"../../../Engine/Plugins/Editor/DataValidation/Binaries/Win64/UnrealEditor.modules" 807
"../../../Engine/Plugins/Editor/CryptoKeys/Binaries/Win64/UnrealEditor.modules" 808
"../../../Engine/Plugins/Editor/CurveEditorTools/Binaries/Win64/UnrealEditor.modules" 809
"../../../Engine/Plugins/Editor/EditorDebugTools/Binaries/Win64/UnrealEditor.modules" 810
"../../../Engine/Plugins/Editor/GameplayTagsEditor/Binaries/Win64/UnrealEditor.modules" 811
"../../../Engine/Plugins/Editor/EngineAssetDefinitions/Binaries/Win64/UnrealEditor.modules" 812
"../../../Engine/Plugins/Editor/GeometryMode/Binaries/Win64/UnrealEditor.modules" 813
"../../../Engine/Plugins/Editor/FacialAnimation/Binaries/Win64/UnrealEditor.modules" 814
"../../../Engine/Plugins/Editor/MobileLauncherProfileWizard/Binaries/Win64/UnrealEditor.modules" 815
"../../../Engine/Plugins/Editor/PluginBrowser/Binaries/Win64/UnrealEditor.modules" 816
"../../../Engine/Plugins/Editor/MaterialAnalyzer/Binaries/Win64/UnrealEditor.modules" 817
"../../../Engine/Plugins/Editor/SequencerAnimTools/Binaries/Win64/UnrealEditor.modules" 818
"../../../Engine/Plugins/Editor/WorldPartitionHLODUtilities/Binaries/Win64/UnrealEditor.modules" 819
"../../../Engine/Plugins/Editor/SpeedTreeImporter/Binaries/Win64/UnrealEditor.modules" 820
"../../../Engine/Plugins/Portal/LauncherChunkInstaller/Binaries/Win64/UnrealEditor.modules" 821
"../../../Engine/Plugins/MovieScene/ActorSequence/Binaries/Win64/UnrealEditor.modules" 822
"../../../Engine/Plugins/Compression/OodleNetwork/Binaries/Win64/UnrealEditor.modules" 823
"../../../Engine/Plugins/Editor/ObjectMixer/LightMixer/Binaries/Win64/UnrealEditor.modules" 824
"../../../Engine/Plugins/Editor/ObjectMixer/ObjectMixer/Binaries/Win64/UnrealEditor.modules" 825
"../../../Engine/Plugins/Marketplace/Developer/RiderLink/Binaries/Win64/UnrealEditor.modules" 826
"../../../Engine/Plugins/Editor/ContentBrowser/ContentBrowserClassDataSource/Binaries/Win64/UnrealEditor.modules" 827
"../../../Engine/Plugins/Editor/ContentBrowser/ContentBrowserAssetDataSource/Binaries/Win64/UnrealEditor.modules" 828
"../../../Engine/Content/Certificates/ThirdParty/cacert.pem" 829
"../../../Engine/Config/ConsoleVariables.ini" 830
"../../../Engine/Binaries/Win64/Android/UnrealEditor.modules" 831
"../../../Engine/Binaries/Win64/IOS/UnrealEditor.modules" 832
"../../../Engine/Binaries/Win64/Linux/UnrealEditor.modules" 833
"../../../Engine/Binaries/Win64/LinuxArm64/UnrealEditor.modules" 834
"../../../Engine/Plugins/Online/OnlineSubsystem/Content/Localization/OnlineSubsystem/it/OnlineSubsystem.locres" 835
"../../../Engine/Plugins/Online/OnlineSubsystemUtils/Content/Localization/OnlineSubsystemUtils/it/OnlineSubsystemUtils.locres" 836
"../../../Engine/Plugins/Online/Android/OnlineSubsystemGooglePlay/Content/Localization/OnlineSubsystemGooglePlay/it/OnlineSubsystemGooglePlay.locres" 837
"../../../Engine/Plugins/Online/IOS/OnlineSubsystemIOS/Content/Localization/OnlineSubsystemIOS/it/OnlineSubsystemIOS.locres" 838
"../../../Engine/Content/Internationalization/icudt64l/numberingSystems.res" 839
"../../../Engine/Content/Internationalization/icudt64l/curr/supplementalData.res" 840
"../../../Engine/Content/Internationalization/icudt64l/curr/it.res" 841
"../../../Engine/Content/Internationalization/icudt64l/curr/pool.res" 842
"../../../Engine/Content/Internationalization/icudt64l/curr/root.res" 843
"../../../Engine/Content/Internationalization/icudt64l/lang/af.res" 844
"../../../Engine/Content/Internationalization/icudt64l/region/af.res" 845
"../../../Engine/Content/Internationalization/icudt64l/lang/agq.res" 846
"../../../Engine/Content/Internationalization/icudt64l/region/agq.res" 847
"../../../Engine/Content/Internationalization/icudt64l/lang/ak.res" 848
"../../../Engine/Content/Internationalization/icudt64l/region/ak.res" 849
"../../../Engine/Content/Internationalization/icudt64l/lang/am.res" 850
"../../../Engine/Content/Internationalization/icudt64l/region/am.res" 851
"../../../Engine/Content/Internationalization/icudt64l/lang/ar.res" 852
"../../../Engine/Content/Internationalization/icudt64l/region/ar.res" 853
"../../../Engine/Content/Internationalization/icudt64l/region/ar_AE.res" 854
"../../../Engine/Content/Internationalization/icudt64l/lang/ar_EG.res" 855
"../../../Engine/Content/Internationalization/icudt64l/lang/ar_LY.res" 856
"../../../Engine/Content/Internationalization/icudt64l/region/ar_LY.res" 857
"../../../Engine/Content/Internationalization/icudt64l/lang/ar_SA.res" 858
"../../../Engine/Content/Internationalization/icudt64l/region/ar_SA.res" 859
"../../../Engine/Content/Internationalization/icudt64l/lang/as.res" 860
"../../../Engine/Content/Internationalization/icudt64l/region/as.res" 861
"../../../Engine/Content/Internationalization/icudt64l/lang/asa.res" 862
"../../../Engine/Content/Internationalization/icudt64l/region/asa.res" 863
"../../../Engine/Content/Internationalization/icudt64l/lang/ast.res" 864
"../../../Engine/Content/Internationalization/icudt64l/region/ast.res" 865
"../../../Engine/Content/Internationalization/icudt64l/lang/az.res" 866
"../../../Engine/Content/Internationalization/icudt64l/lang/az_Cyrl.res" 867
"../../../Engine/Content/Internationalization/icudt64l/lang/az_AZ.res" 868
"../../../Engine/Content/Internationalization/icudt64l/lang/az_Latn_AZ.res" 869
"../../../Engine/Content/Internationalization/icudt64l/lang/az_Latn.res" 870
"../../../Engine/Content/Internationalization/icudt64l/region/az_AZ.res" 871
"../../../Engine/Content/Internationalization/icudt64l/region/az_Latn_AZ.res" 872
"../../../Engine/Content/Internationalization/icudt64l/region/az_Latn.res" 873
"../../../Engine/Content/Internationalization/icudt64l/region/az.res" 874
"../../../Engine/Content/Internationalization/icudt64l/region/az_Cyrl.res" 875
"../../../Engine/Content/Internationalization/icudt64l/lang/bas.res" 876
"../../../Engine/Content/Internationalization/icudt64l/region/bas.res" 877
"../../../Engine/Content/Internationalization/icudt64l/lang/be.res" 878
"../../../Engine/Content/Internationalization/icudt64l/region/be.res" 879
"../../../Engine/Content/Internationalization/icudt64l/lang/bem.res" 880
"../../../Engine/Content/Internationalization/icudt64l/region/bem.res" 881
"../../../Engine/Content/Internationalization/icudt64l/lang/bez.res" 882
"../../../Engine/Content/Internationalization/icudt64l/region/bez.res" 883
"../../../Engine/Content/Internationalization/icudt64l/lang/bg.res" 884
"../../../Engine/Content/Internationalization/icudt64l/region/bg.res" 885
"../../../Engine/Content/Internationalization/icudt64l/lang/bm.res" 886
"../../../Engine/Content/Internationalization/icudt64l/region/bm.res" 887
"../../../Engine/Content/Internationalization/icudt64l/lang/bn.res" 888
"../../../Engine/Content/Internationalization/icudt64l/region/bn.res" 889
"../../../Engine/Content/Internationalization/icudt64l/lang/bn_IN.res" 890
"../../../Engine/Content/Internationalization/icudt64l/region/bn_IN.res" 891
"../../../Engine/Content/Internationalization/icudt64l/lang/bo.res" 892
"../../../Engine/Content/Internationalization/icudt64l/region/bo.res" 893
"../../../Engine/Content/Internationalization/icudt64l/region/bo_IN.res" 894
"../../../Engine/Content/Internationalization/icudt64l/lang/br.res" 895
"../../../Engine/Content/Internationalization/icudt64l/region/br.res" 896
"../../../Engine/Content/Internationalization/icudt64l/lang/brx.res" 897
"../../../Engine/Content/Internationalization/icudt64l/region/brx.res" 898
"../../../Engine/Content/Internationalization/icudt64l/lang/bs.res" 899
"../../../Engine/Content/Internationalization/icudt64l/lang/bs_Cyrl.res" 900
"../../../Engine/Content/Internationalization/icudt64l/lang/bs_BA.res" 901
"../../../Engine/Content/Internationalization/icudt64l/lang/bs_Latn_BA.res" 902
"../../../Engine/Content/Internationalization/icudt64l/lang/bs_Latn.res" 903
"../../../Engine/Content/Internationalization/icudt64l/region/bs_BA.res" 904
"../../../Engine/Content/Internationalization/icudt64l/region/bs_Latn_BA.res" 905
"../../../Engine/Content/Internationalization/icudt64l/region/bs_Latn.res" 906
"../../../Engine/Content/Internationalization/icudt64l/region/bs.res" 907
"../../../Engine/Content/Internationalization/icudt64l/region/bs_Cyrl.res" 908
"../../../Engine/Content/Internationalization/icudt64l/lang/ca.res" 909
"../../../Engine/Content/Internationalization/icudt64l/region/ca.res" 910
"../../../Engine/Content/Internationalization/icudt64l/lang/ccp.res" 911
"../../../Engine/Content/Internationalization/icudt64l/region/ccp.res" 912
"../../../Engine/Content/Internationalization/icudt64l/lang/ce.res" 913
"../../../Engine/Content/Internationalization/icudt64l/region/ce.res" 914
"../../../Engine/Content/Internationalization/icudt64l/lang/ceb.res" 915
"../../../Engine/Content/Internationalization/icudt64l/region/ceb.res" 916
"../../../Engine/Content/Internationalization/icudt64l/lang/cgg.res" 917
"../../../Engine/Content/Internationalization/icudt64l/region/cgg.res" 918
"../../../Engine/Content/Internationalization/icudt64l/lang/chr.res" 919
"../../../Engine/Content/Internationalization/icudt64l/region/chr.res" 920
"../../../Engine/Content/Internationalization/icudt64l/lang/ckb.res" 921
"../../../Engine/Content/Internationalization/icudt64l/region/ckb.res" 922
"../../../Engine/Content/Internationalization/icudt64l/lang/cs.res" 923
"../../../Engine/Content/Internationalization/icudt64l/region/cs.res" 924
"../../../Engine/Content/Internationalization/icudt64l/lang/cy.res" 925
"../../../Engine/Content/Internationalization/icudt64l/region/cy.res" 926
"../../../Engine/Content/Internationalization/icudt64l/lang/da.res" 927
"../../../Engine/Content/Internationalization/icudt64l/region/da.res" 928
"../../../Engine/Content/Internationalization/icudt64l/lang/dav.res" 929
"../../../Engine/Content/Internationalization/icudt64l/region/dav.res" 930
"../../../Engine/Content/Internationalization/icudt64l/lang/de.res" 931
"../../../Engine/Content/Internationalization/icudt64l/lang/de_AT.res" 932
"../../../Engine/Content/Internationalization/icudt64l/region/de_AT.res" 933
"../../../Engine/Content/Internationalization/icudt64l/region/de.res" 934
"../../../Engine/Content/Internationalization/icudt64l/lang/de_CH.res" 935
"../../../Engine/Content/Internationalization/icudt64l/region/de_CH.res" 936
"../../../Engine/Content/Internationalization/icudt64l/lang/de_LU.res" 937
"../../../Engine/Content/Internationalization/icudt64l/lang/dje.res" 938
"../../../Engine/Content/Internationalization/icudt64l/region/dje.res" 939
"../../../Engine/Content/Internationalization/icudt64l/lang/dsb.res" 940
"../../../Engine/Content/Internationalization/icudt64l/region/dsb.res" 941
"../../../Engine/Content/Internationalization/icudt64l/lang/dua.res" 942
"../../../Engine/Content/Internationalization/icudt64l/region/dua.res" 943
"../../../Engine/Content/Internationalization/icudt64l/lang/dyo.res" 944
"../../../Engine/Content/Internationalization/icudt64l/region/dyo.res" 945
"../../../Engine/Content/Internationalization/icudt64l/lang/dz.res" 946
"../../../Engine/Content/Internationalization/icudt64l/region/dz.res" 947
"../../../Engine/Content/Internationalization/icudt64l/lang/ebu.res" 948
"../../../Engine/Content/Internationalization/icudt64l/region/ebu.res" 949
"../../../Engine/Content/Internationalization/icudt64l/lang/ee.res" 950
"../../../Engine/Content/Internationalization/icudt64l/region/ee.res" 951
"../../../Engine/Content/Internationalization/icudt64l/lang/el.res" 952
"../../../Engine/Content/Internationalization/icudt64l/region/el.res" 953
"../../../Engine/Content/Internationalization/icudt64l/lang/en_001.res" 954
"../../../Engine/Content/Internationalization/icudt64l/lang/en_150.res" 955
"../../../Engine/Content/Internationalization/icudt64l/region/en_150.res" 956
"../../../Engine/Content/Internationalization/icudt64l/lang/en_AG.res" 957
"../../../Engine/Content/Internationalization/icudt64l/region/en_AG.res" 958
"../../../Engine/Content/Internationalization/icudt64l/lang/en_AI.res" 959
"../../../Engine/Content/Internationalization/icudt64l/region/en_AI.res" 960
"../../../Engine/Content/Internationalization/icudt64l/lang/en_AT.res" 961
"../../../Engine/Content/Internationalization/icudt64l/region/en_AT.res" 962
"../../../Engine/Content/Internationalization/icudt64l/lang/en_AU.res" 963
"../../../Engine/Content/Internationalization/icudt64l/region/en_AU.res" 964
"../../../Engine/Content/Internationalization/icudt64l/lang/en_BB.res" 965
"../../../Engine/Content/Internationalization/icudt64l/region/en_BB.res" 966
"../../../Engine/Content/Internationalization/icudt64l/lang/en_BE.res" 967
"../../../Engine/Content/Internationalization/icudt64l/region/en_BE.res" 968
"../../../Engine/Content/Internationalization/icudt64l/lang/en_BM.res" 969
"../../../Engine/Content/Internationalization/icudt64l/region/en_BM.res" 970
"../../../Engine/Content/Internationalization/icudt64l/lang/en_BS.res" 971
"../../../Engine/Content/Internationalization/icudt64l/region/en_BS.res" 972
"../../../Engine/Content/Internationalization/icudt64l/lang/en_BW.res" 973
"../../../Engine/Content/Internationalization/icudt64l/region/en_BW.res" 974
"../../../Engine/Content/Internationalization/icudt64l/lang/en_BZ.res" 975
"../../../Engine/Content/Internationalization/icudt64l/region/en_BZ.res" 976
"../../../Engine/Content/Internationalization/icudt64l/lang/en_CA.res" 977
"../../../Engine/Content/Internationalization/icudt64l/region/en_CA.res" 978
"../../../Engine/Content/Internationalization/icudt64l/lang/en_CC.res" 979
"../../../Engine/Content/Internationalization/icudt64l/region/en_CC.res" 980
"../../../Engine/Content/Internationalization/icudt64l/lang/en_CH.res" 981
"../../../Engine/Content/Internationalization/icudt64l/region/en_CH.res" 982
"../../../Engine/Content/Internationalization/icudt64l/lang/en_CK.res" 983
"../../../Engine/Content/Internationalization/icudt64l/region/en_CK.res" 984
"../../../Engine/Content/Internationalization/icudt64l/lang/en_CM.res" 985
"../../../Engine/Content/Internationalization/icudt64l/region/en_CM.res" 986
"../../../Engine/Content/Internationalization/icudt64l/lang/en_CX.res" 987
"../../../Engine/Content/Internationalization/icudt64l/region/en_CX.res" 988
"../../../Engine/Content/Internationalization/icudt64l/lang/en_CY.res" 989
"../../../Engine/Content/Internationalization/icudt64l/region/en_CY.res" 990
"../../../Engine/Content/Internationalization/icudt64l/lang/en_DE.res" 991
"../../../Engine/Content/Internationalization/icudt64l/region/en_DE.res" 992
"../../../Engine/Content/Internationalization/icudt64l/lang/en_DG.res" 993
"../../../Engine/Content/Internationalization/icudt64l/region/en_DG.res" 994
"../../../Engine/Content/Internationalization/icudt64l/lang/en_DK.res" 995
"../../../Engine/Content/Internationalization/icudt64l/region/en_DK.res" 996
"../../../Engine/Content/Internationalization/icudt64l/lang/en_DM.res" 997
"../../../Engine/Content/Internationalization/icudt64l/region/en_DM.res" 998
"../../../Engine/Content/Internationalization/icudt64l/lang/en_ER.res" 999
"../../../Engine/Content/Internationalization/icudt64l/region/en_ER.res" 1000
"../../../Engine/Content/Internationalization/icudt64l/lang/en_FI.res" 1001
"../../../Engine/Content/Internationalization/icudt64l/region/en_FI.res" 1002
"../../../Engine/Content/Internationalization/icudt64l/lang/en_FJ.res" 1003
"../../../Engine/Content/Internationalization/icudt64l/region/en_FJ.res" 1004
"../../../Engine/Content/Internationalization/icudt64l/lang/en_FK.res" 1005
"../../../Engine/Content/Internationalization/icudt64l/region/en_FK.res" 1006
"../../../Engine/Content/Internationalization/icudt64l/lang/en_FM.res" 1007
"../../../Engine/Content/Internationalization/icudt64l/region/en_FM.res" 1008
"../../../Engine/Content/Internationalization/icudt64l/lang/en_GB.res" 1009
"../../../Engine/Content/Internationalization/icudt64l/region/en_GB.res" 1010
"../../../Engine/Content/Internationalization/icudt64l/lang/en_GD.res" 1011
"../../../Engine/Content/Internationalization/icudt64l/region/en_GD.res" 1012
"../../../Engine/Content/Internationalization/icudt64l/lang/en_GG.res" 1013
"../../../Engine/Content/Internationalization/icudt64l/region/en_GG.res" 1014
"../../../Engine/Content/Internationalization/icudt64l/lang/en_GH.res" 1015
"../../../Engine/Content/Internationalization/icudt64l/region/en_GH.res" 1016
"../../../Engine/Content/Internationalization/icudt64l/lang/en_GI.res" 1017
"../../../Engine/Content/Internationalization/icudt64l/region/en_GI.res" 1018
"../../../Engine/Content/Internationalization/icudt64l/lang/en_GM.res" 1019
"../../../Engine/Content/Internationalization/icudt64l/region/en_GM.res" 1020
"../../../Engine/Content/Internationalization/icudt64l/lang/en_GY.res" 1021
"../../../Engine/Content/Internationalization/icudt64l/region/en_GY.res" 1022
"../../../Engine/Content/Internationalization/icudt64l/lang/en_HK.res" 1023
"../../../Engine/Content/Internationalization/icudt64l/region/en_HK.res" 1024
"../../../Engine/Content/Internationalization/icudt64l/lang/en_IE.res" 1025
"../../../Engine/Content/Internationalization/icudt64l/region/en_IE.res" 1026
"../../../Engine/Content/Internationalization/icudt64l/lang/en_IL.res" 1027
"../../../Engine/Content/Internationalization/icudt64l/region/en_IL.res" 1028
"../../../Engine/Content/Internationalization/icudt64l/lang/en_IM.res" 1029
"../../../Engine/Content/Internationalization/icudt64l/region/en_IM.res" 1030
"../../../Engine/Content/Internationalization/icudt64l/lang/en_IN.res" 1031
"../../../Engine/Content/Internationalization/icudt64l/region/en_IN.res" 1032
"../../../Engine/Content/Internationalization/icudt64l/lang/en_IO.res" 1033
"../../../Engine/Content/Internationalization/icudt64l/region/en_IO.res" 1034
"../../../Engine/Content/Internationalization/icudt64l/lang/en_JE.res" 1035
"../../../Engine/Content/Internationalization/icudt64l/region/en_JE.res" 1036
"../../../Engine/Content/Internationalization/icudt64l/lang/en_JM.res" 1037
"../../../Engine/Content/Internationalization/icudt64l/region/en_JM.res" 1038
"../../../Engine/Content/Internationalization/icudt64l/lang/en_KE.res" 1039
"../../../Engine/Content/Internationalization/icudt64l/region/en_KE.res" 1040
"../../../Engine/Content/Internationalization/icudt64l/lang/en_KI.res" 1041
"../../../Engine/Content/Internationalization/icudt64l/region/en_KI.res" 1042
"../../../Engine/Content/Internationalization/icudt64l/lang/en_KN.res" 1043
"../../../Engine/Content/Internationalization/icudt64l/region/en_KN.res" 1044
"../../../Engine/Content/Internationalization/icudt64l/lang/en_KY.res" 1045
"../../../Engine/Content/Internationalization/icudt64l/region/en_KY.res" 1046
"../../../Engine/Content/Internationalization/icudt64l/lang/en_LC.res" 1047
"../../../Engine/Content/Internationalization/icudt64l/region/en_LC.res" 1048
"../../../Engine/Content/Internationalization/icudt64l/lang/en_LR.res" 1049
"../../../Engine/Content/Internationalization/icudt64l/region/en_LR.res" 1050
"../../../Engine/Content/Internationalization/icudt64l/lang/en_LS.res" 1051
"../../../Engine/Content/Internationalization/icudt64l/region/en_LS.res" 1052
"../../../Engine/Content/Internationalization/icudt64l/lang/en_MG.res" 1053
"../../../Engine/Content/Internationalization/icudt64l/region/en_MG.res" 1054
"../../../Engine/Content/Internationalization/icudt64l/lang/en_MO.res" 1055
"../../../Engine/Content/Internationalization/icudt64l/region/en_MO.res" 1056
"../../../Engine/Content/Internationalization/icudt64l/lang/en_MS.res" 1057
"../../../Engine/Content/Internationalization/icudt64l/region/en_MS.res" 1058
"../../../Engine/Content/Internationalization/icudt64l/lang/en_MT.res" 1059
"../../../Engine/Content/Internationalization/icudt64l/region/en_MT.res" 1060
"../../../Engine/Content/Internationalization/icudt64l/lang/en_MU.res" 1061
"../../../Engine/Content/Internationalization/icudt64l/region/en_MU.res" 1062
"../../../Engine/Content/Internationalization/icudt64l/lang/en_MW.res" 1063
"../../../Engine/Content/Internationalization/icudt64l/region/en_MW.res" 1064
"../../../Engine/Content/Internationalization/icudt64l/lang/en_MY.res" 1065
"../../../Engine/Content/Internationalization/icudt64l/region/en_MY.res" 1066
"../../../Engine/Content/Internationalization/icudt64l/lang/en_NA.res" 1067
"../../../Engine/Content/Internationalization/icudt64l/region/en_NA.res" 1068
"../../../Engine/Content/Internationalization/icudt64l/lang/en_NF.res" 1069
"../../../Engine/Content/Internationalization/icudt64l/region/en_NF.res" 1070
"../../../Engine/Content/Internationalization/icudt64l/lang/en_NG.res" 1071
"../../../Engine/Content/Internationalization/icudt64l/region/en_NG.res" 1072
"../../../Engine/Content/Internationalization/icudt64l/lang/en_NL.res" 1073
"../../../Engine/Content/Internationalization/icudt64l/region/en_NL.res" 1074
"../../../Engine/Content/Internationalization/icudt64l/lang/en_NR.res" 1075
"../../../Engine/Content/Internationalization/icudt64l/region/en_NR.res" 1076
"../../../Engine/Content/Internationalization/icudt64l/lang/en_NU.res" 1077
"../../../Engine/Content/Internationalization/icudt64l/region/en_NU.res" 1078
"../../../Engine/Content/Internationalization/icudt64l/lang/en_NZ.res" 1079
"../../../Engine/Content/Internationalization/icudt64l/region/en_NZ.res" 1080
"../../../Engine/Content/Internationalization/icudt64l/lang/en_PG.res" 1081
"../../../Engine/Content/Internationalization/icudt64l/region/en_PG.res" 1082
"../../../Engine/Content/Internationalization/icudt64l/lang/en_PH.res" 1083
"../../../Engine/Content/Internationalization/icudt64l/region/en_PH.res" 1084
"../../../Engine/Content/Internationalization/icudt64l/lang/en_PK.res" 1085
"../../../Engine/Content/Internationalization/icudt64l/region/en_PK.res" 1086
"../../../Engine/Content/Internationalization/icudt64l/lang/en_PN.res" 1087
"../../../Engine/Content/Internationalization/icudt64l/region/en_PN.res" 1088
"../../../Engine/Content/Internationalization/icudt64l/lang/en_PW.res" 1089
"../../../Engine/Content/Internationalization/icudt64l/region/en_PW.res" 1090
"../../../Engine/Content/Internationalization/icudt64l/lang/en_RW.res" 1091
"../../../Engine/Content/Internationalization/icudt64l/region/en_RW.res" 1092
"../../../Engine/Content/Internationalization/icudt64l/lang/en_SB.res" 1093
"../../../Engine/Content/Internationalization/icudt64l/region/en_SB.res" 1094
"../../../Engine/Content/Internationalization/icudt64l/lang/en_SC.res" 1095
"../../../Engine/Content/Internationalization/icudt64l/region/en_SC.res" 1096
"../../../Engine/Content/Internationalization/icudt64l/lang/en_SD.res" 1097
"../../../Engine/Content/Internationalization/icudt64l/region/en_SD.res" 1098
"../../../Engine/Content/Internationalization/icudt64l/lang/en_SE.res" 1099
"../../../Engine/Content/Internationalization/icudt64l/region/en_SE.res" 1100
"../../../Engine/Content/Internationalization/icudt64l/lang/en_SG.res" 1101
"../../../Engine/Content/Internationalization/icudt64l/region/en_SG.res" 1102
"../../../Engine/Content/Internationalization/icudt64l/lang/en_SH.res" 1103
"../../../Engine/Content/Internationalization/icudt64l/region/en_SH.res" 1104
"../../../Engine/Content/Internationalization/icudt64l/lang/en_SI.res" 1105
"../../../Engine/Content/Internationalization/icudt64l/region/en_SI.res" 1106
"../../../Engine/Content/Internationalization/icudt64l/lang/en_SL.res" 1107
"../../../Engine/Content/Internationalization/icudt64l/region/en_SL.res" 1108
"../../../Engine/Content/Internationalization/icudt64l/lang/en_SS.res" 1109
"../../../Engine/Content/Internationalization/icudt64l/region/en_SS.res" 1110
"../../../Engine/Content/Internationalization/icudt64l/lang/en_SX.res" 1111
"../../../Engine/Content/Internationalization/icudt64l/region/en_SX.res" 1112
"../../../Engine/Content/Internationalization/icudt64l/lang/en_SZ.res" 1113
"../../../Engine/Content/Internationalization/icudt64l/region/en_SZ.res" 1114
"../../../Engine/Content/Internationalization/icudt64l/lang/en_TC.res" 1115
"../../../Engine/Content/Internationalization/icudt64l/region/en_TC.res" 1116
"../../../Engine/Content/Internationalization/icudt64l/lang/en_TK.res" 1117
"../../../Engine/Content/Internationalization/icudt64l/region/en_TK.res" 1118
"../../../Engine/Content/Internationalization/icudt64l/lang/en_TO.res" 1119
"../../../Engine/Content/Internationalization/icudt64l/region/en_TO.res" 1120
"../../../Engine/Content/Internationalization/icudt64l/lang/en_TT.res" 1121
"../../../Engine/Content/Internationalization/icudt64l/region/en_TT.res" 1122
"../../../Engine/Content/Internationalization/icudt64l/lang/en_TV.res" 1123
"../../../Engine/Content/Internationalization/icudt64l/region/en_TV.res" 1124
"../../../Engine/Content/Internationalization/icudt64l/lang/en_TZ.res" 1125
"../../../Engine/Content/Internationalization/icudt64l/region/en_TZ.res" 1126
"../../../Engine/Content/Internationalization/icudt64l/lang/en_UG.res" 1127
"../../../Engine/Content/Internationalization/icudt64l/region/en_UG.res" 1128
"../../../Engine/Content/Internationalization/icudt64l/lang/en_VC.res" 1129
"../../../Engine/Content/Internationalization/icudt64l/region/en_VC.res" 1130
"../../../Engine/Content/Internationalization/icudt64l/lang/en_VG.res" 1131
"../../../Engine/Content/Internationalization/icudt64l/region/en_VG.res" 1132
"../../../Engine/Content/Internationalization/icudt64l/lang/en_VU.res" 1133
"../../../Engine/Content/Internationalization/icudt64l/region/en_VU.res" 1134
"../../../Engine/Content/Internationalization/icudt64l/lang/en_WS.res" 1135
"../../../Engine/Content/Internationalization/icudt64l/region/en_WS.res" 1136
"../../../Engine/Content/Internationalization/icudt64l/lang/en_ZA.res" 1137
"../../../Engine/Content/Internationalization/icudt64l/region/en_ZA.res" 1138
"../../../Engine/Content/Internationalization/icudt64l/lang/en_ZM.res" 1139
"../../../Engine/Content/Internationalization/icudt64l/region/en_ZM.res" 1140
"../../../Engine/Content/Internationalization/icudt64l/lang/en_ZW.res" 1141
"../../../Engine/Content/Internationalization/icudt64l/region/en_ZW.res" 1142
"../../../Engine/Content/Internationalization/icudt64l/lang/eo.res" 1143
"../../../Engine/Content/Internationalization/icudt64l/region/eo.res" 1144
"../../../Engine/Content/Internationalization/icudt64l/lang/es.res" 1145
"../../../Engine/Content/Internationalization/icudt64l/lang/es_419.res" 1146
"../../../Engine/Content/Internationalization/icudt64l/region/es_419.res" 1147
"../../../Engine/Content/Internationalization/icudt64l/region/es.res" 1148
"../../../Engine/Content/Internationalization/icudt64l/lang/es_AR.res" 1149
"../../../Engine/Content/Internationalization/icudt64l/region/es_AR.res" 1150
"../../../Engine/Content/Internationalization/icudt64l/lang/es_BO.res" 1151
"../../../Engine/Content/Internationalization/icudt64l/region/es_BO.res" 1152
"../../../Engine/Content/Internationalization/icudt64l/lang/es_BR.res" 1153
"../../../Engine/Content/Internationalization/icudt64l/region/es_BR.res" 1154
"../../../Engine/Content/Internationalization/icudt64l/lang/es_BZ.res" 1155
"../../../Engine/Content/Internationalization/icudt64l/region/es_BZ.res" 1156
"../../../Engine/Content/Internationalization/icudt64l/lang/es_CL.res" 1157
"../../../Engine/Content/Internationalization/icudt64l/region/es_CL.res" 1158
"../../../Engine/Content/Internationalization/icudt64l/lang/es_CO.res" 1159
"../../../Engine/Content/Internationalization/icudt64l/region/es_CO.res" 1160
"../../../Engine/Content/Internationalization/icudt64l/lang/es_CR.res" 1161
"../../../Engine/Content/Internationalization/icudt64l/region/es_CR.res" 1162
"../../../Engine/Content/Internationalization/icudt64l/lang/es_CU.res" 1163
"../../../Engine/Content/Internationalization/icudt64l/region/es_CU.res" 1164
"../../../Engine/Content/Internationalization/icudt64l/lang/es_DO.res" 1165
"../../../Engine/Content/Internationalization/icudt64l/region/es_DO.res" 1166
"../../../Engine/Content/Internationalization/icudt64l/lang/es_EC.res" 1167
"../../../Engine/Content/Internationalization/icudt64l/region/es_EC.res" 1168
"../../../Engine/Content/Internationalization/icudt64l/lang/es_GT.res" 1169
"../../../Engine/Content/Internationalization/icudt64l/region/es_GT.res" 1170
"../../../Engine/Content/Internationalization/icudt64l/lang/es_HN.res" 1171
"../../../Engine/Content/Internationalization/icudt64l/region/es_HN.res" 1172
"../../../Engine/Content/Internationalization/icudt64l/lang/es_MX.res" 1173
"../../../Engine/Content/Internationalization/icudt64l/region/es_MX.res" 1174
"../../../Engine/Content/Internationalization/icudt64l/lang/es_NI.res" 1175
"../../../Engine/Content/Internationalization/icudt64l/region/es_NI.res" 1176
"../../../Engine/Content/Internationalization/icudt64l/lang/es_PA.res" 1177
"../../../Engine/Content/Internationalization/icudt64l/region/es_PA.res" 1178
"../../../Engine/Content/Internationalization/icudt64l/lang/es_PE.res" 1179
"../../../Engine/Content/Internationalization/icudt64l/region/es_PE.res" 1180
"../../../Engine/Content/Internationalization/icudt64l/lang/es_PR.res" 1181
"../../../Engine/Content/Internationalization/icudt64l/region/es_PR.res" 1182
"../../../Engine/Content/Internationalization/icudt64l/lang/es_PY.res" 1183
"../../../Engine/Content/Internationalization/icudt64l/region/es_PY.res" 1184
"../../../Engine/Content/Internationalization/icudt64l/lang/es_SV.res" 1185
"../../../Engine/Content/Internationalization/icudt64l/region/es_SV.res" 1186
"../../../Engine/Content/Internationalization/icudt64l/lang/es_US.res" 1187
"../../../Engine/Content/Internationalization/icudt64l/region/es_US.res" 1188
"../../../Engine/Content/Internationalization/icudt64l/lang/es_UY.res" 1189
"../../../Engine/Content/Internationalization/icudt64l/region/es_UY.res" 1190
"../../../Engine/Content/Internationalization/icudt64l/lang/es_VE.res" 1191
"../../../Engine/Content/Internationalization/icudt64l/region/es_VE.res" 1192
"../../../Engine/Content/Internationalization/icudt64l/lang/et.res" 1193
"../../../Engine/Content/Internationalization/icudt64l/region/et.res" 1194
"../../../Engine/Content/Internationalization/icudt64l/lang/eu.res" 1195
"../../../Engine/Content/Internationalization/icudt64l/region/eu.res" 1196
"../../../Engine/Content/Internationalization/icudt64l/lang/ewo.res" 1197
"../../../Engine/Content/Internationalization/icudt64l/region/ewo.res" 1198
"../../../Engine/Content/Internationalization/icudt64l/lang/fa.res" 1199
"../../../Engine/Content/Internationalization/icudt64l/lang/fa_AF.res" 1200
"../../../Engine/Content/Internationalization/icudt64l/region/fa_AF.res" 1201
"../../../Engine/Content/Internationalization/icudt64l/region/fa.res" 1202
"../../../Engine/Content/Internationalization/icudt64l/lang/ff.res" 1203
"../../../Engine/Content/Internationalization/icudt64l/lang/ff_Latn.res" 1204
"../../../Engine/Content/Internationalization/icudt64l/region/ff.res" 1205
"../../../Engine/Content/Internationalization/icudt64l/region/ff_Latn.res" 1206
"../../../Engine/Content/Internationalization/icudt64l/lang/ff_CM.res" 1207
"../../../Engine/Content/Internationalization/icudt64l/lang/ff_Latn_CM.res" 1208
"../../../Engine/Content/Internationalization/icudt64l/region/ff_CM.res" 1209
"../../../Engine/Content/Internationalization/icudt64l/region/ff_Latn_CM.res" 1210
"../../../Engine/Content/Internationalization/icudt64l/lang/ff_GN.res" 1211
"../../../Engine/Content/Internationalization/icudt64l/lang/ff_Latn_GN.res" 1212
"../../../Engine/Content/Internationalization/icudt64l/region/ff_GN.res" 1213
"../../../Engine/Content/Internationalization/icudt64l/region/ff_Latn_GN.res" 1214
"../../../Engine/Content/Internationalization/icudt64l/lang/ff_MR.res" 1215
"../../../Engine/Content/Internationalization/icudt64l/lang/ff_Latn_MR.res" 1216
"../../../Engine/Content/Internationalization/icudt64l/region/ff_MR.res" 1217
"../../../Engine/Content/Internationalization/icudt64l/region/ff_Latn_MR.res" 1218
"../../../Engine/Content/Internationalization/icudt64l/lang/ff_SN.res" 1219
"../../../Engine/Content/Internationalization/icudt64l/lang/ff_Latn_SN.res" 1220
"../../../Engine/Content/Internationalization/icudt64l/region/ff_SN.res" 1221
"../../../Engine/Content/Internationalization/icudt64l/region/ff_Latn_SN.res" 1222
"../../../Engine/Content/Internationalization/icudt64l/lang/fi.res" 1223
"../../../Engine/Content/Internationalization/icudt64l/region/fi.res" 1224
"../../../Engine/Content/Internationalization/icudt64l/lang/fil.res" 1225
"../../../Engine/Content/Internationalization/icudt64l/lang/fil_PH.res" 1226
"../../../Engine/Content/Internationalization/icudt64l/region/fil_PH.res" 1227
"../../../Engine/Content/Internationalization/icudt64l/region/fil.res" 1228
"../../../Engine/Content/Internationalization/icudt64l/lang/fo.res" 1229
"../../../Engine/Content/Internationalization/icudt64l/region/fo.res" 1230
"../../../Engine/Content/Internationalization/icudt64l/lang/fr.res" 1231
"../../../Engine/Content/Internationalization/icudt64l/lang/fr_BE.res" 1232
"../../../Engine/Content/Internationalization/icudt64l/region/fr_BE.res" 1233
"../../../Engine/Content/Internationalization/icudt64l/region/fr.res" 1234
"../../../Engine/Content/Internationalization/icudt64l/lang/fr_CA.res" 1235
"../../../Engine/Content/Internationalization/icudt64l/region/fr_CA.res" 1236
"../../../Engine/Content/Internationalization/icudt64l/lang/fr_CH.res" 1237
"../../../Engine/Content/Internationalization/icudt64l/lang/fur.res" 1238
"../../../Engine/Content/Internationalization/icudt64l/region/fur.res" 1239
"../../../Engine/Content/Internationalization/icudt64l/lang/fy.res" 1240
"../../../Engine/Content/Internationalization/icudt64l/region/fy.res" 1241
"../../../Engine/Content/Internationalization/icudt64l/lang/ga.res" 1242
"../../../Engine/Content/Internationalization/icudt64l/region/ga.res" 1243
"../../../Engine/Content/Internationalization/icudt64l/lang/gd.res" 1244
"../../../Engine/Content/Internationalization/icudt64l/region/gd.res" 1245
"../../../Engine/Content/Internationalization/icudt64l/lang/gl.res" 1246
"../../../Engine/Content/Internationalization/icudt64l/region/gl.res" 1247
"../../../Engine/Content/Internationalization/icudt64l/lang/gsw.res" 1248
"../../../Engine/Content/Internationalization/icudt64l/region/gsw.res" 1249
"../../../Engine/Content/Internationalization/icudt64l/lang/gu.res" 1250
"../../../Engine/Content/Internationalization/icudt64l/region/gu.res" 1251
"../../../Engine/Content/Internationalization/icudt64l/lang/guz.res" 1252
"../../../Engine/Content/Internationalization/icudt64l/region/guz.res" 1253
"../../../Engine/Content/Internationalization/icudt64l/lang/gv.res" 1254
"../../../Engine/Content/Internationalization/icudt64l/region/gv.res" 1255
"../../../Engine/Content/Internationalization/icudt64l/lang/ha.res" 1256
"../../../Engine/Content/Internationalization/icudt64l/region/ha.res" 1257
"../../../Engine/Content/Internationalization/icudt64l/lang/ha_NE.res" 1258
"../../../Engine/Content/Internationalization/icudt64l/region/ha_NE.res" 1259
"../../../Engine/Content/Internationalization/icudt64l/lang/haw.res" 1260
"../../../Engine/Content/Internationalization/icudt64l/region/haw.res" 1261
"../../../Engine/Content/Internationalization/icudt64l/lang/he.res" 1262
"../../../Engine/Content/Internationalization/icudt64l/lang/he_IL.res" 1263
"../../../Engine/Content/Internationalization/icudt64l/region/he_IL.res" 1264
"../../../Engine/Content/Internationalization/icudt64l/region/he.res" 1265
"../../../Engine/Content/Internationalization/icudt64l/lang/hi.res" 1266
"../../../Engine/Content/Internationalization/icudt64l/region/hi.res" 1267
"../../../Engine/Content/Internationalization/icudt64l/lang/hr.res" 1268
"../../../Engine/Content/Internationalization/icudt64l/region/hr.res" 1269
"../../../Engine/Content/Internationalization/icudt64l/lang/hsb.res" 1270
"../../../Engine/Content/Internationalization/icudt64l/region/hsb.res" 1271
"../../../Engine/Content/Internationalization/icudt64l/lang/hu.res" 1272
"../../../Engine/Content/Internationalization/icudt64l/region/hu.res" 1273
"../../../Engine/Content/Internationalization/icudt64l/lang/hy.res" 1274
"../../../Engine/Content/Internationalization/icudt64l/region/hy.res" 1275
"../../../Engine/Content/Internationalization/icudt64l/lang/ia.res" 1276
"../../../Engine/Content/Internationalization/icudt64l/region/ia.res" 1277
"../../../Engine/Content/Internationalization/icudt64l/lang/id.res" 1278
"../../../Engine/Content/Internationalization/icudt64l/lang/id_ID.res" 1279
"../../../Engine/Content/Internationalization/icudt64l/region/id_ID.res" 1280
"../../../Engine/Content/Internationalization/icudt64l/region/id.res" 1281
"../../../Engine/Content/Internationalization/icudt64l/lang/ig.res" 1282
"../../../Engine/Content/Internationalization/icudt64l/region/ig.res" 1283
"../../../Engine/Content/Internationalization/icudt64l/lang/ii.res" 1284
"../../../Engine/Content/Internationalization/icudt64l/region/ii.res" 1285
"../../../Engine/Content/Internationalization/icudt64l/lang/is.res" 1286
"../../../Engine/Content/Internationalization/icudt64l/region/is.res" 1287
"../../../Engine/Content/Internationalization/icudt64l/lang/ja.res" 1288
"../../../Engine/Content/Internationalization/icudt64l/lang/ja_JP.res" 1289
"../../../Engine/Content/Internationalization/icudt64l/region/ja_JP.res" 1290
"../../../Engine/Content/Internationalization/icudt64l/region/ja.res" 1291
"../../../Engine/Content/Internationalization/icudt64l/lang/jgo.res" 1292
"../../../Engine/Content/Internationalization/icudt64l/region/jgo.res" 1293
"../../../Engine/Content/Internationalization/icudt64l/lang/jmc.res" 1294
"../../../Engine/Content/Internationalization/icudt64l/region/jmc.res" 1295
"../../../Engine/Content/Internationalization/icudt64l/lang/jv.res" 1296
"../../../Engine/Content/Internationalization/icudt64l/region/jv.res" 1297
"../../../Engine/Content/Internationalization/icudt64l/lang/ka.res" 1298
"../../../Engine/Content/Internationalization/icudt64l/region/ka.res" 1299
"../../../Engine/Content/Internationalization/icudt64l/lang/kab.res" 1300
"../../../Engine/Content/Internationalization/icudt64l/region/kab.res" 1301
"../../../Engine/Content/Internationalization/icudt64l/lang/kam.res" 1302
"../../../Engine/Content/Internationalization/icudt64l/region/kam.res" 1303
"../../../Engine/Content/Internationalization/icudt64l/lang/kde.res" 1304
"../../../Engine/Content/Internationalization/icudt64l/region/kde.res" 1305
"../../../Engine/Content/Internationalization/icudt64l/lang/kea.res" 1306
"../../../Engine/Content/Internationalization/icudt64l/region/kea.res" 1307
"../../../Engine/Content/Internationalization/icudt64l/lang/khq.res" 1308
"../../../Engine/Content/Internationalization/icudt64l/region/khq.res" 1309
"../../../Engine/Content/Internationalization/icudt64l/lang/ki.res" 1310
"../../../Engine/Content/Internationalization/icudt64l/region/ki.res" 1311
"../../../Engine/Content/Internationalization/icudt64l/lang/kk.res" 1312
"../../../Engine/Content/Internationalization/icudt64l/region/kk.res" 1313
"../../../Engine/Content/Internationalization/icudt64l/lang/kkj.res" 1314
"../../../Engine/Content/Internationalization/icudt64l/region/kkj.res" 1315
"../../../Engine/Content/Internationalization/icudt64l/lang/kl.res" 1316
"../../../Engine/Content/Internationalization/icudt64l/region/kl.res" 1317
"../../../Engine/Content/Internationalization/icudt64l/lang/kln.res" 1318
"../../../Engine/Content/Internationalization/icudt64l/region/kln.res" 1319
"../../../Engine/Content/Internationalization/icudt64l/lang/km.res" 1320
"../../../Engine/Content/Internationalization/icudt64l/region/km.res" 1321
"../../../Engine/Content/Internationalization/icudt64l/lang/kn.res" 1322
"../../../Engine/Content/Internationalization/icudt64l/region/kn.res" 1323
"../../../Engine/Content/Internationalization/icudt64l/lang/ko.res" 1324
"../../../Engine/Content/Internationalization/icudt64l/region/ko_KP.res" 1325
"../../../Engine/Content/Internationalization/icudt64l/region/ko.res" 1326
"../../../Engine/Content/Internationalization/icudt64l/lang/kok.res" 1327
"../../../Engine/Content/Internationalization/icudt64l/region/kok.res" 1328
"../../../Engine/Content/Internationalization/icudt64l/lang/ks.res" 1329
"../../../Engine/Content/Internationalization/icudt64l/region/ks.res" 1330
"../../../Engine/Content/Internationalization/icudt64l/lang/ksb.res" 1331
"../../../Engine/Content/Internationalization/icudt64l/region/ksb.res" 1332
"../../../Engine/Content/Internationalization/icudt64l/lang/ksf.res" 1333
"../../../Engine/Content/Internationalization/icudt64l/region/ksf.res" 1334
"../../../Engine/Content/Internationalization/icudt64l/lang/ksh.res" 1335
"../../../Engine/Content/Internationalization/icudt64l/region/ksh.res" 1336
"../../../Engine/Content/Internationalization/icudt64l/lang/ku.res" 1337
"../../../Engine/Content/Internationalization/icudt64l/region/ku.res" 1338
"../../../Engine/Content/Internationalization/icudt64l/lang/kw.res" 1339
"../../../Engine/Content/Internationalization/icudt64l/region/kw.res" 1340
"../../../Engine/Content/Internationalization/icudt64l/lang/ky.res" 1341
"../../../Engine/Content/Internationalization/icudt64l/region/ky.res" 1342
"../../../Engine/Content/Internationalization/icudt64l/lang/lag.res" 1343
"../../../Engine/Content/Internationalization/icudt64l/region/lag.res" 1344
"../../../Engine/Content/Internationalization/icudt64l/lang/lb.res" 1345
"../../../Engine/Content/Internationalization/icudt64l/region/lb.res" 1346
"../../../Engine/Content/Internationalization/icudt64l/lang/lg.res" 1347
"../../../Engine/Content/Internationalization/icudt64l/region/lg.res" 1348
"../../../Engine/Content/Internationalization/icudt64l/lang/lkt.res" 1349
"../../../Engine/Content/Internationalization/icudt64l/region/lkt.res" 1350
"../../../Engine/Content/Internationalization/icudt64l/lang/ln.res" 1351
"../../../Engine/Content/Internationalization/icudt64l/region/ln.res" 1352
"../../../Engine/Content/Internationalization/icudt64l/lang/lo.res" 1353
"../../../Engine/Content/Internationalization/icudt64l/region/lo.res" 1354
"../../../Engine/Content/Internationalization/icudt64l/lang/lrc.res" 1355
"../../../Engine/Content/Internationalization/icudt64l/region/lrc.res" 1356
"../../../Engine/Content/Internationalization/icudt64l/lang/lt.res" 1357
"../../../Engine/Content/Internationalization/icudt64l/region/lt.res" 1358
"../../../Engine/Content/Internationalization/icudt64l/lang/lu.res" 1359
"../../../Engine/Content/Internationalization/icudt64l/region/lu.res" 1360
"../../../Engine/Content/Internationalization/icudt64l/lang/luo.res" 1361
"../../../Engine/Content/Internationalization/icudt64l/region/luo.res" 1362
"../../../Engine/Content/Internationalization/icudt64l/lang/luy.res" 1363
"../../../Engine/Content/Internationalization/icudt64l/region/luy.res" 1364
"../../../Engine/Content/Internationalization/icudt64l/lang/lv.res" 1365
"../../../Engine/Content/Internationalization/icudt64l/region/lv.res" 1366
"../../../Engine/Content/Internationalization/icudt64l/lang/mas.res" 1367
"../../../Engine/Content/Internationalization/icudt64l/region/mas.res" 1368
"../../../Engine/Content/Internationalization/icudt64l/lang/mer.res" 1369
"../../../Engine/Content/Internationalization/icudt64l/region/mer.res" 1370
"../../../Engine/Content/Internationalization/icudt64l/lang/mfe.res" 1371
"../../../Engine/Content/Internationalization/icudt64l/region/mfe.res" 1372
"../../../Engine/Content/Internationalization/icudt64l/lang/mg.res" 1373
"../../../Engine/Content/Internationalization/icudt64l/region/mg.res" 1374
"../../../Engine/Content/Internationalization/icudt64l/lang/mgh.res" 1375
"../../../Engine/Content/Internationalization/icudt64l/region/mgh.res" 1376
"../../../Engine/Content/Internationalization/icudt64l/lang/mgo.res" 1377
"../../../Engine/Content/Internationalization/icudt64l/region/mgo.res" 1378
"../../../Engine/Content/Internationalization/icudt64l/lang/mi.res" 1379
"../../../Engine/Content/Internationalization/icudt64l/region/mi.res" 1380
"../../../Engine/Content/Internationalization/icudt64l/lang/mk.res" 1381
"../../../Engine/Content/Internationalization/icudt64l/region/mk.res" 1382
"../../../Engine/Content/Internationalization/icudt64l/lang/ml.res" 1383
"../../../Engine/Content/Internationalization/icudt64l/region/ml.res" 1384
"../../../Engine/Content/Internationalization/icudt64l/lang/mn.res" 1385
"../../../Engine/Content/Internationalization/icudt64l/region/mn.res" 1386
"../../../Engine/Content/Internationalization/icudt64l/lang/mr.res" 1387
"../../../Engine/Content/Internationalization/icudt64l/region/mr.res" 1388
"../../../Engine/Content/Internationalization/icudt64l/lang/ms.res" 1389
"../../../Engine/Content/Internationalization/icudt64l/region/ms.res" 1390
"../../../Engine/Content/Internationalization/icudt64l/lang/mt.res" 1391
"../../../Engine/Content/Internationalization/icudt64l/region/mt.res" 1392
"../../../Engine/Content/Internationalization/icudt64l/lang/mua.res" 1393
"../../../Engine/Content/Internationalization/icudt64l/region/mua.res" 1394
"../../../Engine/Content/Internationalization/icudt64l/lang/my.res" 1395
"../../../Engine/Content/Internationalization/icudt64l/region/my.res" 1396
"../../../Engine/Content/Internationalization/icudt64l/lang/mzn.res" 1397
"../../../Engine/Content/Internationalization/icudt64l/region/mzn.res" 1398
"../../../Engine/Content/Internationalization/icudt64l/lang/naq.res" 1399
"../../../Engine/Content/Internationalization/icudt64l/region/naq.res" 1400
"../../../Engine/Content/Internationalization/icudt64l/lang/nb.res" 1401
"../../../Engine/Content/Internationalization/icudt64l/lang/nb_NO.res" 1402
"../../../Engine/Content/Internationalization/icudt64l/region/nb_NO.res" 1403
"../../../Engine/Content/Internationalization/icudt64l/region/nb.res" 1404
"../../../Engine/Content/Internationalization/icudt64l/lang/nd.res" 1405
"../../../Engine/Content/Internationalization/icudt64l/region/nd.res" 1406
"../../../Engine/Content/Internationalization/icudt64l/lang/nds.res" 1407
"../../../Engine/Content/Internationalization/icudt64l/region/nds.res" 1408
"../../../Engine/Content/Internationalization/icudt64l/lang/ne.res" 1409
"../../../Engine/Content/Internationalization/icudt64l/region/ne.res" 1410
"../../../Engine/Content/Internationalization/icudt64l/lang/nl.res" 1411
"../../../Engine/Content/Internationalization/icudt64l/region/nl.res" 1412
"../../../Engine/Content/Internationalization/icudt64l/lang/nmg.res" 1413
"../../../Engine/Content/Internationalization/icudt64l/region/nmg.res" 1414
"../../../Engine/Content/Internationalization/icudt64l/lang/nn.res" 1415
"../../../Engine/Content/Internationalization/icudt64l/lang/nn_NO.res" 1416
"../../../Engine/Content/Internationalization/icudt64l/region/nn_NO.res" 1417
"../../../Engine/Content/Internationalization/icudt64l/region/nn.res" 1418
"../../../Engine/Content/Internationalization/icudt64l/lang/nnh.res" 1419
"../../../Engine/Content/Internationalization/icudt64l/region/nnh.res" 1420
"../../../Engine/Content/Internationalization/icudt64l/lang/nus.res" 1421
"../../../Engine/Content/Internationalization/icudt64l/region/nus.res" 1422
"../../../Engine/Content/Internationalization/icudt64l/lang/nyn.res" 1423
"../../../Engine/Content/Internationalization/icudt64l/region/nyn.res" 1424
"../../../Engine/Content/Internationalization/icudt64l/lang/om.res" 1425
"../../../Engine/Content/Internationalization/icudt64l/region/om.res" 1426
"../../../Engine/Content/Internationalization/icudt64l/lang/or.res" 1427
"../../../Engine/Content/Internationalization/icudt64l/region/or.res" 1428
"../../../Engine/Content/Internationalization/icudt64l/lang/os.res" 1429
"../../../Engine/Content/Internationalization/icudt64l/region/os.res" 1430
"../../../Engine/Content/Internationalization/icudt64l/lang/pa.res" 1431
"../../../Engine/Content/Internationalization/icudt64l/lang/pa_Arab.res" 1432
"../../../Engine/Content/Internationalization/icudt64l/lang/pa_PK.res" 1433
"../../../Engine/Content/Internationalization/icudt64l/lang/pa_Arab_PK.res" 1434
"../../../Engine/Content/Internationalization/icudt64l/region/pa_PK.res" 1435
"../../../Engine/Content/Internationalization/icudt64l/region/pa_Arab_PK.res" 1436
"../../../Engine/Content/Internationalization/icudt64l/region/pa_Arab.res" 1437
"../../../Engine/Content/Internationalization/icudt64l/lang/pa_Guru.res" 1438
"../../../Engine/Content/Internationalization/icudt64l/lang/pa_IN.res" 1439
"../../../Engine/Content/Internationalization/icudt64l/lang/pa_Guru_IN.res" 1440
"../../../Engine/Content/Internationalization/icudt64l/region/pa_IN.res" 1441
"../../../Engine/Content/Internationalization/icudt64l/region/pa_Guru_IN.res" 1442
"../../../Engine/Content/Internationalization/icudt64l/region/pa_Guru.res" 1443
"../../../Engine/Content/Internationalization/icudt64l/region/pa.res" 1444
"../../../Engine/Content/Internationalization/icudt64l/lang/pl.res" 1445
"../../../Engine/Content/Internationalization/icudt64l/region/pl.res" 1446
"../../../Engine/Content/Internationalization/icudt64l/lang/ps.res" 1447
"../../../Engine/Content/Internationalization/icudt64l/region/ps.res" 1448
"../../../Engine/Content/Internationalization/icudt64l/lang/ps_PK.res" 1449
"../../../Engine/Content/Internationalization/icudt64l/region/ps_PK.res" 1450
"../../../Engine/Content/Internationalization/icudt64l/lang/pt.res" 1451
"../../../Engine/Content/Internationalization/icudt64l/lang/pt_AO.res" 1452
"../../../Engine/Content/Internationalization/icudt64l/lang/pt_PT.res" 1453
"../../../Engine/Content/Internationalization/icudt64l/region/pt_AO.res" 1454
"../../../Engine/Content/Internationalization/icudt64l/region/pt_PT.res" 1455
"../../../Engine/Content/Internationalization/icudt64l/region/pt.res" 1456
"../../../Engine/Content/Internationalization/icudt64l/lang/pt_CH.res" 1457
"../../../Engine/Content/Internationalization/icudt64l/region/pt_CH.res" 1458
"../../../Engine/Content/Internationalization/icudt64l/lang/pt_CV.res" 1459
"../../../Engine/Content/Internationalization/icudt64l/region/pt_CV.res" 1460
"../../../Engine/Content/Internationalization/icudt64l/lang/pt_GQ.res" 1461
"../../../Engine/Content/Internationalization/icudt64l/region/pt_GQ.res" 1462
"../../../Engine/Content/Internationalization/icudt64l/lang/pt_GW.res" 1463
"../../../Engine/Content/Internationalization/icudt64l/region/pt_GW.res" 1464
"../../../Engine/Content/Internationalization/icudt64l/lang/pt_LU.res" 1465
"../../../Engine/Content/Internationalization/icudt64l/region/pt_LU.res" 1466
"../../../Engine/Content/Internationalization/icudt64l/lang/pt_MO.res" 1467
"../../../Engine/Content/Internationalization/icudt64l/region/pt_MO.res" 1468
"../../../Engine/Content/Internationalization/icudt64l/lang/pt_MZ.res" 1469
"../../../Engine/Content/Internationalization/icudt64l/region/pt_MZ.res" 1470
"../../../Engine/Content/Internationalization/icudt64l/lang/pt_ST.res" 1471
"../../../Engine/Content/Internationalization/icudt64l/region/pt_ST.res" 1472
"../../../Engine/Content/Internationalization/icudt64l/lang/pt_TL.res" 1473
"../../../Engine/Content/Internationalization/icudt64l/region/pt_TL.res" 1474
"../../../Engine/Content/Internationalization/icudt64l/lang/qu.res" 1475
"../../../Engine/Content/Internationalization/icudt64l/region/qu.res" 1476
"../../../Engine/Content/Internationalization/icudt64l/lang/rm.res" 1477
"../../../Engine/Content/Internationalization/icudt64l/region/rm.res" 1478
"../../../Engine/Content/Internationalization/icudt64l/lang/rn.res" 1479
"../../../Engine/Content/Internationalization/icudt64l/region/rn.res" 1480
"../../../Engine/Content/Internationalization/icudt64l/lang/ro.res" 1481
"../../../Engine/Content/Internationalization/icudt64l/lang/ro_MD.res" 1482
"../../../Engine/Content/Internationalization/icudt64l/region/ro_MD.res" 1483
"../../../Engine/Content/Internationalization/icudt64l/region/ro.res" 1484
"../../../Engine/Content/Internationalization/icudt64l/lang/rof.res" 1485
"../../../Engine/Content/Internationalization/icudt64l/region/rof.res" 1486
"../../../Engine/Content/Internationalization/icudt64l/lang/ru.res" 1487
"../../../Engine/Content/Internationalization/icudt64l/region/ru.res" 1488
"../../../Engine/Content/Internationalization/icudt64l/region/ru_UA.res" 1489
"../../../Engine/Content/Internationalization/icudt64l/lang/rw.res" 1490
"../../../Engine/Content/Internationalization/icudt64l/region/rw.res" 1491
"../../../Engine/Content/Internationalization/icudt64l/lang/rwk.res" 1492
"../../../Engine/Content/Internationalization/icudt64l/region/rwk.res" 1493
"../../../Engine/Content/Internationalization/icudt64l/lang/sah.res" 1494
"../../../Engine/Content/Internationalization/icudt64l/region/sah.res" 1495
"../../../Engine/Content/Internationalization/icudt64l/lang/saq.res" 1496
"../../../Engine/Content/Internationalization/icudt64l/region/saq.res" 1497
"../../../Engine/Content/Internationalization/icudt64l/lang/sbp.res" 1498
"../../../Engine/Content/Internationalization/icudt64l/region/sbp.res" 1499
"../../../Engine/Content/Internationalization/icudt64l/lang/sd.res" 1500
"../../../Engine/Content/Internationalization/icudt64l/region/sd.res" 1501
"../../../Engine/Content/Internationalization/icudt64l/lang/se.res" 1502
"../../../Engine/Content/Internationalization/icudt64l/lang/se_FI.res" 1503
"../../../Engine/Content/Internationalization/icudt64l/region/se_FI.res" 1504
"../../../Engine/Content/Internationalization/icudt64l/region/se.res" 1505
"../../../Engine/Content/Internationalization/icudt64l/lang/seh.res" 1506
"../../../Engine/Content/Internationalization/icudt64l/region/seh.res" 1507
"../../../Engine/Content/Internationalization/icudt64l/lang/ses.res" 1508
"../../../Engine/Content/Internationalization/icudt64l/region/ses.res" 1509
"../../../Engine/Content/Internationalization/icudt64l/lang/sg.res" 1510
"../../../Engine/Content/Internationalization/icudt64l/region/sg.res" 1511
"../../../Engine/Content/Internationalization/icudt64l/lang/shi.res" 1512
"../../../Engine/Content/Internationalization/icudt64l/lang/shi_Latn.res" 1513
"../../../Engine/Content/Internationalization/icudt64l/lang/shi_MA.res" 1514
"../../../Engine/Content/Internationalization/icudt64l/lang/shi_Tfng_MA.res" 1515
"../../../Engine/Content/Internationalization/icudt64l/lang/shi_Tfng.res" 1516
"../../../Engine/Content/Internationalization/icudt64l/region/shi_MA.res" 1517
"../../../Engine/Content/Internationalization/icudt64l/region/shi_Tfng_MA.res" 1518
"../../../Engine/Content/Internationalization/icudt64l/region/shi_Tfng.res" 1519
"../../../Engine/Content/Internationalization/icudt64l/region/shi.res" 1520
"../../../Engine/Content/Internationalization/icudt64l/region/shi_Latn.res" 1521
"../../../Engine/Content/Internationalization/icudt64l/lang/si.res" 1522
"../../../Engine/Content/Internationalization/icudt64l/region/si.res" 1523
"../../../Engine/Content/Internationalization/icudt64l/lang/sk.res" 1524
"../../../Engine/Content/Internationalization/icudt64l/region/sk.res" 1525
"../../../Engine/Content/Internationalization/icudt64l/lang/sl.res" 1526
"../../../Engine/Content/Internationalization/icudt64l/region/sl.res" 1527
"../../../Engine/Content/Internationalization/icudt64l/lang/smn.res" 1528
"../../../Engine/Content/Internationalization/icudt64l/region/smn.res" 1529
"../../../Engine/Content/Internationalization/icudt64l/lang/sn.res" 1530
"../../../Engine/Content/Internationalization/icudt64l/region/sn.res" 1531
"../../../Engine/Content/Internationalization/icudt64l/lang/so.res" 1532
"../../../Engine/Content/Internationalization/icudt64l/region/so.res" 1533
"../../../Engine/Content/Internationalization/icudt64l/lang/sq.res" 1534
"../../../Engine/Content/Internationalization/icudt64l/region/sq.res" 1535
"../../../Engine/Content/Internationalization/icudt64l/lang/sr.res" 1536
"../../../Engine/Content/Internationalization/icudt64l/lang/sr_Cyrl.res" 1537
"../../../Engine/Content/Internationalization/icudt64l/lang/sr_BA.res" 1538
"../../../Engine/Content/Internationalization/icudt64l/lang/sr_Cyrl_BA.res" 1539
"../../../Engine/Content/Internationalization/icudt64l/region/sr_BA.res" 1540
"../../../Engine/Content/Internationalization/icudt64l/region/sr_Cyrl_BA.res" 1541
"../../../Engine/Content/Internationalization/icudt64l/region/sr_Cyrl.res" 1542
"../../../Engine/Content/Internationalization/icudt64l/region/sr.res" 1543
"../../../Engine/Content/Internationalization/icudt64l/lang/sr_ME.res" 1544
"../../../Engine/Content/Internationalization/icudt64l/lang/sr_Latn_ME.res" 1545
"../../../Engine/Content/Internationalization/icudt64l/lang/sr_Latn.res" 1546
"../../../Engine/Content/Internationalization/icudt64l/region/sr_ME.res" 1547
"../../../Engine/Content/Internationalization/icudt64l/region/sr_Latn_ME.res" 1548
"../../../Engine/Content/Internationalization/icudt64l/region/sr_Latn.res" 1549
"../../../Engine/Content/Internationalization/icudt64l/lang/sr_Cyrl_ME.res" 1550
"../../../Engine/Content/Internationalization/icudt64l/region/sr_Cyrl_ME.res" 1551
"../../../Engine/Content/Internationalization/icudt64l/lang/sr_RS.res" 1552
"../../../Engine/Content/Internationalization/icudt64l/lang/sr_Cyrl_RS.res" 1553
"../../../Engine/Content/Internationalization/icudt64l/region/sr_RS.res" 1554
"../../../Engine/Content/Internationalization/icudt64l/region/sr_Cyrl_RS.res" 1555
"../../../Engine/Content/Internationalization/icudt64l/lang/sr_XK.res" 1556
"../../../Engine/Content/Internationalization/icudt64l/lang/sr_Cyrl_XK.res" 1557
"../../../Engine/Content/Internationalization/icudt64l/region/sr_XK.res" 1558
"../../../Engine/Content/Internationalization/icudt64l/region/sr_Cyrl_XK.res" 1559
"../../../Engine/Content/Internationalization/icudt64l/lang/sr_Latn_BA.res" 1560
"../../../Engine/Content/Internationalization/icudt64l/region/sr_Latn_BA.res" 1561
"../../../Engine/Content/Internationalization/icudt64l/lang/sr_Latn_RS.res" 1562
"../../../Engine/Content/Internationalization/icudt64l/region/sr_Latn_RS.res" 1563
"../../../Engine/Content/Internationalization/icudt64l/lang/sr_Latn_XK.res" 1564
"../../../Engine/Content/Internationalization/icudt64l/region/sr_Latn_XK.res" 1565
"../../../Engine/Content/Internationalization/icudt64l/lang/sv.res" 1566
"../../../Engine/Content/Internationalization/icudt64l/region/sv.res" 1567
"../../../Engine/Content/Internationalization/icudt64l/lang/sv_FI.res" 1568
"../../../Engine/Content/Internationalization/icudt64l/lang/sw.res" 1569
"../../../Engine/Content/Internationalization/icudt64l/lang/sw_CD.res" 1570
"../../../Engine/Content/Internationalization/icudt64l/region/sw_CD.res" 1571
"../../../Engine/Content/Internationalization/icudt64l/region/sw.res" 1572
"../../../Engine/Content/Internationalization/icudt64l/lang/sw_KE.res" 1573
"../../../Engine/Content/Internationalization/icudt64l/region/sw_KE.res" 1574
"../../../Engine/Content/Internationalization/icudt64l/lang/ta.res" 1575
"../../../Engine/Content/Internationalization/icudt64l/region/ta.res" 1576
"../../../Engine/Content/Internationalization/icudt64l/lang/te.res" 1577
"../../../Engine/Content/Internationalization/icudt64l/region/te.res" 1578
"../../../Engine/Content/Internationalization/icudt64l/lang/teo.res" 1579
"../../../Engine/Content/Internationalization/icudt64l/region/teo.res" 1580
"../../../Engine/Content/Internationalization/icudt64l/lang/tg.res" 1581
"../../../Engine/Content/Internationalization/icudt64l/region/tg.res" 1582
"../../../Engine/Content/Internationalization/icudt64l/lang/th.res" 1583
"../../../Engine/Content/Internationalization/icudt64l/lang/th_TH.res" 1584
"../../../Engine/Content/Internationalization/icudt64l/region/th_TH.res" 1585
"../../../Engine/Content/Internationalization/icudt64l/region/th.res" 1586
"../../../Engine/Content/Internationalization/icudt64l/lang/ti.res" 1587
"../../../Engine/Content/Internationalization/icudt64l/region/ti.res" 1588
"../../../Engine/Content/Internationalization/icudt64l/lang/tk.res" 1589
"../../../Engine/Content/Internationalization/icudt64l/region/tk.res" 1590
"../../../Engine/Content/Internationalization/icudt64l/lang/to.res" 1591
"../../../Engine/Content/Internationalization/icudt64l/region/to.res" 1592
"../../../Engine/Content/Internationalization/icudt64l/lang/tr.res" 1593
"../../../Engine/Content/Internationalization/icudt64l/region/tr.res" 1594
"../../../Engine/Content/Internationalization/icudt64l/lang/tt.res" 1595
"../../../Engine/Content/Internationalization/icudt64l/region/tt.res" 1596
"../../../Engine/Content/Internationalization/icudt64l/lang/twq.res" 1597
"../../../Engine/Content/Internationalization/icudt64l/region/twq.res" 1598
"../../../Engine/Content/Internationalization/icudt64l/lang/tzm.res" 1599
"../../../Engine/Content/Internationalization/icudt64l/region/tzm.res" 1600
"../../../Engine/Content/Internationalization/icudt64l/lang/ug.res" 1601
"../../../Engine/Content/Internationalization/icudt64l/region/ug.res" 1602
"../../../Engine/Content/Internationalization/icudt64l/lang/uk.res" 1603
"../../../Engine/Content/Internationalization/icudt64l/region/uk.res" 1604
"../../../Engine/Content/Internationalization/icudt64l/lang/ur.res" 1605
"../../../Engine/Content/Internationalization/icudt64l/lang/ur_IN.res" 1606
"../../../Engine/Content/Internationalization/icudt64l/region/ur_IN.res" 1607
"../../../Engine/Content/Internationalization/icudt64l/region/ur.res" 1608
"../../../Engine/Content/Internationalization/icudt64l/lang/uz.res" 1609
"../../../Engine/Content/Internationalization/icudt64l/lang/uz_Arab.res" 1610
"../../../Engine/Content/Internationalization/icudt64l/lang/uz_AF.res" 1611
"../../../Engine/Content/Internationalization/icudt64l/lang/uz_Arab_AF.res" 1612
"../../../Engine/Content/Internationalization/icudt64l/region/uz_AF.res" 1613
"../../../Engine/Content/Internationalization/icudt64l/region/uz_Arab_AF.res" 1614
"../../../Engine/Content/Internationalization/icudt64l/region/uz_Arab.res" 1615
"../../../Engine/Content/Internationalization/icudt64l/lang/uz_Cyrl.res" 1616
"../../../Engine/Content/Internationalization/icudt64l/lang/uz_UZ.res" 1617
"../../../Engine/Content/Internationalization/icudt64l/lang/uz_Latn_UZ.res" 1618
"../../../Engine/Content/Internationalization/icudt64l/lang/uz_Latn.res" 1619
"../../../Engine/Content/Internationalization/icudt64l/region/uz_UZ.res" 1620
"../../../Engine/Content/Internationalization/icudt64l/region/uz_Latn_UZ.res" 1621
"../../../Engine/Content/Internationalization/icudt64l/region/uz_Latn.res" 1622
"../../../Engine/Content/Internationalization/icudt64l/region/uz.res" 1623
"../../../Engine/Content/Internationalization/icudt64l/region/uz_Cyrl.res" 1624
"../../../Engine/Content/Internationalization/icudt64l/lang/vai.res" 1625
"../../../Engine/Content/Internationalization/icudt64l/lang/vai_Latn.res" 1626
"../../../Engine/Content/Internationalization/icudt64l/lang/vai_LR.res" 1627
"../../../Engine/Content/Internationalization/icudt64l/lang/vai_Vaii_LR.res" 1628
"../../../Engine/Content/Internationalization/icudt64l/lang/vai_Vaii.res" 1629
"../../../Engine/Content/Internationalization/icudt64l/region/vai_LR.res" 1630
"../../../Engine/Content/Internationalization/icudt64l/region/vai_Vaii_LR.res" 1631
"../../../Engine/Content/Internationalization/icudt64l/region/vai_Vaii.res" 1632
"../../../Engine/Content/Internationalization/icudt64l/region/vai.res" 1633
"../../../Engine/Content/Internationalization/icudt64l/region/vai_Latn.res" 1634
"../../../Engine/Content/Internationalization/icudt64l/lang/vi.res" 1635
"../../../Engine/Content/Internationalization/icudt64l/region/vi.res" 1636
"../../../Engine/Content/Internationalization/icudt64l/lang/vun.res" 1637
"../../../Engine/Content/Internationalization/icudt64l/region/vun.res" 1638
"../../../Engine/Content/Internationalization/icudt64l/lang/wae.res" 1639
"../../../Engine/Content/Internationalization/icudt64l/region/wae.res" 1640
"../../../Engine/Content/Internationalization/icudt64l/lang/wo.res" 1641
"../../../Engine/Content/Internationalization/icudt64l/region/wo.res" 1642
"../../../Engine/Content/Internationalization/icudt64l/lang/xh.res" 1643
"../../../Engine/Content/Internationalization/icudt64l/region/xh.res" 1644
"../../../Engine/Content/Internationalization/icudt64l/lang/xog.res" 1645
"../../../Engine/Content/Internationalization/icudt64l/region/xog.res" 1646
"../../../Engine/Content/Internationalization/icudt64l/lang/yav.res" 1647
"../../../Engine/Content/Internationalization/icudt64l/region/yav.res" 1648
"../../../Engine/Content/Internationalization/icudt64l/lang/yi.res" 1649
"../../../Engine/Content/Internationalization/icudt64l/region/yi.res" 1650
"../../../Engine/Content/Internationalization/icudt64l/lang/yo.res" 1651
"../../../Engine/Content/Internationalization/icudt64l/lang/yo_BJ.res" 1652
"../../../Engine/Content/Internationalization/icudt64l/region/yo_BJ.res" 1653
"../../../Engine/Content/Internationalization/icudt64l/region/yo.res" 1654
"../../../Engine/Content/Internationalization/icudt64l/lang/yue.res" 1655
"../../../Engine/Content/Internationalization/icudt64l/lang/yue_Hans.res" 1656
"../../../Engine/Content/Internationalization/icudt64l/lang/yue_CN.res" 1657
"../../../Engine/Content/Internationalization/icudt64l/lang/yue_Hans_CN.res" 1658
"../../../Engine/Content/Internationalization/icudt64l/region/yue_CN.res" 1659
"../../../Engine/Content/Internationalization/icudt64l/region/yue_Hans_CN.res" 1660
"../../../Engine/Content/Internationalization/icudt64l/region/yue_Hans.res" 1661
"../../../Engine/Content/Internationalization/icudt64l/lang/yue_Hant.res" 1662
"../../../Engine/Content/Internationalization/icudt64l/lang/yue_HK.res" 1663
"../../../Engine/Content/Internationalization/icudt64l/lang/yue_Hant_HK.res" 1664
"../../../Engine/Content/Internationalization/icudt64l/region/yue_HK.res" 1665
"../../../Engine/Content/Internationalization/icudt64l/region/yue_Hant_HK.res" 1666
"../../../Engine/Content/Internationalization/icudt64l/region/yue_Hant.res" 1667
"../../../Engine/Content/Internationalization/icudt64l/region/yue.res" 1668
"../../../Engine/Content/Internationalization/icudt64l/lang/zgh.res" 1669
"../../../Engine/Content/Internationalization/icudt64l/region/zgh.res" 1670
"../../../Engine/Content/Internationalization/icudt64l/lang/zh.res" 1671
"../../../Engine/Content/Internationalization/icudt64l/lang/zh_Hans.res" 1672
"../../../Engine/Content/Internationalization/icudt64l/lang/zh_CN.res" 1673
"../../../Engine/Content/Internationalization/icudt64l/lang/zh_Hans_CN.res" 1674
"../../../Engine/Content/Internationalization/icudt64l/region/zh_CN.res" 1675
"../../../Engine/Content/Internationalization/icudt64l/region/zh_Hans_CN.res" 1676
"../../../Engine/Content/Internationalization/icudt64l/region/zh_Hans.res" 1677
"../../../Engine/Content/Internationalization/icudt64l/region/zh.res" 1678
"../../../Engine/Content/Internationalization/icudt64l/lang/zh_HK.res" 1679
"../../../Engine/Content/Internationalization/icudt64l/lang/zh_Hant_HK.res" 1680
"../../../Engine/Content/Internationalization/icudt64l/lang/zh_Hant.res" 1681
"../../../Engine/Content/Internationalization/icudt64l/region/zh_HK.res" 1682
"../../../Engine/Content/Internationalization/icudt64l/region/zh_Hant_HK.res" 1683
"../../../Engine/Content/Internationalization/icudt64l/region/zh_Hant.res" 1684
"../../../Engine/Content/Internationalization/icudt64l/lang/zh_MO.res" 1685
"../../../Engine/Content/Internationalization/icudt64l/lang/zh_Hant_MO.res" 1686
"../../../Engine/Content/Internationalization/icudt64l/region/zh_MO.res" 1687
"../../../Engine/Content/Internationalization/icudt64l/region/zh_Hant_MO.res" 1688
"../../../Engine/Content/Internationalization/icudt64l/lang/zh_SG.res" 1689
"../../../Engine/Content/Internationalization/icudt64l/lang/zh_Hans_SG.res" 1690
"../../../Engine/Content/Internationalization/icudt64l/region/zh_SG.res" 1691
"../../../Engine/Content/Internationalization/icudt64l/region/zh_Hans_SG.res" 1692
"../../../Engine/Content/Internationalization/icudt64l/lang/zh_TW.res" 1693
"../../../Engine/Content/Internationalization/icudt64l/lang/zh_Hant_TW.res" 1694
"../../../Engine/Content/Internationalization/icudt64l/region/zh_TW.res" 1695
"../../../Engine/Content/Internationalization/icudt64l/region/zh_Hant_TW.res" 1696
"../../../Engine/Content/Internationalization/icudt64l/lang/zu.res" 1697
"../../../Engine/Content/Internationalization/icudt64l/region/zu.res" 1698
"../../../Engine/Content/Internationalization/icudt64l/lang/no.res" 1699
"../../../Engine/Content/Internationalization/icudt64l/lang/tl.res" 1700
"../../../Engine/Config/Android/DataDrivenPlatformInfo.ini" 1701
"../../../Engine/Config/HoloLens/DataDrivenPlatformInfo.ini" 1702
"../../../Engine/Config/IOS/DataDrivenPlatformInfo.ini" 1703
"../../../Engine/Config/Linux/DataDrivenPlatformInfo.ini" 1704
"../../../Engine/Config/LinuxArm64/DataDrivenPlatformInfo.ini" 1705
"../../../Engine/Config/Mac/DataDrivenPlatformInfo.ini" 1706
"../../../Engine/Config/TVOS/DataDrivenPlatformInfo.ini" 1707
"../../../Engine/Config/Unix/DataDrivenPlatformInfo.ini" 1708
"../../../Engine/Config/VulkanPC/DataDrivenPlatformInfo.ini" 1709
"../../../Engine/Config/Windows/DataDrivenPlatformInfo.ini" 1710
"../../../Engine/DerivedDataCache/Compressed.ddp" 1711
"C:/Users/d.seerig/AppData/Local/UnrealEngine/Common/DerivedDataCache/TestData/0/TestData_4kb.dat" 1712
"C:/Users/d.seerig/AppData/Local/UnrealEngine/Common/DerivedDataCache/TestData/1/TestData_4kb.dat" 1713
"C:/Users/d.seerig/AppData/Local/UnrealEngine/Common/DerivedDataCache/TestData/0/TestData_8kb.dat" 1714
"C:/Users/d.seerig/AppData/Local/UnrealEngine/Common/DerivedDataCache/TestData/1/TestData_8kb.dat" 1715
"C:/Users/d.seerig/AppData/Local/UnrealEngine/Common/DerivedDataCache/TestData/0/TestData_16kb.dat" 1716
"C:/Users/d.seerig/AppData/Local/UnrealEngine/Common/DerivedDataCache/TestData/1/TestData_16kb.dat" 1717
"C:/Users/d.seerig/AppData/Local/UnrealEngine/Common/DerivedDataCache/TestData/0/TestData_64kb.dat" 1718
"C:/Users/d.seerig/AppData/Local/UnrealEngine/Common/DerivedDataCache/TestData/1/TestData_64kb.dat" 1719
"C:/Users/d.seerig/AppData/Local/UnrealEngine/Common/DerivedDataCache/TestData/0/TestData_128kb.dat" 1720
"C:/Users/d.seerig/AppData/Local/UnrealEngine/Common/DerivedDataCache/TestData/1/TestData_128kb.dat" 1721
"C:/Users/d.seerig/AppData/Local/UnrealEngine/Common/DerivedDataCache/TestData/0/TestData_256kb.dat" 1722
"C:/Users/d.seerig/AppData/Local/UnrealEngine/Common/DerivedDataCache/TestData/1/TestData_256kb.dat" 1723
"../../../Engine/Plugins/FX/Niagara/Shaders/Private/NiagaraSpriteVertexFactory.ush" 1724
"../../../Engine/Shaders/Private/VertexFactoryCommon.ush" 1725
"../../../Engine/Shaders/Private/Common.ush" 1726
"../../../Engine/Shaders/Public/Platform.ush" 1727
"../../../Engine/Shaders/Public/FP16Math.ush" 1728
"../../../Engine/Shaders/Public/Platform/D3D/D3DCommon.ush" 1729
"../../../Engine/Shaders/Public/BindlessResources.ush" 1730
"../../../Engine/Shaders/Public/ShaderVersion.ush" 1731
"../../../Engine/Shaders/Private/GeneratedUniformBufferTypes.ush" 1732
"../../../Engine/Shaders/Private/Nanite/NanitePackedNaniteView.ush" 1733
"../../../Engine/Shaders/Private/HairStrands/HairStrandsVisibilityCommonStruct.ush" 1734
"../../../Engine/Shaders/Private/HairStrands/HairStrandsVoxelPageCommonStruct.ush" 1735
"../../../Engine/Shaders/Private/HairStrands/HairStrandsDeepShadowCommonStruct.ush" 1736
"../../../Engine/Shaders/Private/CommonViewUniformBuffer.ush" 1737
"../../../Engine/Shaders/Private/LargeWorldCoordinates.ush" 1738
"../../../Engine/Shaders/Private/LWCOperations.ush" 1739
"../../../Engine/Shaders/Private/InstancedStereo.ush" 1740
"../../../Engine/Shaders/Private/Definitions.usf" 1741
"../../../Engine/Shaders/Private/AssertionMacros.ush" 1742
"../../../Engine/Shaders/Private/FastMath.ush" 1743
"../../../Engine/Shaders/Private/FastMathThirdParty.ush" 1744
"../../../Engine/Shaders/Private/Random.ush" 1745
"../../../Engine/Shaders/Private/SceneData.ush" 1746
"../../../Engine/Shaders/Private/OctahedralCommon.ush" 1747
"../../../Engine/Shaders/Shared/LightSceneData.h" 1748
"../../../Engine/Shaders/Shared/HLSLTypeAliases.h" 1749
"../../../Engine/Shaders/Private/ParticleVertexFactoryCommon.ush" 1750
"../../../Engine/Plugins/FX/Niagara/Shaders/Private/NiagaraVFCommon.usf" 1751
"../../../Engine/Plugins/FX/Niagara/Shaders/Private/NiagaraVFParticleAccess.usf" 1752
"../../../Engine/Plugins/FX/Niagara/Shaders/Private/NiagaraParticleAccess.ush" 1753
"../../../Engine/Shaders/Private/VertexFactoryDefaultInterface.ush" 1754
"../../../Engine/Plugins/FX/Niagara/Shaders/Private/NiagaraRibbonVertexFactory.ush" 1755
"../../../Engine/Plugins/FX/Niagara/Shaders/Private/NiagaraMeshVertexFactory.ush" 1756
"../../../Engine/Plugins/FX/Niagara/Shaders/Private/NiagaraCommon.ush" 1757
"../../../Engine/Plugins/FX/Niagara/Shaders/Private/NiagaraMeshParticleUtils.ush" 1758
"../../../Engine/Shaders/Private/RayTracing/RayTracingCommon.ush" 1759
"../../../Engine/Shaders/Private/ShadingCommon.ush" 1760
"../../../Engine/Shaders/Shared/RayTracingDefinitions.h" 1761
"../../../Engine/Shaders/Shared/RayTracingPayloadType.h" 1762
"../../../Engine/Shaders/Shared/HLSLStaticAssert.h" 1763
"../../../Engine/Shaders/Private/RayTracing/RayTracingRayCone.ush" 1764
"../../../Engine/Shaders/Private/Strata/Strata.ush" 1765
"../../../Engine/Shaders/Private/ShadingEnergyConservation.ush" 1766
"../../../Engine/Shaders/Private/ShadingEnergyConservationTemplate.ush" 1767
"../../../Engine/Shaders/Private/BRDF.ush" 1768
"../../../Engine/Shaders/Private/ColorSpace.ush" 1769
"../../../Engine/Shaders/Private/DeferredShadingCommon.ush" 1770
"../../../Engine/Shaders/Private/LightAccumulator.ush" 1771
"../../../Engine/Shaders/Private/SceneTexturesCommon.ush" 1772
"../../../Engine/Shaders/Private/MonteCarlo.ush" 1773
"../../../Engine/Shaders/Private/GBufferHelpers.ush" 1774
"../../../Engine/Shaders/Private/SceneTextureParameters.ush" 1775
"D:/Progetti/PurgatorySeaServer/Unreal Engine/PurgatorySea/Intermediate/ShaderAutogen/PCD3D_SM5/AutogenShaderHeaders.ush" 1776
"../../../Engine/Shaders/Private/ParticipatingMediaCommon.ush" 1777
"../../../Engine/Shaders/Private/ThinFilmBSDF.ush" 1778
"../../../Engine/Shaders/Private/MortonCode.ush" 1779
"../../../Engine/Shaders/Private/SubsurfaceProfileCommon.ush" 1780
"../../../Engine/Shaders/Private/BurleyNormalizedSSSCommon.ush" 1781
"../../../Engine/Shaders/Private/GammaCorrectionCommon.ush" 1782
"../../../Engine/Shaders/Shared/StrataDefinitions.h" 1783
"../../../Engine/Shaders/Private/Strata/StrataStatisticalOperators.ush" 1784
"../../../Engine/Shaders/Private/RayTracing/RayTracingCommonMetal.ush" 1785
"../../../Engine/Shaders/Private/PositionReconstructionCommon.ush" 1786
"../../../Engine/Shaders/Private/RayTracing/RayTracingHitGroupCommon.ush" 1787
"../../../Engine/Shaders/Shared/RayTracingBuiltInResources.h" 1788
"../../../Engine/Shaders/Private/VectorFieldVisualizationVertexFactory.ush" 1789
"../../../Engine/Shaders/Private/Nanite/NaniteVertexFactory.ush" 1790
"../../../Engine/Shaders/Private/LightmapData.ush" 1791
"../../../Engine/Shaders/Private/Nanite/NaniteDataDecode.ush" 1792
"../../../Engine/Shaders/Private/BitPacking.ush" 1793
"../../../Engine/Shaders/Private/BitStreamReaderImplementation.ush" 1794
"../../../Engine/Shaders/Shared/NaniteDefinitions.h" 1795
"../../../Engine/Shaders/Private/Nanite/NaniteAttributeDecode.ush" 1796
"../../../Engine/Shaders/Private/ParticleSpriteVertexFactory.ush" 1797
"../../../Engine/Shaders/Private/ParticleGPUSpriteVertexFactory.ush" 1798
"../../../Engine/Shaders/Private/ParticleBeamTrailVertexFactory.ush" 1799
"../../../Engine/Shaders/Private/MeshParticleVertexFactory.ush" 1800
"../../../Engine/Shaders/Private/LocalVertexFactory.ush" 1801
"../../../Engine/Shaders/Private/LocalVertexFactoryCommon.ush" 1802
"../../../Engine/Shaders/Private/GpuSkinCommon.ush" 1803
"../../../Engine/Shaders/Private/GpuSkinVertexFactory.ush" 1804
"../../../Engine/Shaders/Private/GeometryCollectionVertexFactory.ush" 1805
"../../../Engine/Shaders/Private/GeometryCacheVertexFactory.ush" 1806
"../../../Engine/Shaders/Private/LandscapeVertexFactory.ush" 1807
"../../../Engine/Plugins/FX/Niagara/Shaders/Private/NiagaraFillIntBuffer.usf" 1808
"../../../Engine/Plugins/FX/Niagara/Shaders/Private/NiagaraComputeFreeIDs.usf" 1809
"../../../Engine/Plugins/FX/Niagara/Shaders/Private/NiagaraInitFreeIDBuffer.usf" 1810
"../../../Engine/Plugins/FX/Niagara/Shaders/Private/NiagaraEmitterInstanceShader.usf" 1811
"../../../Engine/Plugins/FX/Niagara/Shaders/Private/NiagaraShaderVersion.ush" 1812
"../../../Engine/Shaders/Private/DistanceField/GlobalDistanceFieldShared.ush" 1813
"../../../Engine/Plugins/FX/Niagara/Shaders/Private/NiagaraPhysicsCommon.ush" 1814
"../../../Engine/Plugins/FX/Niagara/Shaders/Private/Ribbons/NiagaraRibbonGenerateIndices.usf" 1815
"../../../Engine/Plugins/FX/Niagara/Shaders/Private/Ribbons/NiagaraRibbonCommon.ush" 1816
"../../../Engine/Plugins/FX/Niagara/Shaders/Private/Ribbons/NiagaraRibbonInitializeIndices.usf" 1817
"../../../Engine/Plugins/FX/Niagara/Shaders/Private/Ribbons/NiagaraRibbonRibbonUVParamCalculation.usf" 1818
"../../../Engine/Plugins/FX/Niagara/Shaders/Private/Ribbons/NiagaraRibbonVertexReductionFinalization.usf" 1819
"../../../Engine/Plugins/FX/Niagara/Shaders/Private/Ribbons/NiagaraRibbonVertexReductionPropagation.usf" 1820
"../../../Engine/Plugins/FX/Niagara/Shaders/Private/Ribbons/NiagaraRibbonVertexReductionInitialization.usf" 1821
"../../../Engine/Plugins/FX/Niagara/Shaders/Private/Ribbons/NiagaraRibbonSortParticles.usf" 1822
"../../../Engine/Plugins/FX/Niagara/Shaders/Private/NiagaraUpdateMeshGPUSceneInstances.usf" 1823
"../../../Engine/Shaders/Private/ComputeShaderUtils.ush" 1824
"../../../Engine/Shaders/Private/GPUScene/GPUSceneWriter.ush" 1825
"../../../Engine/Plugins/FX/Niagara/Shaders/Private/NiagaraGenerateMips.usf" 1826
"../../../Engine/Plugins/FX/Niagara/Shaders/Private/NiagaraDebugDraw.usf" 1827
"../../../Engine/Plugins/FX/Niagara/Shaders/Private/NiagaraDebugDraw.ush" 1828
"../../../Engine/Plugins/FX/Niagara/Shaders/Private/NiagaraVisualizeTexture.usf" 1829
"../../../Engine/Plugins/FX/Niagara/Shaders/Private/NiagaraClearCounts.usf" 1830
"../../../Engine/Plugins/FX/Niagara/Shaders/Private/NiagaraBatchedElements.usf" 1831
"../../../Engine/Plugins/FX/Niagara/Shaders/Private/NiagaraRayTracingShaders.usf" 1832
"../../../Engine/Plugins/FX/Niagara/Shaders/Private/NiagaraAsyncGpuTraceCommon.ush" 1833
"../../../Engine/Shaders/Private/HashTable.ush" 1834
"../../../Engine/Shaders/Private/Hash.ush" 1835
"../../../Engine/Shaders/Private/RayTracing/VFXTraceRay.ush" 1836
"../../../Engine/Plugins/FX/Niagara/Shaders/Private/NiagaraRayMarchingShaders.usf" 1837
"../../../Engine/Plugins/FX/Niagara/Shaders/Private/NiagaraRayTraceCollisionGroupShaders.usf" 1838
"../../../Engine/Plugins/FX/Niagara/Shaders/Private/NiagaraAsyncGpuTraceUtils.usf" 1839
"../../../Engine/Plugins/FX/Niagara/Shaders/Private/NiagaraSortKeyGen.usf" 1840
"../../../Engine/Plugins/FX/Niagara/Shaders/Private/NiagaraGPURayTracingTransforms.usf" 1841
"../../../Engine/Plugins/FX/Niagara/Shaders/Private/NiagaraDrawIndirectArgsGen.usf" 1842
"../../../Engine/Plugins/FX/Niagara/Shaders/Private/NiagaraDispatchIndirectArgsGen.usf" 1843
"../../../Engine/Plugins/Media/WmfMedia/Shaders/Private/MediaHardwareVideoDecoding.usf" 1844
"../../../Engine/Shaders/Private/ColorUtils.ush" 1845
"../../../Engine/Plugins/Media/ImgMedia/Shaders/Private/ExrSwizzler.usf" 1846
"../../../Engine/Plugins/Enterprise/GLTFExporter/Shaders/Private/SimpleTexture2DPS.usf" 1847
"../../../Engine/Shaders/Private/SimpleElementNormalMapPixelShader.usf" 1848
"../../../Engine/Shaders/Private/SlateElementPixelShader.usf" 1849
"../../../Engine/Shaders/Private/SlateShaderCommon.ush" 1850
"../../../Engine/Shaders/Private/MaterialTemplate.ush" 1851
"../../../Engine/Shaders/Private/EyeAdaptationCommon.ush" 1852
"../../../Engine/Shaders/Private/SobolRandom.ush" 1853
"../../../Engine/Shaders/Private/DepthOfFieldCommon.ush" 1854
"../../../Engine/Shaders/Private/CircleDOFCommon.ush" 1855
"../../../Engine/Shaders/Private/PhysicsFieldSampler.ush" 1856
"../../../Engine/Shaders/Private/PhysicsFieldShared.ush" 1857
"../../../Engine/Shaders/Private/HairShadingCommon.ush" 1858
"../../../Engine/Shaders/Private/HairStrands/HairCardsAttributeCommon.ush" 1859
"../../../Engine/Shaders/Private/HairStrands/HairStrandsVertexFactoryCommon.ush" 1860
"../../../Engine/Shaders/Shared/HairStrandsDefinitions.h" 1861
"../../../Engine/Shaders/Private/HairStrands/HairStrandsAttributeCommon.ush" 1862
"../../../Engine/Shaders/Private/SpeedTreeCommon.ush" 1863
"../../../Engine/Shaders/Private/VirtualTextureCommon.ush" 1864
"../../../Engine/Shaders/Private/MaterialTexture.ush" 1865
"../../../Engine/Shaders/Private/MinMaterialTexCoords.ush" 1866
"../../../Engine/Shaders/Private/SkyAtmosphereCommon.ush" 1867
"../../../Engine/Shaders/Private/SingleLayerWaterCommon.ush" 1868
"../../../Engine/Shaders/Private/TextureSampling.ush" 1869
"../../../Engine/Shaders/Private/PaniniProjection.ush" 1870
"../../../Engine/Shaders/Private/DBufferNormalReprojection.ush" 1871
"../../../Engine/Shaders/Private/Strata/StrataTree.ush" 1872
"../../../Engine/Shaders/Private/Strata/StrataEvaluation.ush" 1873
"../../../Engine/Shaders/Private/SHCommon.ush" 1874
"../../../Engine/Shaders/Private/ShadingModels.ush" 1875
"../../../Engine/Shaders/Private/CapsuleLight.ush" 1876
"../../../Engine/Shaders/Private/RectLight.ush" 1877
"../../../Engine/Shaders/Private/LightData.ush" 1878
"../../../Engine/Shaders/Private/AreaLightCommon.ush" 1879
"../../../Engine/Shaders/Private/TransmissionCommon.ush" 1880
"../../../Engine/Shaders/Private/HairBsdf.ush" 1881
"../../../Engine/Shaders/Private/MobileGGX.ush" 1882
"../../../Engine/Shaders/Private/ShadingModelsSampling.ush" 1883
"../../../Engine/Shaders/Private/HairStrands/HairBsdfSample.ush" 1884
"../../../Engine/Shaders/Private/HairStrands/HairStrandsCommon.ush" 1885
"../../../Engine/Shaders/Private/HairStrands/HairStrandsDeepTransmittanceCommon.ush" 1886
"../../../Engine/Shaders/Private/HairStrands/HairStrandsDeepTransmittanceDualScattering.ush" 1887
"../../../Engine/Shaders/Private/HairStrands/HairStrandsEnvironmentLightingCommon.ush" 1888
"../../../Engine/Shaders/Private/Strata/StrataLegacyConversion.ush" 1889
"../../../Engine/Shaders/Private/DBufferDecalShared.ush" 1890
"../../../Engine/Shaders/Private/CompositeUIPixelShader.usf" 1891
"../../../Engine/Shaders/Private/TonemapCommon.ush" 1892
"../../../Engine/Shaders/Private/ACES.ush" 1893
"../../../Engine/Shaders/Private/ColorDeficiency.ush" 1894
"../../../Engine/Shaders/Private/SlateMaskingShader.usf" 1895
"../../../Engine/Shaders/Private/SlatePostProcessColorDeficiencyPixelShader.usf" 1896
"../../../Engine/Shaders/Private/SlatePostProcessPixelShader.usf" 1897
"../../../Engine/Shaders/Private/SlateVertexShader.usf" 1898
"../../../Engine/Shaders/Private/TranslucentLightingShaders.usf" 1899
"../../../Engine/Shaders/Private/ShadowProjectionCommon.ush" 1900
"../../../Engine/Shaders/Private/CubemapCommon.ush" 1901
"../../../Engine/Shaders/Private/VectorFieldCompositeShaders.usf" 1902
"../../../Engine/Shaders/Private/UpdateTextureShaders.usf" 1903
"../../../Engine/Shaders/Private/StereoLayerShader.usf" 1904
"../../../Engine/Shaders/Private/MorphTargets.usf" 1905
"../../../Engine/Shaders/Private/SimpleElementColorChannelMaskPixelShader.usf" 1906
"../../../Engine/Shaders/Private/SimpleElementHitProxyPixelShader.usf" 1907
"../../../Engine/Shaders/Private/SimpleElementPixelShader.usf" 1908
"../../../Engine/Shaders/Private/IESLightProfilesCommon.ush" 1909
"../../../Engine/Shaders/Private/SimpleElementVertexShader.usf" 1910
"../../../Engine/Shaders/Private/ScreenPixelShaderOES.usf" 1911
"../../../Engine/Shaders/Private/ScreenVertexShader.usf" 1912
"../../../Engine/Shaders/Private/ScreenPixelShader.usf" 1913
"../../../Engine/Shaders/Private/SSProfilePreIntegratedMobile.usf" 1914
"../../../Engine/Shaders/Private/Nanite/NaniteClusterCulling.usf" 1915
"../../../Engine/Shaders/Private/Nanite/NaniteCulling.ush" 1916
"../../../Engine/Shaders/Private/Nanite/NaniteHierarchyTraversalCommon.ush" 1917
"../../../Engine/Shaders/Private/Nanite/NaniteHierarchyTraversal.ush" 1918
"../../../Engine/Shaders/Private/WaveOpUtil.ush" 1919
"../../../Engine/Shaders/Private/VirtualShadowMaps/VirtualShadowMapPageOverlap.ush" 1920
"../../../Engine/Shaders/Private/Nanite/NaniteHZBCull.ush" 1921
"../../../Engine/Shaders/Private/VirtualShadowMaps/VirtualShadowMapPageAccessCommon.ush" 1922
"../../../Engine/Shaders/Shared/VirtualShadowMapDefinitions.h" 1923
"../../../Engine/Shaders/Private/VirtualShadowMaps/VirtualShadowMapStaticCaching.ush" 1924
"../../../Engine/Shaders/Private/Nanite/NaniteCullingCommon.ush" 1925
"../../../Engine/Shaders/Private/GPUMessaging.ush" 1926
"../../../Engine/Shaders/Private/Nanite/NaniteTranscode.usf" 1927
"../../../Engine/Shaders/Private/VolumetricLightmapStreaming.usf" 1928
"../../../Engine/Shaders/Private/PhysicsFieldReset.usf" 1929
"../../../Engine/Shaders/Private/PhysicsFieldBuilder.usf" 1930
"../../../Engine/Shaders/Private/PhysicsFieldEval.ush" 1931
"../../../Engine/Shaders/Private/ParticleSortKeyGen.usf" 1932
"../../../Engine/Shaders/Private/ParticleBoundsShader.usf" 1933
"../../../Engine/Shaders/Private/ParticleSimVisualizeShader.usf" 1934
"../../../Engine/Shaders/Private/ParticleInjectionShader.usf" 1935
"../../../Engine/Shaders/Private/ParticleSimulationShader.usf" 1936
"../../../Engine/Shaders/Private/ParticleCurveInjectionShader.usf" 1937
"../../../Engine/Shaders/Private/CopyUIntBuffer.usf" 1938
"../../../Engine/Shaders/Private/RadixSortShaders.usf" 1939
"../../../Engine/Shaders/Private/RecomputeTangentsPerVertexPass.usf" 1940
"../../../Engine/Shaders/Private/RecomputeTangentsCommon.ush" 1941
"../../../Engine/Shaders/Private/RecomputeTangentsPerTrianglePass.usf" 1942
"../../../Engine/Shaders/Private/GpuSkinCacheComputeShader.usf" 1943
"../../../Engine/Shaders/Private/HeightFieldAtlasManagement.usf" 1944
"../../../Engine/Shaders/Private/LandscapePhysicalMaterial.usf" 1945
"../../../Engine/Shaders/Private/LandscapeGrassWeight.usf" 1946
"../../../Engine/Shaders/Private/Landscape/LandscapeLayersWeightmapsPS.usf" 1947
"../../../Engine/Shaders/Private/Landscape/LandscapeLayersHeightmapsPS.usf" 1948
"../../../Engine/Shaders/Private/Landscape/LandscapeCommon.ush" 1949
"../../../Engine/Shaders/Private/LandscapeLayersCS.usf" 1950
"../../../Engine/Shaders/Private/LandscapeLayersPS.usf" 1951
"../../../Engine/Shaders/Private/LandscapeLayersVS.usf" 1952
"../../../Engine/Shaders/Private/Landscape/LandscapeMergeHeightmapsPS.usf" 1953
"../../../Engine/Shaders/Private/WideCustomResolveShaders.usf" 1954
"../../../Engine/Shaders/Private/WideCustomResolve_Wide.ush" 1955
"../../../Engine/Shaders/Private/WideCustomResolve_Wider.ush" 1956
"../../../Engine/Shaders/Private/WideCustomResolve_Widest.ush" 1957
"../../../Engine/Shaders/Private/PageTableUpdate.usf" 1958
"../../../Engine/Shaders/Private/VirtualTextureCompress.usf" 1959
"../../../Engine/Shaders/Private/BlockCompressionCommon.ush" 1960
"../../../Engine/Shaders/Private/BCCompressionCommon.ush" 1961
"../../../Engine/Shaders/Private/ETCCompressionCommon.ush" 1962
"../../../Engine/Shaders/Private/VirtualTextureMaterial.usf" 1963
"../../../Engine/Shaders/Private/PixelShaderOutputCommon.ush" 1964
"../../../Engine/Shaders/Private/ShaderOutputCommon.ush" 1965
"../../../Engine/Shaders/Private/VolumetricRenderTarget.usf" 1966
"../../../Engine/Shaders/Private/VolumetricFogVoxelization.usf" 1967
"../../../Engine/Shaders/Private/VolumetricCloudMaterialPixelCommon.ush" 1968
"../../../Engine/Shaders/Private/VolumetricFogLightFunction.usf" 1969
"../../../Engine/Shaders/Private/LightFunctionCommon.ush" 1970
"../../../Engine/Shaders/Private/VolumetricFog.usf" 1971
"../../../Engine/Shaders/Private/DeferredLightingCommon.ush" 1972
"../../../Engine/Shaders/Private/DynamicLightingCommon.ush" 1973
"../../../Engine/Shaders/Private/CapsuleLightIntegrate.ush" 1974
"../../../Engine/Shaders/Private/CapsuleLightSampling.ush" 1975
"../../../Engine/Shaders/Private/RectLightIntegrate.ush" 1976
"../../../Engine/Shaders/Private/LightGridCommon.ush" 1977
"../../../Engine/Shaders/Private/HeightFogCommon.ush" 1978
"../../../Engine/Shaders/Private/DistanceFieldAOShared.ush" 1979
"../../../Engine/Shaders/Private/VolumeLightingCommon.ush" 1980
"../../../Engine/Shaders/Private/ShadowFilteringCommon.ush" 1981
"../../../Engine/Shaders/Private/PixelQuadMessagePassing.ush" 1982
"../../../Engine/Shaders/Private/VolumeLightingCommonSampling.ush" 1983
"../../../Engine/Shaders/Private/VolumetricLightmapShared.ush" 1984
"../../../Engine/Shaders/Private/ForwardShadowingCommon.ush" 1985
"../../../Engine/Shaders/Private/LightDataUniforms.ush" 1986
"../../../Engine/Shaders/Private/Lumen/LumenTranslucencyVolumeShared.ush" 1987
"../../../Engine/Shaders/Private/Lumen/LumenRadianceCacheInterpolation.ush" 1988
"../../../Engine/Shaders/Private/VirtualShadowMaps/VirtualShadowMapProjectionCommon.ush" 1989
"../../../Engine/Shaders/Private/VirtualShadowMaps/VirtualShadowMapProjectionStructs.ush" 1990
"../../../Engine/Shaders/Private/VolumetricCloudCommon.ush" 1991
"../../../Engine/Shaders/Private/VolumetricCloud.usf" 1992
"../../../Engine/Shaders/Private/ColorMap.ush" 1993
"../../../Engine/Shaders/Private/ShaderPrint.ush" 1994
"../../../Engine/Shaders/Private/ShaderPrintCommon.ush" 1995
"../../../Engine/Shaders/Private/MiniFontCommon.ush" 1996
"../../../Engine/Shaders/Private/ReflectionEnvironmentShared.ush" 1997
"../../../Engine/Shaders/Private/BlueNoise.ush" 1998
"../../../Engine/Shaders/Private/VisualizeVolumetricLightmap.usf" 1999
"../../../Engine/Shaders/Private/VirtualShadowMaps/VirtualShadowMapProjectionComposite.usf" 2000
"../../../Engine/Shaders/Private/LightShaderParameters.ush" 2001
"../../../Engine/Shaders/Private/VirtualShadowMaps/VirtualShadowMapMaskBitsCommon.ush" 2002
"../../../Engine/Shaders/Private/VirtualShadowMaps/VirtualShadowMapProjection.usf" 2003
"../../../Engine/Shaders/Private/HairStrands/HairStrandsVisibilityCommon.ush" 2004
"../../../Engine/Shaders/Private/Visualization.ush" 2005
"../../../Engine/Shaders/Private/VirtualShadowMaps/VirtualShadowMapProjectionFilter.ush" 2006
"../../../Engine/Shaders/Private/VirtualShadowMaps/VirtualShadowMapProjectionDirectional.ush" 2007
"../../../Engine/Shaders/Private/PathTracing/Utilities/PathTracingRandomSequence.ush" 2008
"../../../Engine/Shaders/Private/VirtualShadowMaps/VirtualShadowMapSMRTCommon.ush" 2009
"../../../Engine/Shaders/Private/VirtualShadowMaps/VirtualShadowMapSMRTTemplate.ush" 2010
"../../../Engine/Shaders/Private/VirtualShadowMaps/VirtualShadowMapProjectionSpot.ush" 2011
"../../../Engine/Shaders/Private/VirtualShadowMaps/VirtualShadowMapTransmissionCommon.ush" 2012
"../../../Engine/Shaders/Private/HairStrands/HairStrandsVoxelPageCommon.ush" 2013
"../../../Engine/Shaders/Private/HairStrands/HairStrandsVoxelPageTraversal.ush" 2014
"../../../Engine/Shaders/Private/VirtualShadowMaps/VirtualShadowMapCacheManagement.usf" 2015
"../../../Engine/Shaders/Private/VirtualShadowMaps/VirtualShadowMapPageCacheCommon.ush" 2016
"../../../Engine/Shaders/Private/ScreenSpaceDenoise/SSDDefinitions.ush" 2017
"../../../Engine/Shaders/Private/InstanceCulling/InstanceCullingLoadBalancer.ush" 2018
"../../../Engine/Shaders/Private/VirtualShadowMaps/VirtualShadowMapCopyStats.usf" 2019
"../../../Engine/Shaders/Private/VirtualShadowMaps/VirtualShadowMapPageManagement.usf" 2020
"../../../Engine/Shaders/Shared/SingleLayerWaterDefinitions.h" 2021
"../../../Engine/Shaders/Private/HairStrands/HairStrandsTileCommon.ush" 2022
"../../../Engine/Shaders/Private/ReductionCommon.ush" 2023
"../../../Engine/Shaders/Private/VirtualShadowMaps/VirtualShadowMapStats.ush" 2024
"../../../Engine/Shaders/Private/VirtualShadowMaps/VirtualShadowMapBuildPerPageDrawCommands.usf" 2025
"../../../Engine/Shaders/Private/InstanceCulling/InstanceCullingCommon.ush" 2026
"../../../Engine/Shaders/Private/VirtualShadowMaps/VirtualShadowMapPrintStats.usf" 2027
"../../../Engine/Shaders/Private/VirtualShadowMaps/VirtualShadowMapDebug.usf" 2028
"../../../Engine/Shaders/Private/VelocityShader.usf" 2029
"../../../Engine/Shaders/Private/VelocityCommon.ush" 2030
"../../../Engine/Shaders/Private/VariableRateShading/VRSShadingRatePreview.usf" 2031
"../../../Engine/Shaders/Private/VariableRateShading/VRSShadingRateCommon.ush" 2032
"../../../Engine/Shaders/Private/VariableRateShading/VRSShadingRateCombine.usf" 2033
"../../../Engine/Shaders/Private/VariableRateShading/FixedFoveationVariableRateShading.usf" 2034
"../../../Engine/Shaders/Private/VariableRateShading/VRSShadingRateReproject.usf" 2035
"../../../Engine/Shaders/Private/VariableRateShading/VRSShadingRateCalculate.usf" 2036
"../../../Engine/Shaders/Private/TranslucencyUpsampling.usf" 2037
"../../../Engine/Shaders/Private/ScreenPass.ush" 2038
"../../../Engine/Shaders/Private/ComposeSeparateTranslucency.usf" 2039
"../../../Engine/Shaders/Private/SeparateTranslucency.ush" 2040
"../../../Engine/Shaders/Private/TranslucentLightInjectionShaders.usf" 2041
"../../../Engine/Shaders/Private/TranslucentShadowDepthShaders.usf" 2042
"../../../Engine/Shaders/Private/ShadowDepthCommon.ush" 2043
"../../../Engine/Shaders/Private/RayTracing/RayTracingTest.usf" 2044
"../../../Engine/Shaders/Private/PostProcessSubsurfaceTile.usf" 2045
"../../../Engine/Shaders/Private/Strata/StrataVisualize.usf" 2046
"../../../Engine/Shaders/Private/Strata/StrataTile.ush" 2047
"../../../Engine/Shaders/Private/SkyLightingDiffuseShared.ush" 2048
"../../../Engine/Shaders/Private/SkyLightingShared.ush" 2049
"../../../Engine/Shaders/Private/ClearCoatCommon.ush" 2050
"../../../Engine/Shaders/Private/ReflectionEnvironmentComposite.ush" 2051
"../../../Engine/Shaders/Private/Strata/StrataLightingCommon.ush" 2052
"../../../Engine/Shaders/Private/Strata/StrataRoughRefraction.usf" 2053
"../../../Engine/Shaders/Private/PathTracing/Material/PathTracingFresnel.ush" 2054
"../../../Engine/Shaders/Private/PathTracing/Material/PathTracingGlossy.ush" 2055
"../../../Engine/Shaders/Private/Strata/StrataTile.usf" 2056
"../../../Engine/Shaders/Private/Strata/StrataMaterialClassification.usf" 2057
"../../../Engine/Shaders/Private/Strata/StrataDBuffer.usf" 2058
"../../../Engine/Shaders/Private/SparseVolumeTexture/VisualizeSparseVolumeTexture.usf" 2059
"../../../Engine/Shaders/Private/SkyAtmosphere.usf" 2060
"../../../Engine/Shaders/Private/CopyDepthTexture.usf" 2061
"../../../Engine/Shaders/Private/SingleLayerWaterComposite.usf" 2062
"../../../Engine/Shaders/Private/ShadowProjectionVertexShader.usf" 2063
"../../../Engine/Shaders/Private/ShadowProjectionPixelShader.usf" 2064
"../../../Engine/Shaders/Private/ShadowPercentageCloserFiltering.ush" 2065
"../../../Engine/Shaders/Private/TransmissionThickness.ush" 2066
"../../../Engine/Shaders/Private/CopyShadowMaps.usf" 2067
"../../../Engine/Shaders/Private/ShadowDepthPixelShader.usf" 2068
"../../../Engine/Shaders/Private/ShadowDepthVertexShader.usf" 2069
"../../../Engine/Shaders/Private/ShadingEnergyConservationTable.usf" 2070
"../../../Engine/Shaders/Shared/PathTracingDefinitions.h" 2071
"../../../Engine/Shaders/Private/ShadingFurnaceTest.usf" 2072
"../../../Engine/Shaders/Private/Strata/StrataDeferredLighting.ush" 2073
"../../../Engine/Shaders/Private/ShaderPrintDraw.usf" 2074
"../../../Engine/Shaders/Private/ShaderPrintDrawPrimitive.usf" 2075
"../../../Engine/Shaders/Private/SSRT/SSRTDiffuseIndirect.usf" 2076
"../../../Engine/Shaders/Private/SSRT/SSRTRayCast.ush" 2077
"../../../Engine/Shaders/Private/SSRT/SSRTTileClassificationBuffer.ush" 2078
"../../../Engine/Shaders/Private/SSRT/SSRTReflections.usf" 2079
"../../../Engine/Shaders/Private/ScreenSpaceDenoise/SSDPublic.ush" 2080
"../../../Engine/Shaders/Private/SSRT/SSRTTileClassification.usf" 2081
"../../../Engine/Shaders/Private/SSRT/SSRTPrevFrameReduction.usf" 2082
"../../../Engine/Shaders/Private/ScreenSpaceDenoise/SSDComposeHarmonics.usf" 2083
"../../../Engine/Shaders/Private/ScreenSpaceDenoise/SSDPublicHarmonics.ush" 2084
"../../../Engine/Shaders/Private/ScreenSpaceDenoise/SSDSignalFramework.ush" 2085
"../../../Engine/Shaders/Private/ScreenSpaceDenoise/SSDCommon.ush" 2086
"../../../Engine/Shaders/Private/SphericalGaussian.ush" 2087
"../../../Engine/Shaders/Public/WaveBroadcastIntrinsics.ush" 2088
"../../../Engine/Shaders/Private/ScreenSpaceDenoise/SSDMetadata.ush" 2089
"../../../Engine/Shaders/Private/ScreenSpaceDenoise/SSDSignalCore.ush" 2090
"../../../Engine/Shaders/Private/ScreenSpaceDenoise/DenoisingCommon.ush" 2091
"../../../Engine/Shaders/Private/ScreenSpaceDenoise/SSDSignalArray.ush" 2092
"../../../Engine/Shaders/Private/ScreenSpaceDenoise/SSDSignalBufferEncoding.ush" 2093
"../../../Engine/Shaders/Private/ScreenSpaceDenoise/SSDPublicBufferEncoding.ush" 2094
"../../../Engine/Shaders/Private/Lumen/LumenBufferEncoding.ush" 2095
"../../../Engine/Shaders/Private/ScreenSpaceDenoise/SSDTemporalAccumulation.usf" 2096
"../../../Engine/Shaders/Private/ScreenSpaceDenoise/SSDSpatialKernel.ush" 2097
"../../../Engine/Shaders/Private/ScreenSpaceDenoise/SSDSignalAccumulatorArray.ush" 2098
"../../../Engine/Shaders/Private/ScreenSpaceDenoise/SSDSignalAccumulator.ush" 2099
"../../../Engine/Shaders/Private/ScreenSpaceDenoise/SSDSignalCompression.ush" 2100
"../../../Engine/Shaders/Private/ScreenSpaceDenoise/SSDSpatialAccumulation.usf" 2101
"../../../Engine/Shaders/Private/ScreenSpaceDenoise/SSDInjest.usf" 2102
"../../../Engine/Shaders/Private/ScreenSpaceDenoise/SSDCompressMetadata.usf" 2103
"../../../Engine/Shaders/Private/DownsampleDepthPixelShader.usf" 2104
"../../../Engine/Shaders/Private/ScreenPass.usf" 2105
"../../../Engine/Shaders/Private/HZB.usf" 2106
"../../../Engine/Shaders/Private/OcclusionFeedbackShaders.usf" 2107
"../../../Engine/Shaders/Private/HZBOcclusion.usf" 2108
"../../../Engine/Shaders/Private/OcclusionQueryPixelShader.usf" 2109
"../../../Engine/Shaders/Private/OcclusionQueryVertexShader.usf" 2110
"../../../Engine/Shaders/Private/HitProxyPixelShader.usf" 2111
"../../../Engine/Shaders/Private/HitProxyVertexShader.usf" 2112
"../../../Engine/Shaders/Private/SceneCapturePixelShader.usf" 2113
"../../../Engine/Shaders/Private/RTWriteMaskDecode.usf" 2114
"../../../Engine/Shaders/Private/ReflectionEnvironmentShaders.usf" 2115
"../../../Engine/Shaders/Private/RectLightAtlas.usf" 2116
"../../../Engine/Shaders/Private/RayTracing/TraceRayInlineStatistics.usf" 2117
"../../../Engine/Shaders/Private/RayTracing/TraceRayInlineCommon.ush" 2118
"../../../Engine/Shaders/Private/RayTracing/VisualizeSkyLightMipTreePS.usf" 2119
"../../../Engine/Shaders/Private/RayTracing/MipTreeCommon.ush" 2120
"../../../Engine/Shaders/Private/RayTracing/CompositeSkyLightPS.usf" 2121
"../../../Engine/Shaders/Private/RayTracing/GenerateSkyLightVisibilityRaysCS.usf" 2122
"../../../Engine/Shaders/Private/RayTracing/RayTracingSkyLightCommon.ush" 2123
"../../../Engine/Shaders/Private/RayTracing/SkyLightVisibilityRaysData.ush" 2124
"../../../Engine/Shaders/Private/Raytracing/RaytracingSkylightRGS.usf" 2125
"../../../Engine/Shaders/Private/HairStrands/HairStrandsRaytracing.ush" 2126
"../../../Engine/Shaders/Private/Raytracing/RayTracingSkyLightEvaluation.ush" 2127
"../../../Engine/Shaders/Private/Raytracing/RayTracingDeferredShadingCommon.ush" 2128
"../../../Engine/Shaders/Private/RayTracing/RayTracingOcclusionRGS.usf" 2129
"../../../Engine/Shaders/Private/RayTracing/RayTracingDirectionalLight.ush" 2130
"../../../Engine/Shaders/Private/RayTracing/RayTracingRectLight.ush" 2131
"../../../Engine/Shaders/Private/RayTracing/RayTracingSphereLight.ush" 2132
"../../../Engine/Shaders/Private/RayTracing/RayTracingCapsuleLight.ush" 2133
"../../../Engine/Shaders/Private/RayTracing/SplitImaginaryReflectionGBufferCS.usf" 2134
"../../../Engine/Shaders/Private/RayTracing/RayTracingReflectionsCommon.ush" 2135
"../../../Engine/Shaders/Private/RayTracing/RayTracingReflections.usf" 2136
"../../../Engine/Shaders/Private/RayTracing/RayTracingLightingCommon.ush" 2137
"../../../Engine/Shaders/Private/RayTracing/RayTracingLightCullingCommon.ush" 2138
"../../../Engine/Shaders/Private/RayTracing/RayTracingReflectionEnvironment.ush" 2139
"../../../Engine/Shaders/Private/RayTracing/RayTracingPrimaryRays.usf" 2140
"../../../Engine/Shaders/Private/RayTracing/RayTracingMaterialDefaultHitShaders.usf" 2141
"../../../Engine/Shaders/Private/RayTracing/RayTracingMaterialHitShaders.usf" 2142
"../../../Engine/Shaders/Private/RayTracing/RayTracingCalcInterpolants.ush" 2143
"../../../Engine/Shaders/Private/LightmapCommon.ush" 2144
"../../../Engine/Shaders/Private/Lumen/LumenHardwareRayTracingPayloadCommon.ush" 2145
"../../../Engine/Shaders/Private/Strata/StrataExport.ush" 2146
"../../../Engine/Shaders/Private/RayTracing/RayTracingLightingMS.usf" 2147
"../../../Engine/Shaders/Private/RayTracing/RayTracingLightFunctionCommon.ush" 2148
"../../../Engine/Shaders/Private/RayTracing/GenerateCulledLightListCS.usf" 2149
"../../../Engine/Shaders/Private/Raytracing/RayTracingInstanceBufferUtil.usf" 2150
"../../../Engine/Shaders/Private/RayTracing/RayTracingFinalGatherRGS.usf" 2151
"../../../Engine/Shaders/Private/RayTracing/RayTracingGatherPoints.ush" 2152
"../../../Engine/Shaders/Private/PathTracing/Light/PathTracingLightSampling.ush" 2153
"../../../Engine/Shaders/Private/PathTracing/Light/PathTracingLightCommon.ush" 2154
"../../../Engine/Shaders/Shared/RayTracingTypes.h" 2155
"../../../Engine/Shaders/Private/PathTracing/Light/PathTracingDirectionalLight.ush" 2156
"../../../Engine/Shaders/Private/PathTracing/Light/PathTracingPointLight.ush" 2157
"../../../Engine/Shaders/Private/PathTracing/Light/PathTracingCapsuleLight.ush" 2158
"../../../Engine/Shaders/Private/PathTracing/Light/PathTracingRectLight.ush" 2159
"../../../Engine/Shaders/Private/PathTracing/Light/PathTracingSkyLight.ush" 2160
"../../../Engine/Shaders/Private/PathTracing/Light/PathTracingSpotLight.ush" 2161
"../../../Engine/Shaders/Private/RayTracing/RayTracingCreateGatherPointsRGS.usf" 2162
"../../../Engine/Shaders/Private/RayTracing/RayTracingGlobalIlluminationRGS.usf" 2163
"../../../Engine/Shaders/Private/RayTracing/RayTracingDynamicMesh.usf" 2164
"../../../Engine/Shaders/Private/RayTracing/RayTracingDeferredReflections.usf" 2165
"../../../Engine/Shaders/Private/RayTracing/RayTracingDeferredMaterials.ush" 2166
"../../../Engine/Shaders/Shared/ThirdParty/AMD/ags_shader_intrinsics_dx12.h" 2167
"../../../Engine/Shaders/Private/RayTracing/RayTracingDeferredReflections.ush" 2168
"../../../Engine/Shaders/Private/RayTracing/RayTracingReflectionResolve.usf" 2169
"../../../Engine/Shaders/Private/RayTracing/RayTracingReflectionsGenerateRaysCS.usf" 2170
"../../../Engine/Shaders/Private/RayTracing/MaterialSort.usf" 2171
"../../../Engine/Shaders/Private/RayTracing/RayTracingDeferredMaterials.usf" 2172
"../../../Engine/Shaders/Private/RayTracing/RayTracingDefaultDecalHitShader.usf" 2173
"../../../Engine/Shaders/Private/RayTracing/RayTracingDecalMaterialShader.usf" 2174
"../../../Engine/Shaders/Private/RayTracing/RayTracingBuildDecalGrid.usf" 2175
"../../../Engine/Shaders/Private/RayTracing/RayTracingDebugInstanceOverlap.usf" 2176
"../../../Engine/Shaders/Private/RayTracing/RayTracingDebugPicking.usf" 2177
"../../../Engine/Shaders/Private/RayTracing/RayTracingDebugUtils.ush" 2178
"../../../Engine/Shaders/Shared/RayTracingDebugTypes.h" 2179
"../../../Engine/Shaders/Private/RayTracing/RayTracingDebugTraversal.usf" 2180
"../../../Engine/Shaders/Private/Nanite/NaniteRayTrace.ush" 2181
"../../../Engine/Shaders/Shared/ThirdParty/RayTriangleIntersection.h" 2182
"../../../Engine/Shaders/Shared/RayTracingDebugDefinitions.h" 2183
"../../../Engine/Shaders/Private/RayTracing/TraceRayInline.ush" 2184
"../../../Engine/Shaders/Private/RayTracing/TraceRayInlineVulkan.ush" 2185
"../../../Engine/Shaders/Private/RayTracing/TraceRayInlineMetal.ush" 2186
"../../../Engine/Shaders/Private/RayTracing/RayTracingDebugMS.usf" 2187
"../../../Engine/Shaders/Private/RayTracing/RayTracingDebugCHS.usf" 2188
"../../../Engine/Shaders/Private/RayTracing/RayTracingDebug.usf" 2189
"../../../Engine/Shaders/Private/RayTracing/RayTracingBuiltInShaders.usf" 2190
"../../../Engine/Shaders/Private/RayTracing/RayTracingBarycentrics.usf" 2191
"../../../Engine/Shaders/Private/RayTracing/RayTracingAmbientOcclusionRGS.usf" 2192
"../../../Engine/Shaders/Private/VisualizeShadingModels.usf" 2193
"../../../Engine/Shaders/Private/PostProcessCommon.ush" 2194
"../../../Engine/Shaders/Private/MotionBlur/VisualizeMotionVectors.usf" 2195
"../../../Engine/Shaders/Private/TemporalSuperResolution/TSRDebugHistory.usf" 2196
"../../../Engine/Shaders/Private/TemporalSuperResolution/TSRCommon.ush" 2197
"../../../Engine/Shaders/Public/DualPixelVectorization.ush" 2198
"../../../Engine/Shaders/Private/TemporalSuperResolution/TSRResolveHistory.usf" 2199
"../../../Engine/Shaders/Private/TemporalSuperResolution/TSRUpdateHistory.usf" 2200
"../../../Engine/Shaders/Private/TemporalSuperResolution/TSRFilterAntiAliasing.usf" 2201
"../../../Engine/Shaders/Private/TemporalSuperResolution/TSRSpatialAntiAliasing.usf" 2202
"../../../Engine/Shaders/Private/TemporalSuperResolution/TSRRejectShading.usf" 2203
"../../../Engine/Shaders/Public/LaneVectorization.ush" 2204
"../../../Engine/Shaders/Private/TemporalSuperResolution/TSRCompareTranslucency.usf" 2205
"../../../Engine/Shaders/Private/TemporalSuperResolution/TSRDecimateHistory.usf" 2206
"../../../Engine/Shaders/Private/TemporalSuperResolution/TSRDilateVelocity.usf" 2207
"../../../Engine/Shaders/Private/MotionBlur/MotionBlurVelocityFlatten.ush" 2208
"../../../Engine/Shaders/Private/MotionBlur/MotionBlurCommon.ush" 2209
"../../../Engine/Shaders/Private/TemporalSuperResolution/TSRForwardScatterDepth.usf" 2210
"../../../Engine/Shaders/Private/TemporalSuperResolution/TSRClearPrevTextures.usf" 2211
"../../../Engine/Shaders/Private/TemporalSuperResolution/TSRComputeMoireLuma.usf" 2212
"../../../Engine/Shaders/Private/TemporalAA.usf" 2213
"../../../Engine/Shaders/Private/FilterPixelShader.usf" 2214
"../../../Engine/Shaders/Private/FilterVertexShader.usf" 2215
"../../../Engine/Shaders/Private/PostProcessVisualizeBuffer.usf" 2216
"../../../Engine/Shaders/Private/PostProcessVisualizeLocalExposure.usf" 2217
"../../../Engine/Shaders/Private/PostProcessHistogramCommon.ush" 2218
"../../../Engine/Shaders/Private/PostProcessVisualizeLevelInstance.usf" 2219
"../../../Engine/Shaders/Private/PostProcessVisualizeHDR.usf" 2220
"../../../Engine/Shaders/Private/ShaderComplexityApplyPixelShader.usf" 2221
"../../../Engine/Shaders/Private/QuadOverdraw.ush" 2222
"../../../Engine/Shaders/Private/PostProcessUpscale.usf" 2223
"../../../Engine/Shaders/Private/PostProcessTonemap.usf" 2224
"../../../Engine/Shaders/Private/PostProcessing/FilmGrainPackConstants.usf" 2225
"../../../Engine/Shaders/Private/PostProcessing/FilmGrainReduce.usf" 2226
"../../../Engine/Shaders/Private/PostProcessTestImage.usf" 2227
"../../../Engine/Shaders/Private/PostProcessSubsurface.usf" 2228
"../../../Engine/Shaders/Private/SeparableSSS.ush" 2229
"../../../Engine/Shaders/Private/SubsurfaceBurleyNormalized.ush" 2230
"../../../Engine/Shaders/Private/PostProcessSelectionOutline.usf" 2231
"../../../Engine/Shaders/Private/PostProcessPixelProjectedReflectionMobile.usf" 2232
"../../../Engine/Shaders/Private/MotionBlur/MotionBlurVisualize.usf" 2233
"../../../Engine/Shaders/Private/MotionBlur/MotionBlurApply.usf" 2234
"../../../Engine/Shaders/Private/MotionBlur/MotionBlurFilterTileClassify.usf" 2235
"../../../Engine/Shaders/Private/MotionBlur/MotionBlurTileScatter.usf" 2236
"../../../Engine/Shaders/Private/MotionBlur/MotionBlurTileGather.usf" 2237
"../../../Engine/Shaders/Private/MotionBlur/MotionBlurVelocityFlatten.usf" 2238
"../../../Engine/Shaders/Private/PostProcessMobile.usf" 2239
"../../../Engine/Shaders/Private/PostProcessMitchellNetravali.usf" 2240
"../../../Engine/Shaders/Private/PostProcessMaterialShaders.usf" 2241
"../../../Engine/Shaders/Private/PostProcessLocalExposure.usf" 2242
"../../../Engine/Shaders/Private/PostProcessLensFlares.usf" 2243
"../../../Engine/Shaders/Private/PostProcessHMD.usf" 2244
"../../../Engine/Shaders/Private/Histogram.usf" 2245
"../../../Engine/Shaders/Private/PostProcessHistogramReduce.usf" 2246
"../../../Engine/Shaders/Private/PostProcessHistogram.usf" 2247
"../../../Engine/Shaders/Private/PostProcessGBufferHints.usf" 2248
"../../../Engine/Shaders/Private/Bloom/BloomFinalizeApplyConstants.usf" 2249
"../../../Engine/Shaders/Private/Bloom/BloomCommon.ush" 2250
"../../../Engine/Shaders/Private/Bloom/BloomResizeKernel.usf" 2251
"../../../Engine/Shaders/Private/Bloom/BloomClampKernel.usf" 2252
"../../../Engine/Shaders/Private/Bloom/BloomPackKernelConstants.usf" 2253
"../../../Engine/Shaders/Private/Bloom/BloomSumScatterDispersionEnergy.usf" 2254
"../../../Engine/Shaders/Private/Bloom/BloomReduceKernelSurvey.usf" 2255
"../../../Engine/Shaders/Private/Bloom/BloomSurveyKernelCenterEnergy.usf" 2256
"../../../Engine/Shaders/Private/Bloom/BloomSurveyMaxScatterDispersion.usf" 2257
"../../../Engine/Shaders/Private/Bloom/BloomFindKernelCenter.usf" 2258
"../../../Engine/Shaders/Private/PostProcessEyeAdaptation.usf" 2259
"../../../Engine/Shaders/Private/PostProcessDownsample.usf" 2260
"../../../Engine/Shaders/Private/PostProcessDOF.usf" 2261
"../../../Engine/Shaders/Private/PostProcessDeviceEncodingOnly.usf" 2262
"../../../Engine/Shaders/Private/PostProcessCompositeEditorPrimitives.usf" 2263
"../../../Engine/Shaders/Private/PostProcessCombineLUTs.usf" 2264
"../../../Engine/Shaders/Private/PostProcessVisualizeDOF.usf" 2265
"../../../Engine/Shaders/Private/PostProcessBloom.usf" 2266
"../../../Engine/Shaders/Private/PostProcessAmbientOcclusionMobile.usf" 2267
"../../../Engine/Shaders/Private/PostProcessAmbientOcclusionCommon.ush" 2268
"../../../Engine/Shaders/Private/FXAAShader.usf" 2269
"../../../Engine/Shaders/Private/Fxaa3_11.ush" 2270
"../../../Engine/Shaders/Private/DiaphragmDOF/DOFRecombine.usf" 2271
"../../../Engine/Shaders/Private/DiaphragmDOF/DOFCommon.ush" 2272
"../../../Engine/Shaders/Private/DiaphragmDOF/DOFHybridScatterPixelShader.usf" 2273
"../../../Engine/Shaders/Private/DiaphragmDOF/DOFHybridScatterCommon.ush" 2274
"../../../Engine/Shaders/Private/DiaphragmDOF/DOFHybridScatterVertexShader.usf" 2275
"../../../Engine/Shaders/Private/DiaphragmDOF/DOFPostfiltering.usf" 2276
"../../../Engine/Shaders/Private/DiaphragmDOF/DOFGatherTileSuggest.ush" 2277
"../../../Engine/Shaders/Private/DiaphragmDOF/DOFCocTileCommon.ush" 2278
"../../../Engine/Shaders/Private/DiaphragmDOF/DOFGatherPass.usf" 2279
"../../../Engine/Shaders/Private/DiaphragmDOF/DOFGatherCommon.ush" 2280
"../../../Engine/Shaders/Private/DiaphragmDOF/DOFGatherAccumulator.ush" 2281
"../../../Engine/Shaders/Private/DiaphragmDOF/DOFGatherKernel.ush" 2282
"../../../Engine/Shaders/Private/DiaphragmDOF/DOFBokehLUT.usf" 2283
"../../../Engine/Shaders/Private/DiaphragmDOF/DOFHybridScatterCompilation.usf" 2284
"../../../Engine/Shaders/Private/DiaphragmDOF/DOFReduce.usf" 2285
"../../../Engine/Shaders/Private/DiaphragmDOF/DOFDownsample.ush" 2286
"../../../Engine/Shaders/Private/DiaphragmDOF/DOFHybridScatterCompilation.ush" 2287
"../../../Engine/Shaders/Private/DiaphragmDOF/DOFDownsample.usf" 2288
"../../../Engine/Shaders/Private/DiaphragmDOF/DOFCocTileDilate.usf" 2289
"../../../Engine/Shaders/Private/DiaphragmDOF/DOFCocTileFlatten.usf" 2290
"../../../Engine/Shaders/Private/DiaphragmDOF/DOFSetup.usf" 2291
"../../../Engine/Shaders/Private/PlanarReflectionShaders.usf" 2292
"../../../Engine/Shaders/Private/PlanarReflectionShared.ush" 2293
"../../../Engine/Shaders/Private/PhysicsFieldVisualizer.usf" 2294
"../../../Engine/Shaders/Private/PathTracing/PathTracingSpatialTemporalDenoising.usf" 2295
"../../../Engine/Shaders/Private/ColorDifference.ush" 2296
"../../../Engine/Shaders/Private/PathTracing/PathTracingCompositingPixelShader.usf" 2297
"../../../Engine/Shaders/Private/PathTracing/PathTracingDefaultHitShader.usf" 2298
"../../../Engine/Shaders/Private/PathTracing/PathTracingCommon.ush" 2299
"../../../Engine/Shaders/Private/PathTracing/Material/PathTracingMaterialCommon.ush" 2300
"../../../Engine/Shaders/Private/PathTracing/PathTracingMaterialHitShader.usf" 2301
"../../../Engine/Shaders/Private/PathTracing/PathTracingShaderUtils.ush" 2302
"../../../Engine/Shaders/Private/PathTracing/Material/PathTracingThinGlass.ush" 2303
"../../../Engine/Shaders/Private/PathTracing/Material/PathTracingEnergyConservation.ush" 2304
"../../../Engine/Shaders/Private/PathTracing/PathTracingLightingMissShader.usf" 2305
"../../../Engine/Shaders/Private/PathTracing/PathTracingMissShader.usf" 2306
"../../../Engine/Shaders/Private/PathTracing/PathTracingBuildAtmosphereLUT.usf" 2307
"../../../Engine/Shaders/Private/PathTracing/Volume/PathTracingAtmosphereCommon.ush" 2308
"../../../Engine/Shaders/Private/PathTracing/PathTracingSwizzleScanlines.usf" 2309
"../../../Engine/Shaders/Private/PathTracing/PathTracingInitExtinctionCoefficient.usf" 2310
"../../../Engine/Shaders/Private/PathTracing/PathTracing.usf" 2311
"../../../Engine/Shaders/Private/PathTracing/PathTracingCore.ush" 2312
"../../../Engine/Shaders/Private/RayTracing/RayTracingDecalGrid.ush" 2313
"../../../Engine/Shaders/Private/PathTracing/Utilities/PathTracingRIS.ush" 2314
"../../../Engine/Shaders/Private/PathTracing/Light/PathTracingLightGrid.ush" 2315
"../../../Engine/Shaders/Private/PathTracing/Material/PathTracingMaterialSampling.ush" 2316
"../../../Engine/Shaders/Private/PathTracing/Material/PathTracingLambert.ush" 2317
"../../../Engine/Shaders/Private/PathTracing/Material/PathTracingSolidGlass.ush" 2318
"../../../Engine/Shaders/Private/PathTracing/Material/PathTracingDefaultLit.ush" 2319
"../../../Engine/Shaders/Private/PathTracing/Material/PathTracingClearCoat.ush" 2320
"../../../Engine/Shaders/Private/PathTracing/Material/PathTracingTwoSidedFoliage.ush" 2321
"../../../Engine/Shaders/Private/PathTracing/Material/PathTracingCloth.ush" 2322
"../../../Engine/Shaders/Private/PathTracing/Material/PathTracingSubsurfaceProfile.ush" 2323
"../../../Engine/Shaders/Private/PathTracing/Material/PathTracingEye.ush" 2324
"../../../Engine/Shaders/Private/PathTracing/Material/PathTracingHair.ush" 2325
"../../../Engine/Shaders/Private/PathTracing/Material/PathTracingMedium.ush" 2326
"../../../Engine/Shaders/Private/PathTracing/Volume/PathTracingVolume.ush" 2327
"../../../Engine/Shaders/Private/PathTracing/Volume/PathTracingVolumeCommon.ush" 2328
"../../../Engine/Shaders/Private/PathTracing/Volume/PathTracingAtmosphere.ush" 2329
"../../../Engine/Shaders/Private/DoubleWordMath.ush" 2330
"../../../Engine/Shaders/Private/PathTracing/Volume/PathTracingFog.ush" 2331
"../../../Engine/Shaders/Private/PathTracing/Volume/PathTracingVolumeSampling.ush" 2332
"../../../Engine/Shaders/Private/PathTracing/PathTracingBuildLightGrid.usf" 2333
"../../../Engine/Shaders/Private/PathTracing/PathTracingSkylightMISCompensation.usf" 2334
"../../../Engine/Shaders/Private/PathTracing/PathTracingSkylightPrepare.usf" 2335
"../../../Engine/Shaders/Private/OIT/OITSorting.usf" 2336
"../../../Engine/Shaders/Private/OITCombine.usf" 2337
"../../../Engine/Shaders/Private/OITCommon.ush" 2338
"../../../Engine/Shaders/Private/Nanite/NaniteDebugViews.usf" 2339
"../../../Engine/Shaders/Private/Nanite/NaniteDepthDecode.usf" 2340
"../../../Engine/Shaders/Private/HTileEncoding.ush" 2341
"../../../Engine/Shaders/Private/Nanite/NaniteMaterialComplexity.usf" 2342
"../../../Engine/Shaders/Private/Nanite/NaniteVisualize.usf" 2343
"../../../Engine/Shaders/Private/Nanite/NaniteStreamOut.usf" 2344
"../../../Engine/Shaders/Private/Nanite/NaniteMaterialCulling.usf" 2345
"../../../Engine/Shaders/Private/Nanite/NaniteDepthExport.usf" 2346
"../../../Engine/Shaders/Private/Nanite/NaniteExportGBuffer.usf" 2347
"../../../Engine/Shaders/Private/Nanite/NaniteRasterizer.usf" 2348
"../../../Engine/Shaders/Private/Nanite/NaniteRasterizationCommon.ush" 2349
"../../../Engine/Shaders/Private/Nanite/NaniteRasterizer.ush" 2350
"../../../Engine/Shaders/Private/Nanite/NaniteWritePixel.ush" 2351
"../../../Engine/Shaders/Private/Nanite/NaniteTessellation.ush" 2352
"../../../Engine/Shaders/Private/WorkDistribution.ush" 2353
"../../../Engine/Shaders/Private/Nanite/NaniteRasterBinning.usf" 2354
"../../../Engine/Shaders/Private/Nanite/NaniteInstanceCulling.usf" 2355
"../../../Engine/Shaders/Private/Nanite/NaniteImposter.ush" 2356
"../../../Engine/Shaders/Private/Nanite/NanitePrimitiveFilter.usf" 2357
"../../../Engine/Shaders/Private/Nanite/NaniteRasterClear.usf" 2358
"../../../Engine/Shaders/Private/Nanite/NanitePrintStats.usf" 2359
"../../../Engine/Shaders/Private/Nanite/NaniteEmitShadow.usf" 2360
"../../../Engine/Shaders/Private/MobileDeferredUtils.usf" 2361
"../../../Engine/Shaders/Private/MobileFog.usf" 2362
"../../../Engine/Shaders/Private/DistortApplyScreenPS.usf" 2363
"../../../Engine/Shaders/Private/MobileDeferredShading.usf" 2364
"../../../Engine/Shaders/Private/MobileLightingCommon.ush" 2365
"../../../Engine/Shaders/Private/MobileBasePassPixelShader.usf" 2366
"../../../Engine/Shaders/Private/MobileBasePassCommon.ush" 2367
"../../../Engine/Shaders/Private/BasePassCommon.ush" 2368
"../../../Engine/Shaders/Private/ShadingModelsMaterial.ush" 2369
"../../../Engine/Shaders/Private/ThinTranslucentCommon.ush" 2370
"../../../Engine/Shaders/Private/SingleLayerWaterShading.ush" 2371
"../../../Engine/Shaders/Private/DistortionCommon.ush" 2372
"../../../Engine/Shaders/Private/Strata/StrataMobileForwardLighting.ush" 2373
"../../../Engine/Shaders/Private/MobileBasePassVertexShader.usf" 2374
"../../../Engine/Shaders/Private/Lumen/LumenVisualizeRadianceCache.usf" 2375
"../../../Engine/Shaders/Private/Lumen/LumenRadianceCacheCommon.ush" 2376
"../../../Engine/Shaders/Private/Lumen/LumenVisualizeHardwareRayTracing.usf" 2377
"../../../Engine/Shaders/Private/Lumen/LumenCardCommon.ush" 2378
"../../../Engine/Shaders/Private/Lumen/LumenTracingCommon.ush" 2379
"../../../Engine/Shaders/Private/DistanceField/GlobalDistanceFieldUtils.ush" 2380
"../../../Engine/Shaders/Private/DistanceField/GlobalDistanceFieldObjectGrid.ush" 2381
"../../../Engine/Shaders/Private/DistanceFieldLightingShared.ush" 2382
"../../../Engine/Shaders/Private/Lumen/SurfaceCache/LumenSurfaceCacheSampling.ush" 2383
"../../../Engine/Shaders/Private/Lumen/SurfaceCache/LumenSurfaceCache.ush" 2384
"../../../Engine/Shaders/Private/Lumen/LumenVisualize.ush" 2385
"../../../Engine/Shaders/Private/Lumen/LumenHardwareRayTracingCommon.ush" 2386
"../../../Engine/Shaders/Private/Lumen/LumenHardwareRayTracingPipelineCommon.ush" 2387
"../../../Engine/Shaders/Private/Lumen/LumenHardwareRayTracingPlatformCommon.ush" 2388
"../../../Engine/Shaders/Private/Lumen/LumenHairTracing.ush" 2389
"../../../Engine/Shaders/Private/Lumen/LumenFog.ush" 2390
"../../../Engine/Shaders/Private/Lumen/LumenVisualize.usf" 2391
"../../../Engine/Shaders/Private/Lumen/LumenVisualizeTraces.ush" 2392
"../../../Engine/Shaders/Private/Lumen/LumenTranslucencyVolumeLighting.usf" 2393
"../../../Engine/Shaders/Private/Lumen/LumenRadianceCacheMarkCommon.ush" 2394
"../../../Engine/Shaders/Private/Lumen/LumenTranslucencyVolumeLightingShared.ush" 2395
"../../../Engine/Shaders/Private/Lumen/LumenScreenProbeCommon.ush" 2396
"../../../Engine/Shaders/Private/Lumen/LumenTranslucencyVolumeHardwareRayTracing.usf" 2397
"../../../Engine/Shaders/Private/Lumen/LumenTranslucencyRadianceCacheMarkShaders.usf" 2398
"../../../Engine/Shaders/Private/Lumen/SurfaceCache/LumenSurfaceCacheFeedback.usf" 2399
"../../../Engine/Shaders/Private/Lumen/SurfaceCache/LumenSurfaceCache.usf" 2400
"../../../Engine/Shaders/Private/Lumen/LumenShortRangeAOHardwareRayTracing.usf" 2401
"../../../Engine/Shaders/Private/Lumen/LumenMaterial.ush" 2402
"../../../Engine/Shaders/Private/Lumen/LumenScreenSpaceBentNormal.usf" 2403
"../../../Engine/Shaders/Private/Lumen/LumenScreenTracing.ush" 2404
"../../../Engine/Shaders/Private/Lumen/LumenScreenProbeTracing.usf" 2405
"../../../Engine/Shaders/Private/Lumen/LumenScreenProbeTracingCommon.ush" 2406
"../../../Engine/Shaders/Private/Lumen/LumenScreenProbeImportanceSampling.usf" 2407
"../../../Engine/Shaders/Private/Lumen/LumenScreenProbeImportanceSamplingShared.ush" 2408
"../../../Engine/Shaders/Private/Lumen/LumenScreenProbeHardwareRayTracing.usf" 2409
"../../../Engine/Shaders/Private/Lumen/LumenScreenProbeGather.usf" 2410
"../../../Engine/Shaders/Private/Lumen/LumenScreenSpaceBentNormal.ush" 2411
"../../../Engine/Shaders/Private/Lumen/LumenReflectionsCombine.ush" 2412
"../../../Engine/Shaders/Private/Lumen/LumenScreenProbeLightSampling.usf" 2413
"../../../Engine/Shaders/Private/Lumen/LumenScreenProbeFiltering.usf" 2414
"../../../Engine/Shaders/Private/Lumen/LumenSceneLighting.usf" 2415
"../../../Engine/Shaders/Private/Lumen/LumenCardTile.ush" 2416
"../../../Engine/Shaders/Private/Lumen/LumenSceneLighting.ush" 2417
"../../../Engine/Shaders/Private/Lumen/Radiosity/LumenRadiosity.ush" 2418
"../../../Engine/Shaders/Private/Lumen/LumenCardPixelShader.usf" 2419
"../../../Engine/Shaders/Private/Lumen/LumenCardVertexShader.usf" 2420
"../../../Engine/Shaders/Private/Lumen/LumenSceneLightingDebug.usf" 2421
"../../../Engine/Shaders/Private/Lumen/LumenSceneDirectLightingHardwareRayTracing.usf" 2422
"../../../Engine/Shaders/Private/Lumen/LumenReflectionCommon.ush" 2423
"../../../Engine/Shaders/Private/Lumen/LumenSceneDirectLighting.ush" 2424
"../../../Engine/Shaders/Private/Lumen/LumenSceneDirectLightingSoftwareRayTracing.usf" 2425
"../../../Engine/Shaders/Private/DistanceFieldShadowingShared.ush" 2426
"../../../Engine/Shaders/Private/Lumen/LumenSceneDirectLightingPerLightShadowCommon.ush" 2427
"../../../Engine/Shaders/Private/Lumen/LumenSceneDirectLightingShadowMask.usf" 2428
"../../../Engine/Shaders/Private/Lumen/LumenSceneDirectLighting.usf" 2429
"../../../Engine/Shaders/Private/Lumen/LumenSceneDirectLightingCulling.usf" 2430
"../../../Engine/Shaders/Private/Lumen/LumenReflectionTracing.usf" 2431
"../../../Engine/Shaders/Private/Lumen/LumenReflections.usf" 2432
"../../../Engine/Shaders/Private/Lumen/LumenReflectionHardwareRayTracing.usf" 2433
"../../../Engine/Shaders/Private/Lumen/Radiosity/LumenVisualizeRadiosityProbes.usf" 2434
"../../../Engine/Shaders/Private/Lumen/Radiosity/LumenRadiosity.usf" 2435
"../../../Engine/Shaders/Private/RayTracing/RayGenUtils.ush" 2436
"../../../Engine/Shaders/Private/Lumen/Radiosity/LumenRadiosityHardwareRayTracing.usf" 2437
"../../../Engine/Shaders/Private/Lumen/Radiosity/LumenRadiosityCulling.usf" 2438
"../../../Engine/Shaders/Private/Lumen/LumenRadianceCacheHardwareRayTracing.usf" 2439
"../../../Engine/Shaders/Private/Lumen/LumenRadianceCacheTracingCommon.ush" 2440
"../../../Engine/Shaders/Private/Lumen/LumenRadianceCache.usf" 2441
"../../../Engine/Shaders/Private/Lumen/LumenRadianceCacheUpdate.ush" 2442
"../../../Engine/Shaders/Private/Lumen/LumenRadianceCacheDebug.usf" 2443
"../../../Engine/Shaders/Private/Lumen/LumenRadianceCacheUpdate.usf" 2444
"../../../Engine/Shaders/Private/Lumen/LumenMeshSDFCulling.usf" 2445
"../../../Engine/Shaders/Private/HybridIndirectLighting.ush" 2446
"../../../Engine/Shaders/Private/MeshDistanceFieldCommon.ush" 2447
"../../../Engine/Shaders/Private/Lumen/LumenIrradianceFieldGather.usf" 2448
"../../../Engine/Shaders/Private/Lumen/LumenHardwareRayTracingMaterials.usf" 2449
"../../../Engine/Shaders/Private/Lumen/LumenHardwareRayTracingPipeline.usf" 2450
"../../../Engine/Shaders/Private/Lumen/LumenFrontLayerTranslucency.usf" 2451
"../../../Engine/Shaders/Private/LightShaftShader.usf" 2452
"../../../Engine/Shaders/Private/StationaryLightOverlapShaders.usf" 2453
"../../../Engine/Shaders/Private/DeferredLightPixelShaders.usf" 2454
"../../../Engine/Shaders/Private/HairStrands/HairStrandsVisibilityUtils.ush" 2455
"../../../Engine/Shaders/Private/DeferredLightVertexShaders.usf" 2456
"../../../Engine/Shaders/Private/LightMapDensityShader.usf" 2457
"../../../Engine/Shaders/Private/LightGridInjection.usf" 2458
"../../../Engine/Shaders/Private/LightFunctionPixelShader.usf" 2459
"../../../Engine/Shaders/Private/LightFunctionVertexShader.usf" 2460
"../../../Engine/Shaders/Private/InstanceCulling/BuildInstanceDrawCommands.usf" 2461
"../../../Engine/Shaders/Private/InstanceCulling/InstanceCompactionCommon.ush" 2462
"../../../Engine/Shaders/Private/InstanceCulling/CompactVisibleInstances.usf" 2463
"../../../Engine/Shaders/Private/ThreadGroupPrefixSum.ush" 2464
"../../../Engine/Shaders/Private/ReflectionEnvironmentPixelShader.usf" 2465
"../../../Engine/Shaders/Private/Strata/StrataEnvironmentLighting.ush" 2466
"../../../Engine/Shaders/Private/AmbientCubemapComposite.usf" 2467
"../../../Engine/Shaders/Private/DiffuseIndirectComposite.usf" 2468
"../../../Engine/Shaders/Private/IESAtlas.usf" 2469
"../../../Engine/Shaders/Private/HeterogeneousVolumes/HeterogeneousVolumesSparseVoxelPipeline.usf" 2470
"../../../Engine/Shaders/Private/HeterogeneousVolumes/HeterogeneousVolumesSparseVoxelUtils.ush" 2471
"../../../Engine/Shaders/Private/HeterogeneousVolumes/HeterogeneousVolumesSparseVoxelUniformBufferUtils.ush" 2472
"../../../Engine/Shaders/Private/HeterogeneousVolumes/HeterogeneousVolumesPreshadingPipeline.usf" 2473
"../../../Engine/Shaders/Private/HeterogeneousVolumes/HeterogeneousVolumesTracingUtils.ush" 2474
"../../../Engine/Shaders/Private/HeterogeneousVolumes/HeterogeneousVolumesLightingUtils.ush" 2475
"../../../Engine/Shaders/Private/HeterogeneousVolumes/HeterogeneousVolumesRayMarchingUtils.ush" 2476
"../../../Engine/Shaders/Private/HeterogeneousVolumes/HeterogeneousVolumesTransmittanceVolumeUtils.ush" 2477
"../../../Engine/Shaders/Private/HeterogeneousVolumes/HeterogeneousVolumesMaterialBakingPipeline.usf" 2478
"../../../Engine/Shaders/Private/HeterogeneousVolumes/HeterogeneousVolumesLiveShadingUtils.ush" 2479
"../../../Engine/Shaders/Private/HeterogeneousVolumes/HeterogeneousVolumesLiveShadingPipeline.usf" 2480
"../../../Engine/Shaders/Private/HeterogeneousVolumes/HeterogeneousVolumesHardwareRayTracing.usf" 2481
"../../../Engine/Shaders/Private/HeterogeneousVolumes/HeterogeneousVolumesComposite.usf" 2482
"../../../Engine/Shaders/Private/HdrCustomResolveShaders.usf" 2483
"../../../Engine/Shaders/Private/HairStrands/HairStrandsVoxelMip.usf" 2484
"../../../Engine/Shaders/Private/HairStrands/HairStrandsVoxelRasterCompute.usf" 2485
"../../../Engine/Shaders/Private/HairStrands/HairStrandsClusterCommon.ush" 2486
"../../../Engine/Shaders/Private/HairStrands/HairStrandsVoxelPageAllocation.usf" 2487
"../../../Engine/Shaders/Private/Matrices.ush" 2488
"../../../Engine/Shaders/Private/HairStrands/HairStrandsAABBCommon.ush" 2489
"../../../Engine/Shaders/Private/HairStrands/HairStrandsVoxelOpaque.usf" 2490
"../../../Engine/Shaders/Private/HairStrands/HairStrandsRaytracingGeometry.usf" 2491
"../../../Engine/Shaders/Private/HairStrands/HairStrandsHitProxy.usf" 2492
"../../../Engine/Shaders/Private/HairStrands/HairStrandsVisibilityRasterComputeNaive.usf" 2493
"../../../Engine/Shaders/Private/HairStrands/HairStrandsVisibilityRasterHW.usf" 2494
"../../../Engine/Shaders/Private/HairStrands/HairStrandsVisibilityRasterCompute.usf" 2495
"../../../Engine/Shaders/Private/HairStrands/HairStrandsVisibilityRasterClassification.usf" 2496
"../../../Engine/Shaders/Private/HairStrands/HairStrandsCoverage.usf" 2497
"../../../Engine/Shaders/Private/HairStrands/HairStrandsVisibilityDepthPS.usf" 2498
"../../../Engine/Shaders/Private/HairStrands/HairStrandsVisibilityTransmittanceDepthPS.usf" 2499
"../../../Engine/Shaders/Private/HairStrands/HairStrandsVisibilityFillOpaqueDepthPS.usf" 2500
"../../../Engine/Shaders/Private/HairStrands/HairStrandsVisibilityCompactionComputeRaster.usf" 2501
"../../../Engine/Shaders/Private/HairStrands/HairStrandsVisibilityCompaction.usf" 2502
"../../../Engine/Shaders/Private/HairStrands/HairStrandsVisibilityCopyIndirectArg.usf" 2503
"../../../Engine/Shaders/Private/HairStrands/HairStrandsVisibilityClearPS.usf" 2504
"../../../Engine/Shaders/Private/HairStrands/HairStrandsVisibilityPS.usf" 2505
"../../../Engine/Shaders/Private/HairStrands/HairStrandsVisibilityVS.usf" 2506
"../../../Engine/Shaders/Private/HairStrands/HairStrandsVelocity.usf" 2507
"../../../Engine/Shaders/Private/HairStrands/HairStrandsVisibilityComputeSampleCoverage.usf" 2508
"../../../Engine/Shaders/Private/HairStrands/HairStrandsMaterialPS.usf" 2509
"../../../Engine/Shaders/Private/HairStrands/HairStrandsMaterialCommon.ush" 2510
"../../../Engine/Shaders/Private/HairStrands/HairStrandsMaterialVS.usf" 2511
"../../../Engine/Shaders/Private/HairStrands/HairStrandsLightSample.usf" 2512
"../../../Engine/Shaders/Private/HairStrands/HairStrandsDeepShadowMask.usf" 2513
"../../../Engine/Shaders/Private/HairStrands/HairStrandsDeepShadowCommon.ush" 2514
"../../../Engine/Shaders/Private/HairStrands/HairStrandsDeepTransmittanceMask.usf" 2515
"../../../Engine/Shaders/Private/HairStrands/HairStrandsVisibilityTile.usf" 2516
"../../../Engine/Shaders/Private/HairStrands/HairStrandsDeepShadowPS.usf" 2517
"../../../Engine/Shaders/Private/HairStrands/HairStrandsDeepShadowVS.usf" 2518
"../../../Engine/Shaders/Private/HairStrands/HairStrandsLUT.usf" 2519
"../../../Engine/Shaders/Private/HairStrands/HairStrandsForwardRaster.usf" 2520
"../../../Engine/Shaders/Private/HairStrands/HairStrandsForwardCulling.usf" 2521
"../../../Engine/Shaders/Private/HairStrands/HairStrandsEnvironmentLighting.usf" 2522
"../../../Engine/Shaders/Private/HairStrands/HairStrandsDebugCommonStruct.ush" 2523
"../../../Engine/Shaders/Private/HairStrands/HairStrandsEnvironmentAO.usf" 2524
"../../../Engine/Shaders/Private/HairStrands/HairStrandsDeepShadowAllocation.usf" 2525
"../../../Engine/Shaders/Private/HairStrands/HairStrandsVoxelDepthInjection.usf" 2526
"../../../Engine/Shaders/Private/HairStrands/HairStrandsClusterCulling.usf" 2527
"../../../Engine/Shaders/Private/HairStrands/HairStrandsDebug.usf" 2528
"../../../Engine/Shaders/Private/HairStrands/HairStrandsMeshProjectionCommon.ush" 2529
"../../../Engine/Shaders/Private/HairStrands/HairStrandsVoxelPageRayMarching.usf" 2530
"../../../Engine/Shaders/Private/HairStrands/HairStrandsGBufferWrite.usf" 2531
"../../../Engine/Shaders/Private/HairStrands/HairStrandsGBufferCommon.ush" 2532
"../../../Engine/Shaders/Private/HairStrands/HairStrandsVisibilityComposeSubPixelPS.usf" 2533
"../../../Engine/Shaders/Private/HairStrands/HairStrandsAABB.usf" 2534
"../../../Engine/Shaders/Private/GPUScene/GPUSceneDataManagement.usf" 2535
"../../../Engine/Shaders/Private/GPUSceneDebugRender.usf" 2536
"../../../Engine/Shaders/Private/GPUFastFourierTransform.usf" 2537
"../../../Engine/Shaders/Private/GPUFastFourierTransform2DCore.ush" 2538
"../../../Engine/Shaders/Private/GPUFastFourierTransformCore.ush" 2539
"../../../Engine/Shaders/Private/GPUBenchmark.usf" 2540
"../../../Engine/Shaders/Private/DistanceField/GlobalDistanceFieldDebug.usf" 2541
"../../../Engine/Shaders/Private/DistanceField/GlobalDistanceFieldMip.usf" 2542
"../../../Engine/Shaders/Private/DistanceField/GlobalDistanceField.usf" 2543
"../../../Engine/Shaders/Private/DistanceField/GlobalDistanceFieldUpdate.ush" 2544
"../../../Engine/Shaders/Private/DistanceField/GlobalDistanceFieldCompositeObjects.usf" 2545
"../../../Engine/Shaders/Private/DistanceField/GlobalDistanceFieldHeightfields.usf" 2546
"../../../Engine/Shaders/Private/HeightfieldLightingShared.ush" 2547
"../../../Engine/Shaders/Private/GenerateConservativeDepth.usf" 2548
"../../../Engine/Shaders/Private/HeightFogPixelShader.usf" 2549
"../../../Engine/Shaders/Private/HeightFogVertexShader.usf" 2550
"../../../Engine/Shaders/Private/DistortFiltering.usf" 2551
"../../../Engine/Shaders/Private/DistortAccumulatePS.usf" 2552
"../../../Engine/Shaders/Private/DistortAccumulateVS.usf" 2553
"../../../Engine/Shaders/Private/DistanceFieldVisualization.usf" 2554
"../../../Engine/Shaders/Private/DistanceFieldStreaming.usf" 2555
"../../../Engine/Shaders/Private/DistanceFieldShadowing.usf" 2556
"../../../Engine/Shaders/Private/DistanceFieldScreenGridLighting.usf" 2557
"../../../Engine/Shaders/Private/DistanceFieldObjectCulling.usf" 2558
"../../../Engine/Shaders/Private/DistanceFieldLightingPost.usf" 2559
"../../../Engine/Shaders/Private/DitheredTransitionStencil.usf" 2560
"../../../Engine/Shaders/Private/DepthOnlyPixelShader.usf" 2561
"../../../Engine/Shaders/Private/DepthOnlyVertexShader.usf" 2562
"../../../Engine/Shaders/Private/PositionOnlyDepthVertexShader.usf" 2563
"../../../Engine/Shaders/Private/DeferredDecal.usf" 2564
"../../../Engine/Shaders/Private/DecalCommon.ush" 2565
"../../../Engine/Shaders/Private/DebugViewModeVertexShader.usf" 2566
"../../../Engine/Shaders/Private/DebugViewModeCommon.ush" 2567
"../../../Engine/Shaders/Private/DebugViewModePixelShader.usf" 2568
"../../../Engine/Shaders/Private/DebugProbes.usf" 2569
"../../../Engine/Shaders/Private/MeshDecals.usf" 2570
"../../../Engine/Shaders/Private/PostProcessAmbientOcclusion.usf" 2571
"../../../Engine/Shaders/Private/ClusteredDeferredShadingPixelShader.usf" 2572
"../../../Engine/Shaders/Private/ClusteredDeferredShadingVertexShader.usf" 2573
"../../../Engine/Shaders/Private/CapsuleShadowShaders.usf" 2574
"../../../Engine/Shaders/Private/BasePassPixelShader.usf" 2575
"../../../Engine/Shaders/Private/ForwardLightingCommon.ush" 2576
"../../../Engine/Shaders/Private/Strata/StrataForwardLighting.ush" 2577
"../../../Engine/Shaders/Private/ComputeShaderOutputCommon.ush" 2578
"../../../Engine/Shaders/Private/BasePassVertexShader.usf" 2579
"../../../Engine/Shaders/Private/BasePassVertexCommon.ush" 2580
"../../../Engine/Shaders/Private/AnisotropyPassShader.usf" 2581
"../../../Engine/Shaders/Private/SimpleElementVolumeTexturePreviewPixelShader.usf" 2582
"../../../Engine/Shaders/Private/SimpleElementTexture2DPreviewPixelShader.usf" 2583
"../../../Engine/Shaders/Private/meshpaintdilatepixelshader.usf" 2584
"../../../Engine/Shaders/Private/meshpaintdilatevertexshader.usf" 2585
"../../../Engine/Shaders/Private/MeshPaintPixelShader.usf" 2586
"../../../Engine/Shaders/Private/MeshPaintVertexShader.usf" 2587
"../../../Engine/Shaders/Private/Tools/VisualizeTexture.usf" 2588
"../../../Engine/Shaders/Private/ByteBuffer.usf" 2589
"../../../Engine/Shaders/Private/ResolveVertexShader.usf" 2590
"../../../Engine/Shaders/Private/ResolvePixelShader.usf" 2591
"../../../Engine/Shaders/Private/Tools/SetupIndirectArgs.usf" 2592
"../../../Engine/Shaders/Private/Tools/ClearUAV.usf" 2593
"../../../Engine/Shaders/Private/ClearReplacementShaders.usf" 2594
"../../../Engine/Shaders/Private/Tools/DrawTexture.usf" 2595
"../../../Engine/Shaders/Private/RayTracing/RayTracingValidation.usf" 2596
"../../../Engine/Shaders/Private/RenderGraphUtilities.usf" 2597
"../../../Engine/Shaders/Private/OneColorShader.usf" 2598
"../../../Engine/Shaders/Private/OculusShaders.usf" 2599
"../../../Engine/Shaders/Private/MediaShaders.usf" 2600
"../../../Engine/Shaders/Private/GPUMessaging.usf" 2601
"../../../Engine/Shaders/Private/NullPixelShader.usf" 2602
"../../../Engine/Shaders/Private/ComputeGenerateMips.usf" 2603
"../../../Engine/Shaders/Private/Tools/DumpTexture.usf" 2604
"../../../Engine/Shaders/Private/CopyTextureShaders.usf" 2605
"../../../Engine/Shaders/Private/Tools/FullscreenVertexShader.usf" 2606
"../../../Engine/Shaders/Private/RayTracing/RayTracingDispatchDesc.usf" 2607
"../../../Engine/Shaders/Private/Bink.usf" 2608
"C:/Program Files/Epic Games/UE_5.2/Engine/Plugins/2D/Paper2D/Content/DummySprite.uasset" 2609
"D:/Progetti/PurgatorySeaServer/Unreal Engine/PurgatorySea/Content/Levels/PurgatorySeaMap.umap" 2610
"C:/Program Files/Epic Games/UE_5.2/Engine/Plugins/Animation/ControlRig/Content/StandardFunctionLibrary/StandardFunctionLibrary.uasset" 2611
"C:/Program Files/Epic Games/UE_5.2/Engine/Plugins/Animation/ControlRigSpline/Content/SplineFunctionLibrary/SplineFunctionLibrary.uasset" 2612
"D:/Progetti/PurgatorySeaServer/Unreal Engine/PurgatorySea/Content/Blueprints/Actors/BP_Battleship.uasset" 2613
"D:/Progetti/PurgatorySeaServer/Unreal Engine/PurgatorySea/Content/Blueprints/Actors/BP_AircraftCarrier.uasset" 2614
"C:/Program Files/Epic Games/UE_5.2/Engine/Plugins/2D/Paper2D/Content/Tutorial/Paper2D/TutorialAssets/TutorialSprite.uasset" 2615
"C:/Program Files/Epic Games/UE_5.2/Engine/Plugins/2D/Paper2D/Content/Tutorial/Paper2D/TutorialAssets/TutorialFlipBook.uasset" 2616
"../../../Engine/Content/EditorResources/S_Actor.uasset" 2617
"C:/Users/d.seerig/AppData/Local/UnrealEngine/Common/DerivedDataCache/Buckets/BulkDataList/52/8a/80a0b9c0d9c1e626792a153d5fe25d4fc990.udd" 2618
"D:/Progetti/PurgatorySeaServer/Unreal Engine/PurgatorySea/Intermediate/ShaderAutogen/PCD3D_SM6/AutogenShaderHeaders.ush" 2619
"D:/Progetti/PurgatorySeaServer/Unreal Engine/PurgatorySea/Intermediate/ShaderAutogen/PCD3D_ES3_1/AutogenShaderHeaders.ush" 2620
"../../../Engine/Content/EditorResources/S_BoxReflectionCapture.uasset" 2621
"C:/Users/d.seerig/AppData/Local/UnrealEngine/Common/DerivedDataCache/Buckets/BulkDataList/77/e7/b230400a5fcd389cd45bfc2b006e349beceb.udd" 2622
"../../../Engine/Content/EngineResources/DefaultTexture.uasset" 2623
"C:/Users/d.seerig/AppData/Local/UnrealEngine/Common/DerivedDataCache/Buckets/BulkDataList/4b/5b/99f86044947764400600f34f78869d853646.udd" 2624
"../../../Engine/Content/EngineResources/DefaultTextureCube.uasset" 2625
"C:/Users/d.seerig/AppData/Local/UnrealEngine/Common/DerivedDataCache/Buckets/BulkDataList/42/3a/649b9afe80f9a35aa0d71f9b35eb66e0a3a0.udd" 2626
"../../../Engine/Content/EngineResources/DefaultVolumeTexture.uasset" 2627
"../../../Engine/Content/EngineResources/DefaultVolumeTexture2D.uasset" 2628
"C:/Users/d.seerig/AppData/Local/UnrealEngine/Common/DerivedDataCache/Buckets/BulkDataList/06/5e/c34208f24b9b925f67fd839016387e37462e.udd" 2629
"C:/Users/d.seerig/AppData/Local/UnrealEngine/Common/DerivedDataCache/Buckets/BulkDataList/1d/ad/23d5b9c6c64f2b61a988e52a8676cd6adcf0.udd" 2630
"../../../Engine/Content/EngineFonts/RobotoDistanceField.uasset" 2631
"C:/Users/d.seerig/AppData/Local/UnrealEngine/Common/DerivedDataCache/Buckets/BulkDataList/17/75/aac1994904341f0f454346d9ad91c66c4f03.udd" 2632
"../../../Engine/Content/EngineMaterials/DefaultTextMaterialOpaque.uasset" 2633
"../../../Engine/Content/Functions/Engine_MaterialFunctions01/Shading/PowerToRoughness.uasset" 2634
"../../../Engine/Content/Functions/Engine_MaterialFunctions01/Shading/ConvertFromDiffSpec.uasset" 2635
"../../../Engine/Content/EngineMaterials/WorldGridMaterial.uasset" 2636
"../../../Engine/Content/Functions/Engine_MaterialFunctions01/Opacity/CameraDepthFade.uasset" 2637
"../../../Engine/Content/EngineMaterials/T_Default_Material_Grid_M.uasset" 2638
"../../../Engine/Content/EngineMaterials/T_Default_Material_Grid_N.uasset" 2639
"../../../Engine/Content/EngineMaterials/DefaultDeferredDecalMaterial.uasset" 2640
"../../../Engine/Content/EngineMaterials/DefaultDiffuse.uasset" 2641
"../../../Engine/Content/EngineMaterials/DefaultLightFunctionMaterial.uasset" 2642
"../../../Engine/Content/EngineMaterials/DefaultPostProcessMaterial.uasset" 2643
"../../../Engine/Content/Functions/Engine_MaterialFunctions02/Utility/BreakOutFloat2Components.uasset" 2644
"C:/Users/d.seerig/AppData/Local/UnrealEngine/Common/DerivedDataCache/Buckets/BulkDataList/50/0a/9af9bf681c600bf666937960806b5ec958e7.udd" 2645
"C:/Users/d.seerig/AppData/Local/UnrealEngine/Common/DerivedDataCache/Buckets/BulkDataList/90/8f/fc61d0374c7edeb066a3e0a61e9c847760ff.udd" 2646
"C:/Users/d.seerig/AppData/Local/UnrealEngine/Common/DerivedDataCache/Buckets/BulkDataList/62/0a/a9e96ed7ed803d04a4edff9b5d0c555503d9.udd" 2647
"../../../Engine/Content/EditorResources/S_Trigger.uasset" 2648
"C:/Users/d.seerig/AppData/Local/UnrealEngine/Common/DerivedDataCache/Buckets/BulkDataList/91/91/4f68973511dc1513aac3ac23e72cc17d5adf.udd" 2649
"../../../Engine/Content/EditorResources/S_TriggerBox.uasset" 2650
"C:/Users/d.seerig/AppData/Local/UnrealEngine/Common/DerivedDataCache/Buckets/BulkDataList/30/2b/74e3d084fc4272e421cb315b4816572cf980.udd" 2651
"../../../Engine/Content/EditorResources/S_TriggerCapsule.uasset" 2652
"C:/Users/d.seerig/AppData/Local/UnrealEngine/Common/DerivedDataCache/Buckets/BulkDataList/57/54/40444811ebac3d6d1cf1182d01a1861d2867.udd" 2653
"../../../Engine/Content/EditorResources/S_TriggerSphere.uasset" 2654
"C:/Users/d.seerig/AppData/Local/UnrealEngine/Common/DerivedDataCache/Buckets/BulkDataList/71/70/1420db4cb64827cf0ea4f208d60a6acfa23e.udd" 2655
"../../../Engine/Content/EngineDamageTypes/DmgTypeBP_Environmental.uasset" 2656
"../../../Engine/Content/EngineSky/VolumetricClouds/m_SimpleVolumetricCloud_Inst.uasset" 2657
"../../../Engine/Content/EngineSky/VolumetricClouds/m_SimpleVolumetricCloud.uasset" 2658
"../../../Engine/Content/Functions/Engine_MaterialFunctions02/Utility/MakeFloat2.uasset" 2659
"../../../Engine/Content/EngineSky/VolumetricClouds/CloudGradientTexture.uasset" 2660
"../../../Engine/Content/EngineSky/VolumetricClouds/CloudWeatherTexture.uasset" 2661
"../../../Engine/Content/EngineSky/VolumetricClouds/T_VolumeNoiseErosion32.uasset" 2662
"../../../Engine/Content/EngineSky/VolumetricClouds/T_NoiseErosion.uasset" 2663
"../../../Engine/Content/EngineSky/VolumetricClouds/T_VolumeNoiseShape64.uasset" 2664
"../../../Engine/Content/EngineSky/VolumetricClouds/T_NoiseShape64.uasset" 2665
"C:/Users/d.seerig/AppData/Local/UnrealEngine/Common/DerivedDataCache/Buckets/BulkDataList/93/82/8c74bba73431959c338a1b31eebde67eeaee.udd" 2666
"C:/Users/d.seerig/AppData/Local/UnrealEngine/Common/DerivedDataCache/Buckets/BulkDataList/9e/a4/15bd7923e59816ab38ca66e43ecd4f0a3227.udd" 2667
"C:/Users/d.seerig/AppData/Local/UnrealEngine/Common/DerivedDataCache/Buckets/BulkDataList/5c/b1/87aeced19a5a3813e27fbba58b059f13ce23.udd" 2668
"C:/Users/d.seerig/AppData/Local/UnrealEngine/Common/DerivedDataCache/Buckets/BulkDataList/ca/e7/87986ef91329d543219a381c55224e119196.udd" 2669
"C:/Users/d.seerig/AppData/Local/UnrealEngine/Common/DerivedDataCache/Buckets/BulkDataList/5b/16/90c9db0e58d1ab0ee58a809ee28fae3b1ca6.udd" 2670
"C:/Users/d.seerig/AppData/Local/UnrealEngine/Common/DerivedDataCache/Buckets/BulkDataList/45/33/c7a55c15e7a44e475d34b72ddc54ab9884bd.udd" 2671
"../../../Engine/Content/EngineMeshes/Sphere.uasset" 2672
"C:/Users/d.seerig/AppData/Local/UnrealEngine/Common/DerivedDataCache/Buckets/LegacyNavCollision/1a/ea/6b0e8fab9d1212ee8db58df061bb0b14406b.udd" 2673
"../../../Engine/Content/EngineResources/WhiteSquareTexture.uasset" 2674
"C:/Users/d.seerig/AppData/Local/UnrealEngine/Common/DerivedDataCache/Buckets/BulkDataList/2c/b6/c341314f0161b4eec996094a241f47eb323c.udd" 2675
"../../../Engine/Content/EngineResources/GradientTexture0.uasset" 2676
"C:/Users/d.seerig/AppData/Local/UnrealEngine/Common/DerivedDataCache/Buckets/BulkDataList/12/21/35d2be9cf60d715b46e9a9adaa46f1d13c4b.udd" 2677
"../../../Engine/Content/EngineResources/Black.uasset" 2678
"C:/Users/d.seerig/AppData/Local/UnrealEngine/Common/DerivedDataCache/Buckets/BulkDataList/cc/7b/5ce8739a0977e3f8c6d397909e8335a772f2.udd" 2679
"../../../Engine/Content/EngineMaterials/Widget3DPassThrough_Translucent.uasset" 2680
"../../../Engine/Content/EngineMaterials/Widget3DPassThrough.uasset" 2681
"../../../Engine/Content/EngineMaterials/Widget3DPassThrough_Translucent_OneSided.uasset" 2682
"../../../Engine/Content/EngineMaterials/Widget3DPassThrough_Opaque.uasset" 2683
"../../../Engine/Content/EngineMaterials/Widget3DPassThrough_Opaque_OneSided.uasset" 2684
"../../../Engine/Content/EngineMaterials/Widget3DPassThrough_Masked.uasset" 2685
"../../../Engine/Content/EngineMaterials/Widget3DPassThrough_Masked_OneSided.uasset" 2686
"../../../Engine/Content/VREditor/TransformGizmo/PlaneTranslationHandle.uasset" 2687
"../../../Engine/Content/VREditor/TransformGizmo/TransformGizmoMaterial.uasset" 2688
"../../../Engine/Content/VREditor/LaserPointer/VR_LaserPower_01.uasset" 2689
"../../../Engine/Content/VREditor/TransformGizmo/TranslucentTransformGizmoMaterial.uasset" 2690
"C:/Users/d.seerig/AppData/Local/UnrealEngine/Common/DerivedDataCache/Buckets/BulkDataList/09/f4/b98a611cb14c7e1d211ce7b95cf88c5e146f.udd" 2691
"../../../Engine/Content/VREditor/TransformGizmo/BoundingBoxCorner.uasset" 2692
"../../../Engine/Content/VREditor/TransformGizmo/BoundingBoxEdge.uasset" 2693
"../../../Engine/Content/VREditor/TransformGizmo/SM_Sequencer_Node.uasset" 2694
"../../../Engine/Content/VREditor/TransformGizmo/Main.uasset" 2695
"../../../Engine/Content/VREditor/TransformGizmo/Xray.uasset" 2696
"../../../Engine/Content/EditorMeshes/Camera/SM_CraneRig_Base.uasset" 2697
"../../../Engine/Content/EditorMaterials/Camera/MI_CineMat_Rig.uasset" 2698
"../../../Engine/Content/EditorMaterials/Camera/CineMat.uasset" 2699
"../../../Engine/Content/EditorMeshes/Camera/SM_CraneRig_Arm.uasset" 2700
"../../../Engine/Content/EditorMeshes/Camera/SM_CraneRig_Mount.uasset" 2701
"../../../Engine/Content/EditorMeshes/Camera/SM_CraneRig_Body.uasset" 2702
"../../../Engine/Content/EditorMeshes/Camera/SM_RailRig_Track.uasset" 2703
"../../../Engine/Content/EditorMeshes/Camera/SM_RailRig_Mount.uasset" 2704
"../../../Engine/Content/ArtTools/RenderToTexture/Meshes/S_1_Unit_Plane.uasset" 2705
"../../../Engine/Content/EngineDebugMaterials/M_SimpleUnlitTranslucent.uasset" 2706
"../../../Engine/Content/EngineFonts/Roboto.uasset" 2707
"../../../Engine/Content/EngineFonts/Faces/DroidSansFallback.uasset" 2708
"../../../Engine/Content/EngineFonts/Faces/RobotoBold.uasset" 2709
"../../../Engine/Content/EngineFonts/Faces/RobotoBoldItalic.uasset" 2710
"../../../Engine/Content/EngineFonts/Faces/RobotoItalic.uasset" 2711
"../../../Engine/Content/EngineFonts/Faces/RobotoLight.uasset" 2712
"../../../Engine/Content/EngineFonts/Faces/RobotoRegular.uasset" 2713
"../../../Engine/Content/EditorMaterials/ParticleSystems/PSysThumbnail_NoImage.uasset" 2714
"C:/Users/d.seerig/AppData/Local/UnrealEngine/Common/DerivedDataCache/Buckets/BulkDataList/75/66/024f97d3108afe1418cc5ee635d0e434f493.udd" 2715
"../../../Engine/Content/EditorMaterials/ParticleSystems/PSysThumbnail_OOD.uasset" 2716
"C:/Users/d.seerig/AppData/Local/UnrealEngine/Common/DerivedDataCache/Buckets/BulkDataList/ed/a8/7cc0ff8ee936f60e845050646fd7ea1a9205.udd" 2717
"../../../Engine/Content/EditorLandscapeResources/SplineEditorMesh.uasset" 2718
"../../../Engine/Content/EditorLandscapeResources/SplineEditorMeshMat.uasset" 2719
"../../../Engine/Content/EditorLandscapeResources/DataLayer.uasset" 2720
"../../../Engine/Content/EditorResources/S_Solver.uasset" 2721
"C:/Users/d.seerig/AppData/Local/UnrealEngine/Common/DerivedDataCache/Buckets/BulkDataList/69/69/ca2fb4833cf9e3c077d57cfde04c452a879f.udd" 2722
"../../../Engine/Content/EngineDebugMaterials/VolumeToRender.uasset" 2723
"C:/Users/d.seerig/AppData/Local/UnrealEngine/Common/DerivedDataCache/Buckets/BulkDataList/7b/e5/f46129d4843bef6507a78cd001dc59fedac5.udd" 2724
"../../../Engine/Content/EngineDebugMaterials/M_VolumeRenderSphereTracePP.uasset" 2725
"../../../Engine/Content/Functions/Engine_MaterialFunctions02/Utility/CameraDirectionVector.uasset" 2726
"../../../Engine/Content/Internationalization/icudt64l/coll/ucadata.icu" 2727
"../../../Engine/Content/Internationalization/icudt64l/coll/it.res" 2728
"../../../Engine/Content/Internationalization/icudt64l/coll/root.res" 2729
"../../../Engine/Content/Animation/DefaultAnimBoneCompressionSettings.uasset" 2730
"../../../Engine/Content/Animation/DefaultRecorderBoneCompression.uasset" 2731
"../../../Engine/Content/Animation/DefaultAnimCurveCompressionSettings.uasset" 2732
"../../Plugins/2D/Paper2D/Content/MaskedUnlitSpriteMaterial.uasset" 2733
"../../Plugins/2D/Paper2D/Content/DefaultSpriteMaterial.uasset" 2734
"../../Plugins/2D/Paper2D/Content/PlaceholderTextures/DummySpriteTexture.uasset" 2735
"C:/Users/d.seerig/AppData/Local/UnrealEngine/Common/DerivedDataCache/Buckets/BulkDataList/e4/75/7e2284c235f32159560af3435f40ee9e3e58.udd" 2736
"../../Plugins/2D/Paper2D/Content/OpaqueUnlitSpriteMaterial.uasset" 2737
"../../Plugins/2D/Paper2D/Content/DefaultPaperTerrainMaterial.uasset" 2738
"../../Plugins/2D/Paper2D/Content/DummySprite.uasset" 2739
"../../Plugins/Animation/ControlRig/Content/Controls/ControlRigXRayMaterial.uasset" 2740
"../../Plugins/Animation/ControlRig/Content/Controls/DefaultGizmoLibraryNormalized.uasset" 2741
"../../Plugins/Animation/ControlRig/Content/M_Manip.uasset" 2742
"../../../Engine/Content/Functions/Engine_MaterialFunctions02/WorldPositionOffset/CameraOffset.uasset" 2743
"../../Plugins/Media/MediaPlate/Content/SM_MediaPlateScreen.uasset" 2744
"../../Plugins/Editor/SpeedTreeImporter/Content/SpeedTree9/SpeedTreeMaster.uasset" 2745
"../../../Engine/Content/Functions/Engine_MaterialFunctions02/ObjectLocalBounds.uasset" 2746
"../../../Engine/Content/Functions/Engine_MaterialFunctions02/SafeNormalize.uasset" 2747
"../../../Engine/Content/Functions/Engine_MaterialFunctions02/Utility/BreakOutFloat3Components.uasset" 2748
"../../../Engine/Content/Functions/Engine_MaterialFunctions02/Utility/VectorLength.uasset" 2749
"../../../Engine/Content/Functions/Engine_MaterialFunctions02/UVs/BoundingBoxBased_0-1_UVW.uasset" 2750
"../../../Engine/Content/Functions/Engine_MaterialFunctions02/WorldPositionOffset/ObjectScale.uasset" 2751
"../../Plugins/Editor/SpeedTreeImporter/Content/SpeedTree9/SpeedTreeBranchMotion.uasset" 2752
"../../Plugins/Editor/SpeedTreeImporter/Content/SpeedTree9/SpeedTreeWindMotion.uasset" 2753
"../../Plugins/Editor/SpeedTreeImporter/Content/SpeedTree9/game_wind_noise.uasset" 2754
"../../Plugins/Editor/SpeedTreeImporter/Content/SpeedTree9/UnpackDirection.uasset" 2755
"../../Plugins/Editor/SpeedTreeImporter/Content/SpeedTree9/UnpackInteger3.uasset" 2756
"../../Plugins/Editor/SpeedTreeImporter/Content/SpeedTree9/SpeedTreeCameraFacing.uasset" 2757
"../../Plugins/Editor/SpeedTreeImporter/Content/SpeedTree9/SpeedTreeWind.uasset" 2758
"../../Plugins/Editor/SpeedTreeImporter/Content/SpeedTree9/Empty.uasset" 2759
"../../Plugins/Editor/SpeedTreeImporter/Content/SpeedTree9/EmptyNormal.uasset" 2760
"C:/Users/d.seerig/AppData/Local/UnrealEngine/Common/DerivedDataCache/Buckets/BulkDataList/9f/76/656bc310c27a33b07e07861f21160e83efbd.udd" 2761
"C:/Users/d.seerig/AppData/Local/UnrealEngine/Common/DerivedDataCache/Buckets/BulkDataList/23/a5/704bb6ed444541ba4f57f29d6491da45e61d.udd" 2762
"C:/Users/d.seerig/AppData/Local/UnrealEngine/Common/DerivedDataCache/Buckets/BulkDataList/26/bb/13ee534365754b50bee2233b5a55fb0f6788.udd" 2763
"C:/Users/d.seerig/AppData/Local/UnrealEngine/Common/DerivedDataCache/Buckets/BulkDataPayloadId/93/1e/fa687e128aa134c7085da39d1269fafb1746.udd" 2764
"C:/Users/d.seerig/AppData/Local/UnrealEngine/Common/DerivedDataCache/Buckets/BulkDataPayloadId/ac/cc/a6aa9daa7cbf76c8953f7e3d2c201a8a54cb.udd" 2765
"../../Plugins/Editor/SpeedTreeImporter/Content/SpeedTree9/SpeedTreeBillboardMaster.uasset" 2766
"../../Plugins/Editor/SpeedTreeImporter/Content/SpeedTree9/SpeedTreeBillboard.uasset" 2767
"D:/Progetti/PurgatorySeaServer/Unreal Engine/PurgatorySea/Saved/Config/WindowsEditor/ObjectMixerSerializedData.ini" 2768
"../../../Engine/Content/EngineMaterials/NaniteHiddenSectionMaterial.uasset" 2769
"../../../Engine/Content/EngineMaterials/RemoveSurfaceMaterial.uasset" 2770
"../../../Engine/Content/EngineDebugMaterials/DebugMeshMaterial.uasset" 2771
"../../../Engine/Content/EngineMaterials/EmissiveMeshMaterial.uasset" 2772
"../../../Engine/Content/EngineMaterials/DefaultWhiteGrid_Low.uasset" 2773
"C:/Users/d.seerig/AppData/Local/UnrealEngine/Common/DerivedDataCache/Buckets/BulkDataList/9e/05/04d19457d7414aa35f03241b6abc101b1679.udd" 2774
"../../../Engine/Content/EngineMaterials/M_InvalidLightmapSettings.uasset" 2775
"../../../Engine/Content/EngineMaterials/InvalidLightmapSettings.uasset" 2776
"C:/Users/d.seerig/AppData/Local/UnrealEngine/Common/DerivedDataCache/Buckets/BulkDataList/b0/e4/1210672463179520c2c703d801e27c43bb1b.udd" 2777
"../../../Engine/Content/EngineMaterials/GizmoMaterial.uasset" 2778
"../../../Engine/Content/EngineMaterials/PhAT_JointLimitMaterial.uasset" 2779
"../../../Engine/Content/EngineMaterials/FlattenMaterial.uasset" 2780
"../../../Engine/Content/EngineMaterials/BaseFlattenDiffuseMap.uasset" 2781
"../../../Engine/Content/EngineMaterials/BaseFlattenEmissiveMap.uasset" 2782
"../../../Engine/Content/EngineMaterials/BaseFlattenGrayscaleMap.uasset" 2783
"../../../Engine/Content/EngineMaterials/BaseFlattenLinearColor.uasset" 2784
"../../../Engine/Content/EngineMaterials/BaseFlattenNormalMap.uasset" 2785
"../../../Engine/Content/Functions/Engine_MaterialFunctions02/PivotPainter2/Black_1x1_EXR_Texture.uasset" 2786
"C:/Users/d.seerig/AppData/Local/UnrealEngine/Common/DerivedDataCache/Buckets/BulkDataList/33/22/dec35111ae2037dba1f6b2292572caaf23d4.udd" 2787
"C:/Users/d.seerig/AppData/Local/UnrealEngine/Common/DerivedDataCache/Buckets/BulkDataList/cf/d4/8c20ffe5ac6f041a3be6f6de79dc019cb72d.udd" 2788
"C:/Users/d.seerig/AppData/Local/UnrealEngine/Common/DerivedDataCache/Buckets/BulkDataList/4b/1c/90b8ad2ffa7ece5367584d4d38f631d226b8.udd" 2789
"C:/Users/d.seerig/AppData/Local/UnrealEngine/Common/DerivedDataCache/Buckets/BulkDataList/1a/f4/074b311cf567010ec3fa339d64379eae7609.udd" 2790
"C:/Users/d.seerig/AppData/Local/UnrealEngine/Common/DerivedDataCache/Buckets/BulkDataList/7f/29/549a3b1660ce95a93fd348bbe23019c3a7b0.udd" 2791
"C:/Users/d.seerig/AppData/Local/UnrealEngine/Common/DerivedDataCache/Buckets/BulkDataList/55/ce/42e1dda5dbd8931450da3a393054a9632ffc.udd" 2792
"../../../Engine/Content/EngineMaterials/FlattenMaterial_VT.uasset" 2793
"../../../Engine/Content/EngineMaterials/BaseFlattenDiffuseMap_VT.uasset" 2794
"../../../Engine/Content/EngineMaterials/BaseFlattenEmissiveMap_VT.uasset" 2795
"../../../Engine/Content/EngineMaterials/BaseFlattenGrayscaleMap_VT.uasset" 2796
"../../../Engine/Content/EngineMaterials/BaseFlattenLinearColor_VT.uasset" 2797
"../../../Engine/Content/EngineMaterials/BaseFlattenNormalMap_VT.uasset" 2798
"../../../Engine/Content/EngineMaterials/Black_1x1_EXR_Texture_VT.uasset" 2799
"C:/Users/d.seerig/AppData/Local/UnrealEngine/Common/DerivedDataCache/Buckets/BulkDataList/af/89/954a406ef44668e9f9b98f7f3e465a6b225d.udd" 2800
"C:/Users/d.seerig/AppData/Local/UnrealEngine/Common/DerivedDataCache/Buckets/BulkDataList/b7/ef/686055481fb68e86dc00fe46dcc4a8bb5315.udd" 2801
"C:/Users/d.seerig/AppData/Local/UnrealEngine/Common/DerivedDataCache/Buckets/BulkDataList/64/f4/cfe297aba7e21b4dcf0ecafc7235f0185c3a.udd" 2802
"C:/Users/d.seerig/AppData/Local/UnrealEngine/Common/DerivedDataCache/Buckets/BulkDataList/97/e5/e02c4feab60a295cbb8c75a0ce9e2d2ef068.udd" 2803
"C:/Users/d.seerig/AppData/Local/UnrealEngine/Common/DerivedDataCache/Buckets/BulkDataList/2d/29/2c399c2dcfd17b5471b24ac8ac36735126d3.udd" 2804
"C:/Users/d.seerig/AppData/Local/UnrealEngine/Common/DerivedDataCache/Buckets/BulkDataList/f5/b0/a4cc90ac95148624c0c1ef8ccbcd0f2c28cf.udd" 2805
"../../../Engine/Content/EngineMaterials/FlattenMaterial_WS_Normal_VT.uasset" 2806
"../../../Engine/Content/EngineMaterials/Good64x64TilingNoiseHighFreq.uasset" 2807
"C:/Users/d.seerig/AppData/Local/UnrealEngine/Common/DerivedDataCache/Buckets/BulkDataList/cd/75/9f84d0049deea32a2567567a00862b892994.udd" 2808
"../../../Engine/Content/EngineMaterials/DefaultBokeh.uasset" 2809
"C:/Users/d.seerig/AppData/Local/UnrealEngine/Common/DerivedDataCache/Buckets/BulkDataList/a3/e9/c36e002bd4be87852a81b3c7ada374dd9b97.udd" 2810
"../../../Engine/Content/EngineMaterials/PreintegratedSkinBRDF.uasset" 2811
"C:/Users/d.seerig/AppData/Local/UnrealEngine/Common/DerivedDataCache/Buckets/BulkDataList/8d/46/2ad4b2276ed93d02e21d8a964645bfdc1f55.udd" 2812
"../../../Engine/Content/EngineMaterials/MiniFont.uasset" 2813
"C:/Users/d.seerig/AppData/Local/UnrealEngine/Common/DerivedDataCache/Buckets/BulkDataList/87/78/0c73d37f2ba58c8bb0b1dcfc7408eaca0b46.udd" 2814
"../../../Engine/Content/EngineMaterials/WeightMapPlaceholderTexture.uasset" 2815
"C:/Users/d.seerig/AppData/Local/UnrealEngine/Common/DerivedDataCache/Buckets/BulkDataList/20/a4/cd81c2450bc2d5d6f454bd5bd09b3319ebad.udd" 2816
"../../../Engine/Content/EngineMaterials/DefaultWhiteGrid.uasset" 2817
"C:/Users/d.seerig/AppData/Local/UnrealEngine/Common/DerivedDataCache/Buckets/BulkDataList/71/30/25d24872ff7357df8b50c09ee468d72cadee.udd" 2818
"../../../Engine/Content/EngineMaterials/DefaultPhysicalMaterial.uasset" 2819
"../../../Engine/Content/EngineMaterials/DefaultDestructiblePhysicalMaterial.uasset" 2820
"../../../Engine/Content/EditorLandscapeResources/DefaultAlphaTexture.uasset" 2821
"C:/Users/d.seerig/AppData/Local/UnrealEngine/Common/DerivedDataCache/Buckets/BulkDataList/db/a2/e024dd3b825c17b06ab2ea6b0a6517bfa98b.udd" 2822
"../../../Engine/Content/EditorResources/S_Terrain.uasset" 2823
"C:/Users/d.seerig/AppData/Local/UnrealEngine/Common/DerivedDataCache/Buckets/BulkDataList/48/c8/7980f028a3a3dfa94fcdd5876c4a26f2f8cb.udd" 2824
"../../../Engine/Content/BasicShapes/Cube.uasset" 2825
"../../../Engine/Content/BasicShapes/Sphere.uasset" 2826
"../../../Engine/Content/EngineMaterials/DefaultMaterial.uasset" 2827
"../../../Engine/Content/BasicShapes/Cylinder.uasset" 2828
"../../../Engine/Content/BasicShapes/Cone.uasset" 2829
"../../../Engine/Content/BasicShapes/Plane.uasset" 2830
"../../Plugins/Runtime/MeshModelingToolset/Content/Materials/M_DynamicMeshComponentVtxColor.uasset" 2831
"../../Plugins/FX/Niagara/Content/ParameterDefinitions/SpriteRenderer.uasset" 2832
"../../Plugins/FX/Niagara/Content/ParameterDefinitions/RibbonRenderer.uasset" 2833
"../../Plugins/FX/Niagara/Content/ParameterDefinitions/MeshRenderer.uasset" 2834
"../../Plugins/FX/Niagara/Content/ParameterDefinitions/LightRenderer.uasset" 2835
"../../Plugins/FX/Niagara/Content/ParameterDefinitions/DecalRenderer.uasset" 2836
"../../Plugins/FX/Niagara/Content/ParameterDefinitions/CoreParameters.uasset" 2837
"../../../Engine/Content/EditorResources/SequenceRecorder/Countdown.uasset" 2838
"C:/Users/d.seerig/AppData/Local/UnrealEngine/Common/DerivedDataCache/Buckets/BulkDataList/27/a5/20ed8d06bb53b7245042c0e20451bac1ed44.udd" 2839
"../../../Engine/Content/EditorResources/SequenceRecorder/RecordingIndicator.uasset" 2840
"C:/Users/d.seerig/AppData/Local/UnrealEngine/Common/DerivedDataCache/Buckets/BulkDataList/14/8a/572c8429b81bc5b3f2bf8e77190e622db550.udd" 2841
"../../../Engine/Content/EditorMaterials/PhAT_UnselectedMaterial.uasset" 2842
"../../../Engine/Content/EditorMaterials/PhAT_NoCollisionMaterial.uasset" 2843
"C:/Users/d.seerig/AppData/Local/UnrealEngine/Common/DerivedDataCache/Buckets/GlobalShaderMap/03/2b/ffbf1d20fb5f645e5c901310786712081752.udd" 2844
"C:/Users/d.seerig/AppData/Local/UnrealEngine/Common/DerivedDataCache/Buckets/GlobalShaderMap/95/ce/de8a49b40a316e37865533678320db75caaa.udd" 2845
"C:/Users/d.seerig/AppData/Local/UnrealEngine/Common/DerivedDataCache/Buckets/GlobalShaderMap/18/ab/7c41f2a33428f05b3da63e798f9c1005b876.udd" 2846
"C:/Users/d.seerig/AppData/Local/UnrealEngine/Common/DerivedDataCache/Buckets/GlobalShaderMap/00/77/793f7a182235f0f2d3815a19f0af5d4102d4.udd" 2847
"C:/Users/d.seerig/AppData/Local/UnrealEngine/Common/DerivedDataCache/Buckets/GlobalShaderMap/80/8a/a5d1a556f0fc8cb75805813ed9c48ef6503f.udd" 2848
"C:/Users/d.seerig/AppData/Local/UnrealEngine/Common/DerivedDataCache/Buckets/GlobalShaderMap/30/74/d5356d4a3ddae8f44974c2e5d45b2936539a.udd" 2849
"C:/Users/d.seerig/AppData/Local/UnrealEngine/Common/DerivedDataCache/Buckets/GlobalShaderMap/d5/70/d1a9c328b14a95124d71b1991348b65a8ae0.udd" 2850
"C:/Users/d.seerig/AppData/Local/UnrealEngine/Common/DerivedDataCache/Buckets/GlobalShaderMap/0b/44/adfdd653a2fbab221305ebaeee9a891610ea.udd" 2851
"C:/Users/d.seerig/AppData/Local/UnrealEngine/Common/DerivedDataCache/Buckets/GlobalShaderMap/ac/16/362600a689fee3fa10d4409c81c65ef93875.udd" 2852
"C:/Users/d.seerig/AppData/Local/UnrealEngine/Common/DerivedDataCache/Buckets/GlobalShaderMap/3b/82/39233b5efab78116ad57df9e8d130239a969.udd" 2853
"C:/Users/d.seerig/AppData/Local/UnrealEngine/Common/DerivedDataCache/Buckets/GlobalShaderMap/86/af/88955ab2bd7aab4f9a44f514b5268c79349e.udd" 2854
"C:/Users/d.seerig/AppData/Local/UnrealEngine/Common/DerivedDataCache/Buckets/GlobalShaderMap/93/95/1dee1c7dcbf888db43e827cc30c0ab61093a.udd" 2855
"C:/Users/d.seerig/AppData/Local/UnrealEngine/Common/DerivedDataCache/Buckets/GlobalShaderMap/51/5a/dac484540fb3e5466abca0525c4e40c9c8c3.udd" 2856
"C:/Users/d.seerig/AppData/Local/UnrealEngine/Common/DerivedDataCache/Buckets/GlobalShaderMap/3f/ca/f62562d9b60bf7b38b6f3224134b4d4c1355.udd" 2857
"C:/Users/d.seerig/AppData/Local/UnrealEngine/Common/DerivedDataCache/Buckets/GlobalShaderMap/ae/b5/3db78dd69ead8de5c8a7e5df7ecd5f72e930.udd" 2858
"C:/Users/d.seerig/AppData/Local/UnrealEngine/Common/DerivedDataCache/Buckets/GlobalShaderMap/49/0f/8e69c2c3cf5e3fde1904122f1841c1bd9a58.udd" 2859
"C:/Users/d.seerig/AppData/Local/UnrealEngine/Common/DerivedDataCache/Buckets/GlobalShaderMap/51/88/f762c36aad7cf4ca28effc8470f16cc87727.udd" 2860
"C:/Users/d.seerig/AppData/Local/UnrealEngine/Common/DerivedDataCache/Buckets/GlobalShaderMap/1e/90/a3975fa45e33223d2c77c487188e4930451b.udd" 2861
"C:/Users/d.seerig/AppData/Local/UnrealEngine/Common/DerivedDataCache/Buckets/GlobalShaderMap/19/cb/04fd01f83e60575bba36009220d9b4e19cef.udd" 2862
"C:/Users/d.seerig/AppData/Local/UnrealEngine/Common/DerivedDataCache/Buckets/GlobalShaderMap/95/20/2827b4e41cccf8700db76e1627a358ba7855.udd" 2863
"C:/Users/d.seerig/AppData/Local/UnrealEngine/Common/DerivedDataCache/Buckets/GlobalShaderMap/9f/03/643caa8a802fbe5ac4402423551b5d6c2d54.udd" 2864
"C:/Users/d.seerig/AppData/Local/UnrealEngine/Common/DerivedDataCache/Buckets/GlobalShaderMap/92/e9/f4a7fe6bd08e2e3383fc01ef1b76a92b3704.udd" 2865
"C:/Users/d.seerig/AppData/Local/UnrealEngine/Common/DerivedDataCache/Content/69/d1/275917e7c0b27f156455d91a6e515899a303.udd" 2866
"C:/Users/d.seerig/AppData/Local/UnrealEngine/Common/DerivedDataCache/Buckets/GlobalShaderMap/86/58/3b9c7e0128aec9be0ec496655ce55eef0e79.udd" 2867
"C:/Users/d.seerig/AppData/Local/UnrealEngine/Common/DerivedDataCache/Buckets/GlobalShaderMap/09/22/4380509ccec6a9f39efe6b53dce694f2303a.udd" 2868
"C:/Users/d.seerig/AppData/Local/UnrealEngine/Common/DerivedDataCache/Buckets/GlobalShaderMap/ca/f9/5c4b57e3b0d1532de7a45d2a0aa40db668d8.udd" 2869
"C:/Users/d.seerig/AppData/Local/UnrealEngine/Common/DerivedDataCache/Buckets/GlobalShaderMap/3d/bd/b4e16a3da03f2b315cd976c00d243107dde4.udd" 2870
"C:/Users/d.seerig/AppData/Local/UnrealEngine/Common/DerivedDataCache/Buckets/GlobalShaderMap/55/f8/8ef647b22ce79e8fd3a88ddd2c2a9fe2cc9b.udd" 2871
"C:/Users/d.seerig/AppData/Local/UnrealEngine/Common/DerivedDataCache/Buckets/GlobalShaderMap/bf/c0/a21629e464e406a9927915f203d2f59d1f0a.udd" 2872
"C:/Users/d.seerig/AppData/Local/UnrealEngine/Common/DerivedDataCache/Content/5d/10/f94d107c828f54cb176acdea6727a9bc27e5.udd" 2873
"C:/Users/d.seerig/AppData/Local/UnrealEngine/Common/DerivedDataCache/Buckets/GlobalShaderMap/2b/72/f8bee6d4fd32d8d2b9a07a15aaa17d9bf330.udd" 2874
"C:/Users/d.seerig/AppData/Local/UnrealEngine/Common/DerivedDataCache/Buckets/GlobalShaderMap/29/2f/ec27805a200beb7bef48fa419b90b0149865.udd" 2875
"C:/Users/d.seerig/AppData/Local/UnrealEngine/Common/DerivedDataCache/Buckets/GlobalShaderMap/05/d1/af3d97395196b9b40fe4a23d67218b0de92e.udd" 2876
"C:/Users/d.seerig/AppData/Local/UnrealEngine/Common/DerivedDataCache/Buckets/GlobalShaderMap/ed/31/e4c76659a39651ad92d8d9246830429deeea.udd" 2877
"C:/Users/d.seerig/AppData/Local/UnrealEngine/Common/DerivedDataCache/Buckets/GlobalShaderMap/cb/83/e3d5253ef8c4f04e14c2e1b9a19470e073a1.udd" 2878
"C:/Users/d.seerig/AppData/Local/UnrealEngine/Common/DerivedDataCache/Buckets/GlobalShaderMap/c6/63/963df28b6c7444e958938567c1bade9e8660.udd" 2879
"C:/Users/d.seerig/AppData/Local/UnrealEngine/Common/DerivedDataCache/Buckets/GlobalShaderMap/6c/e9/4177dcebbfbaffdb0a97adbea93ffd72281a.udd" 2880
"C:/Users/d.seerig/AppData/Local/UnrealEngine/Common/DerivedDataCache/Buckets/GlobalShaderMap/6f/2f/7db725e707f387a112ffa608465267f27269.udd" 2881
"C:/Users/d.seerig/AppData/Local/UnrealEngine/Common/DerivedDataCache/Buckets/GlobalShaderMap/89/2f/e8381293a71e99532f7b012b856fd2eb20cb.udd" 2882
"C:/Users/d.seerig/AppData/Local/UnrealEngine/Common/DerivedDataCache/Buckets/GlobalShaderMap/a9/11/9ce42e4c42c6fd82419463cbfe61107394ee.udd" 2883
"C:/Users/d.seerig/AppData/Local/UnrealEngine/Common/DerivedDataCache/Buckets/GlobalShaderMap/f0/24/f02e8f08dbd9b54324b06afe61e82e70a6d0.udd" 2884
"C:/Users/d.seerig/AppData/Local/UnrealEngine/Common/DerivedDataCache/Buckets/GlobalShaderMap/c3/5d/3216b9ccc633c731c7275ed83d8276624a80.udd" 2885
"C:/Users/d.seerig/AppData/Local/UnrealEngine/Common/DerivedDataCache/Buckets/GlobalShaderMap/09/83/70956abfd50e5cd22365ff0269fc2fe34b22.udd" 2886
"C:/Users/d.seerig/AppData/Local/UnrealEngine/Common/DerivedDataCache/Content/0f/5c/225b62438109faa5afcedb4942cddf7ab82b.udd" 2887
"C:/Users/d.seerig/AppData/Local/UnrealEngine/Common/DerivedDataCache/Buckets/GlobalShaderMap/56/11/8b5bef2aed8d7d4082453519aecf11708111.udd" 2888
"C:/Users/d.seerig/AppData/Local/UnrealEngine/Common/DerivedDataCache/Buckets/GlobalShaderMap/c4/b4/9c156e505786fc2084bc65c4086bb4ddb3d1.udd" 2889
"C:/Users/d.seerig/AppData/Local/UnrealEngine/Common/DerivedDataCache/Buckets/GlobalShaderMap/22/3f/520b34c3cc8ca61939d7b62380d6521e67d9.udd" 2890
"C:/Users/d.seerig/AppData/Local/UnrealEngine/Common/DerivedDataCache/Buckets/GlobalShaderMap/56/8a/dfd5bb76280640d0c2a910fb0d94896d188d.udd" 2891
"C:/Users/d.seerig/AppData/Local/UnrealEngine/Common/DerivedDataCache/Buckets/GlobalShaderMap/e1/3d/6a54eaee564e03ffbfde88f36f4c3994f357.udd" 2892
"C:/Users/d.seerig/AppData/Local/UnrealEngine/Common/DerivedDataCache/Content/1c/5a/d9b23bec38d6b5b47f9be29650d1f4304310.udd" 2893
"C:/Users/d.seerig/AppData/Local/UnrealEngine/Common/DerivedDataCache/Buckets/GlobalShaderMap/7c/73/375a1335c9200b664c96af26caa6aae01d70.udd" 2894
"C:/Users/d.seerig/AppData/Local/UnrealEngine/Common/DerivedDataCache/Buckets/GlobalShaderMap/b9/da/17e22464114d2569275cc8587e369c5c758c.udd" 2895
"C:/Users/d.seerig/AppData/Local/UnrealEngine/Common/DerivedDataCache/Buckets/GlobalShaderMap/cb/ee/2ff2a694dfe2e698fe2977c5bda2aa9ebc2f.udd" 2896
"C:/Users/d.seerig/AppData/Local/UnrealEngine/Common/DerivedDataCache/Buckets/GlobalShaderMap/ab/fd/3023c845a26a5748909d0f3e73d060f0b427.udd" 2897
"C:/Users/d.seerig/AppData/Local/UnrealEngine/Common/DerivedDataCache/Buckets/GlobalShaderMap/2a/f4/444ec05ee6b8958e0cc8e8cd972101b904d6.udd" 2898
"C:/Users/d.seerig/AppData/Local/UnrealEngine/Common/DerivedDataCache/Buckets/GlobalShaderMap/49/1a/75fad135b90c06f0bd17c08ff94540889db0.udd" 2899
"C:/Users/d.seerig/AppData/Local/UnrealEngine/Common/DerivedDataCache/Buckets/GlobalShaderMap/d2/31/35134ac585c3be622c0950459156bd0e0e49.udd" 2900
"C:/Users/d.seerig/AppData/Local/UnrealEngine/Common/DerivedDataCache/Buckets/GlobalShaderMap/4c/3e/b9062cdaa06ac88967ce3ea92c9dac5e23b4.udd" 2901
"C:/Users/d.seerig/AppData/Local/UnrealEngine/Common/DerivedDataCache/Buckets/GlobalShaderMap/5a/da/3cfb1201bd212285546fbb3355ee8874a2de.udd" 2902
"C:/Users/d.seerig/AppData/Local/UnrealEngine/Common/DerivedDataCache/Buckets/GlobalShaderMap/e1/59/fcdc116eb61d1788a663505bd5cf520319e6.udd" 2903
"C:/Users/d.seerig/AppData/Local/UnrealEngine/Common/DerivedDataCache/Buckets/GlobalShaderMap/07/0d/2112edea1873e28f81c9b1d17f6b76c451bb.udd" 2904
"C:/Users/d.seerig/AppData/Local/UnrealEngine/Common/DerivedDataCache/Buckets/GlobalShaderMap/5b/90/db79f520cb0f630a1d346702b2077970e7ab.udd" 2905
"C:/Users/d.seerig/AppData/Local/UnrealEngine/Common/DerivedDataCache/Buckets/GlobalShaderMap/3a/b0/998eaeb38d1e1b052e6e2bb0e4055e8019c4.udd" 2906
"C:/Users/d.seerig/AppData/Local/UnrealEngine/Common/DerivedDataCache/Buckets/GlobalShaderMap/9f/6b/903c09727e3db440a9693a4ef54870b6295d.udd" 2907
"C:/Users/d.seerig/AppData/Local/UnrealEngine/Common/DerivedDataCache/Buckets/GlobalShaderMap/b2/a6/ed5e130198ef47166013cc09570153822c17.udd" 2908
"C:/Users/d.seerig/AppData/Local/UnrealEngine/Common/DerivedDataCache/Buckets/GlobalShaderMap/dd/ba/d56742af48591de37fb81d33e8abc91b450c.udd" 2909
"C:/Users/d.seerig/AppData/Local/UnrealEngine/Common/DerivedDataCache/Buckets/GlobalShaderMap/a3/a0/a1e67f827a68863fb40b742521d5f50e7ff9.udd" 2910
"C:/Users/d.seerig/AppData/Local/UnrealEngine/Common/DerivedDataCache/Buckets/GlobalShaderMap/01/03/a4257cef9e2ed66e4bfbe9c9ddfbee1f9b93.udd" 2911
"C:/Users/d.seerig/AppData/Local/UnrealEngine/Common/DerivedDataCache/Buckets/GlobalShaderMap/aa/93/04424407339b05921563779440e635565f1e.udd" 2912
"C:/Users/d.seerig/AppData/Local/UnrealEngine/Common/DerivedDataCache/Content/ab/26/20f999fdd943cbaaf2e5e089b10e79916362.udd" 2913
"C:/Users/d.seerig/AppData/Local/UnrealEngine/Common/DerivedDataCache/Buckets/GlobalShaderMap/a5/1a/92808247f5e125ff53868458d310c6a44d9e.udd" 2914
"C:/Users/d.seerig/AppData/Local/UnrealEngine/Common/DerivedDataCache/Content/cc/68/2e571d5ec481a5fa57b07cadc2729e5553bc.udd" 2915
"C:/Users/d.seerig/AppData/Local/UnrealEngine/Common/DerivedDataCache/Buckets/GlobalShaderMap/8d/0b/6c9faaea9d7a78514a8447c2194ef4e40715.udd" 2916
"C:/Users/d.seerig/AppData/Local/UnrealEngine/Common/DerivedDataCache/Buckets/GlobalShaderMap/7a/e9/ba677e0262c871f3c4a7171ff6222a593330.udd" 2917
"C:/Users/d.seerig/AppData/Local/UnrealEngine/Common/DerivedDataCache/Buckets/GlobalShaderMap/39/e6/bb7b9145bafd20caaaf76c5a3ac68b0921e2.udd" 2918
"C:/Users/d.seerig/AppData/Local/UnrealEngine/Common/DerivedDataCache/Buckets/GlobalShaderMap/ca/9c/d5a2a3afcd8033023f8a8c7ed7d849117704.udd" 2919
"C:/Users/d.seerig/AppData/Local/UnrealEngine/Common/DerivedDataCache/Buckets/GlobalShaderMap/06/3e/a4e355b229644f4a6e1617ece1097c03306a.udd" 2920
"C:/Users/d.seerig/AppData/Local/UnrealEngine/Common/DerivedDataCache/Buckets/GlobalShaderMap/cc/51/12d0ed96d6d37a62d991da8eb739550575c0.udd" 2921
"C:/Users/d.seerig/AppData/Local/UnrealEngine/Common/DerivedDataCache/Buckets/GlobalShaderMap/3e/3f/ebef137215ad2b1bffe59cf399e1bc018d24.udd" 2922
"C:/Users/d.seerig/AppData/Local/UnrealEngine/Common/DerivedDataCache/Buckets/GlobalShaderMap/24/e7/e5f5bed67c0f3b5d821e77fb855704547d6d.udd" 2923
"C:/Users/d.seerig/AppData/Local/UnrealEngine/Common/DerivedDataCache/Buckets/GlobalShaderMap/90/1b/ddf73d6ec2122144174005f5faa7b133256e.udd" 2924
"C:/Users/d.seerig/AppData/Local/UnrealEngine/Common/DerivedDataCache/Buckets/GlobalShaderMap/b6/2f/f07b8a40d93fbafdc6b8397879da23892b5b.udd" 2925
"C:/Users/d.seerig/AppData/Local/UnrealEngine/Common/DerivedDataCache/Buckets/GlobalShaderMap/95/74/24ae86674f77376e5deb046cd8c6609cfbcc.udd" 2926
"C:/Users/d.seerig/AppData/Local/UnrealEngine/Common/DerivedDataCache/Buckets/GlobalShaderMap/1f/cf/7f596ba7987870aae10029d520a5282345bc.udd" 2927
"C:/Users/d.seerig/AppData/Local/UnrealEngine/Common/DerivedDataCache/Buckets/GlobalShaderMap/a7/ed/439236e533d042d7e0ab4b9bb55ead6e9ff7.udd" 2928
"C:/Users/d.seerig/AppData/Local/UnrealEngine/Common/DerivedDataCache/Buckets/GlobalShaderMap/b7/6f/1e5091cea0ed569008763a2eff603a19515f.udd" 2929
"C:/Users/d.seerig/AppData/Local/UnrealEngine/Common/DerivedDataCache/Buckets/GlobalShaderMap/de/34/2ff4fb3af4760fd9b8bb451c5b062b7261a7.udd" 2930
"C:/Users/d.seerig/AppData/Local/UnrealEngine/Common/DerivedDataCache/Buckets/GlobalShaderMap/92/55/b8a004f882b4b3577123c85c71a48430e43e.udd" 2931
"C:/Users/d.seerig/AppData/Local/UnrealEngine/Common/DerivedDataCache/Buckets/GlobalShaderMap/e9/f9/6bf9d40f46ea41a39c00b8aa0d5104dbd799.udd" 2932
"C:/Users/d.seerig/AppData/Local/UnrealEngine/Common/DerivedDataCache/Buckets/GlobalShaderMap/4f/8d/4e56c6f16db84e20a219b603775c9f1df69b.udd" 2933
"C:/Users/d.seerig/AppData/Local/UnrealEngine/Common/DerivedDataCache/Buckets/GlobalShaderMap/78/25/f1e65467b1f27da1c72242acd01a21d9a765.udd" 2934
"C:/Users/d.seerig/AppData/Local/UnrealEngine/Common/DerivedDataCache/Buckets/GlobalShaderMap/21/3d/00eec1ead2eaba6062c6b6a3a7ddce170f65.udd" 2935
"C:/Users/d.seerig/AppData/Local/UnrealEngine/Common/DerivedDataCache/Buckets/GlobalShaderMap/58/21/ef9305faf685c162296f81f9675d8fa53653.udd" 2936
"C:/Users/d.seerig/AppData/Local/UnrealEngine/Common/DerivedDataCache/Buckets/GlobalShaderMap/21/a7/abd1b11a752790d014067f8deb5276a5410b.udd" 2937
"C:/Users/d.seerig/AppData/Local/UnrealEngine/Common/DerivedDataCache/Buckets/GlobalShaderMap/51/ab/5a7b12337b7b2bc93c458501dacba48e0a1c.udd" 2938
"C:/Users/d.seerig/AppData/Local/UnrealEngine/Common/DerivedDataCache/Buckets/GlobalShaderMap/b3/7b/e47ce440fa35821961886f01673a0958410e.udd" 2939
"C:/Users/d.seerig/AppData/Local/UnrealEngine/Common/DerivedDataCache/Buckets/GlobalShaderMap/66/74/cfb2f9b4021a26b3dd00deb62a5fc8e8d586.udd" 2940
"C:/Users/d.seerig/AppData/Local/UnrealEngine/Common/DerivedDataCache/Content/72/9d/6a6a96cdfed64ff6984f369d2e486d57a6a6.udd" 2941
"C:/Users/d.seerig/AppData/Local/UnrealEngine/Common/DerivedDataCache/Buckets/GlobalShaderMap/70/0c/ac85def2e206ec098ce0509adecb6bf22410.udd" 2942
"C:/Users/d.seerig/AppData/Local/UnrealEngine/Common/DerivedDataCache/Content/aa/f9/671232838aaeff69e5e64c44c6536d5e0302.udd" 2943
"C:/Users/d.seerig/AppData/Local/UnrealEngine/Common/DerivedDataCache/Buckets/GlobalShaderMap/7c/84/39aef3a7cdf234a66202c1f508dd75b8ffed.udd" 2944
"C:/Users/d.seerig/AppData/Local/UnrealEngine/Common/DerivedDataCache/Buckets/GlobalShaderMap/73/1e/5b624f68c4b4abb38975fdf2f744886d04a5.udd" 2945
"C:/Users/d.seerig/AppData/Local/UnrealEngine/Common/DerivedDataCache/Buckets/GlobalShaderMap/7a/56/457df0de274d7d9e98860b5b9e979240957a.udd" 2946
"C:/Users/d.seerig/AppData/Local/UnrealEngine/Common/DerivedDataCache/Buckets/GlobalShaderMap/5b/cc/f88191301012eb939a5e0d30b232da540dd2.udd" 2947
"C:/Users/d.seerig/AppData/Local/UnrealEngine/Common/DerivedDataCache/Buckets/GlobalShaderMap/26/11/fb7f1d01f73d902e741951d3c6bda34f0785.udd" 2948
"C:/Users/d.seerig/AppData/Local/UnrealEngine/Common/DerivedDataCache/Buckets/GlobalShaderMap/a9/31/2330c439e065c0ef6f13f5a2985a272fb19b.udd" 2949
"C:/Users/d.seerig/AppData/Local/UnrealEngine/Common/DerivedDataCache/Buckets/GlobalShaderMap/36/22/96e269b7378d63b4f42e173efcd27317d29e.udd" 2950
"C:/Users/d.seerig/AppData/Local/UnrealEngine/Common/DerivedDataCache/Buckets/GlobalShaderMap/f1/61/9183e95643fd7396e2395c4eea2566cdc11a.udd" 2951
"C:/Users/d.seerig/AppData/Local/UnrealEngine/Common/DerivedDataCache/Buckets/GlobalShaderMap/10/d9/9603a9a2ac4fd13de2cd9be0c13a5509d88e.udd" 2952
"C:/Users/d.seerig/AppData/Local/UnrealEngine/Common/DerivedDataCache/Buckets/GlobalShaderMap/4d/5c/0901e97dec222680e10732550e071df2ec4a.udd" 2953
"C:/Users/d.seerig/AppData/Local/UnrealEngine/Common/DerivedDataCache/Buckets/GlobalShaderMap/27/78/2c9035a85ae1a846b2ee52bcb07fd6aa7517.udd" 2954
"C:/Users/d.seerig/AppData/Local/UnrealEngine/Common/DerivedDataCache/Buckets/GlobalShaderMap/63/fe/33e85cb31024c91c5784ccae124b175b7958.udd" 2955
"C:/Users/d.seerig/AppData/Local/UnrealEngine/Common/DerivedDataCache/Buckets/GlobalShaderMap/c9/6b/ad79c3b8c9e9aede295f63dbb148882cbfdc.udd" 2956
"C:/Users/d.seerig/AppData/Local/UnrealEngine/Common/DerivedDataCache/Buckets/GlobalShaderMap/45/d0/f159306a11cd8e745f321c8045e7d57f1f35.udd" 2957
"C:/Users/d.seerig/AppData/Local/UnrealEngine/Common/DerivedDataCache/Buckets/GlobalShaderMap/53/0f/c37e2f6bfaf74d9e4ee196af89b2f95fcff4.udd" 2958
"C:/Users/d.seerig/AppData/Local/UnrealEngine/Common/DerivedDataCache/Buckets/GlobalShaderMap/41/83/5a3a780bcc051f7cc3ac9c7af45723ac0c28.udd" 2959
"C:/Users/d.seerig/AppData/Local/UnrealEngine/Common/DerivedDataCache/Buckets/GlobalShaderMap/a0/98/6b7a0a85a113f5cea8a98c07e4941052c8b7.udd" 2960
"C:/Users/d.seerig/AppData/Local/UnrealEngine/Common/DerivedDataCache/Buckets/GlobalShaderMap/e9/3c/f401e35e580f183695c2fe6ec5e6bfe51d33.udd" 2961
"C:/Users/d.seerig/AppData/Local/UnrealEngine/Common/DerivedDataCache/Buckets/GlobalShaderMap/60/f6/b08253adee4c1948d5faced6e0ad10645b19.udd" 2962
"C:/Users/d.seerig/AppData/Local/UnrealEngine/Common/DerivedDataCache/Buckets/GlobalShaderMap/e0/e4/ffbda745941ac79398b9e229c7b492635a9f.udd" 2963
"C:/Users/d.seerig/AppData/Local/UnrealEngine/Common/DerivedDataCache/Buckets/GlobalShaderMap/bb/e5/924690657c13c1338886bb55f93636a56987.udd" 2964
"C:/Users/d.seerig/AppData/Local/UnrealEngine/Common/DerivedDataCache/Buckets/GlobalShaderMap/6f/e7/6ef23d90327a4a86109770a3c11781baaa0a.udd" 2965
"C:/Users/d.seerig/AppData/Local/UnrealEngine/Common/DerivedDataCache/Buckets/GlobalShaderMap/31/71/8ea85f78a6438df73c909c477a91034b1d2b.udd" 2966
"C:/Users/d.seerig/AppData/Local/UnrealEngine/Common/DerivedDataCache/Buckets/GlobalShaderMap/5e/ce/aca4b87e677929594c61df96743d2ea11d2c.udd" 2967
"C:/Users/d.seerig/AppData/Local/UnrealEngine/Common/DerivedDataCache/Buckets/GlobalShaderMap/9a/5c/e22f4ce7a4d33daa77a6616c901255a7b448.udd" 2968
"C:/Users/d.seerig/AppData/Local/UnrealEngine/Common/DerivedDataCache/Buckets/GlobalShaderMap/c0/ac/bdfbfdadef2eb02ccb596db85481b3911955.udd" 2969
"C:/Users/d.seerig/AppData/Local/UnrealEngine/Common/DerivedDataCache/Buckets/GlobalShaderMap/7c/8a/e5e9663cf487fe297aeda92f0980f3d9180b.udd" 2970
"C:/Users/d.seerig/AppData/Local/UnrealEngine/Common/DerivedDataCache/Buckets/GlobalShaderMap/36/1f/fbb8ea8d561f3541d5e44d10b8731431061d.udd" 2971
"C:/Users/d.seerig/AppData/Local/UnrealEngine/Common/DerivedDataCache/Buckets/GlobalShaderMap/76/b8/e68c2d335d214ea49dba2695a27e6f8fa421.udd" 2972
"C:/Users/d.seerig/AppData/Local/UnrealEngine/Common/DerivedDataCache/Buckets/GlobalShaderMap/b5/13/7d61bd67e4951de04f57f9d8d29dac91a31d.udd" 2973
"C:/Users/d.seerig/AppData/Local/UnrealEngine/Common/DerivedDataCache/Buckets/GlobalShaderMap/8b/47/3c94620ca26805c5cccc36f5b02126a7328b.udd" 2974
"C:/Users/d.seerig/AppData/Local/UnrealEngine/Common/DerivedDataCache/Buckets/GlobalShaderMap/73/c8/1317cb94ba9d98a7bba99fba304caa402036.udd" 2975
"C:/Users/d.seerig/AppData/Local/UnrealEngine/Common/DerivedDataCache/Content/7b/a1/6ad25d5e348f5cdef3bd41673117c8a0e4f1.udd" 2976
"C:/Users/d.seerig/AppData/Local/UnrealEngine/Common/DerivedDataCache/Buckets/GlobalShaderMap/99/85/d16f09863c50993ab788400ebc46dadfd5de.udd" 2977
"C:/Users/d.seerig/AppData/Local/UnrealEngine/Common/DerivedDataCache/Buckets/GlobalShaderMap/01/a8/c78a13e4b9fdee90f1600525d1dbca88023e.udd" 2978
"C:/Users/d.seerig/AppData/Local/UnrealEngine/Common/DerivedDataCache/Buckets/GlobalShaderMap/d6/46/aec79d5eb537b329d0d59b30fd96be2a7702.udd" 2979
"C:/Users/d.seerig/AppData/Local/UnrealEngine/Common/DerivedDataCache/Buckets/GlobalShaderMap/55/97/665230e8843a93cce333864e5cb2649b3190.udd" 2980
"C:/Users/d.seerig/AppData/Local/UnrealEngine/Common/DerivedDataCache/Buckets/GlobalShaderMap/33/1a/306c1a8a40eda0b16c5e951e2e599cdc6f52.udd" 2981
"C:/Users/d.seerig/AppData/Local/UnrealEngine/Common/DerivedDataCache/Buckets/GlobalShaderMap/10/46/f3531cec8ee0f15e28d15437d6acf8129188.udd" 2982
"C:/Users/d.seerig/AppData/Local/UnrealEngine/Common/DerivedDataCache/Buckets/GlobalShaderMap/7e/6e/1dd8ab371f196b219b1b1199c13f08f5dcf6.udd" 2983
"C:/Users/d.seerig/AppData/Local/UnrealEngine/Common/DerivedDataCache/Buckets/GlobalShaderMap/59/9a/ee26750ab9c96bccd6884d0b0756adf0aa4e.udd" 2984
"C:/Users/d.seerig/AppData/Local/UnrealEngine/Common/DerivedDataCache/Buckets/GlobalShaderMap/c7/cd/bc3a1a69944933661f8f809d8d1205960b01.udd" 2985
"C:/Users/d.seerig/AppData/Local/UnrealEngine/Common/DerivedDataCache/Buckets/GlobalShaderMap/78/f2/918ae2c069257bd85215423ec8da995b47a7.udd" 2986
"C:/Users/d.seerig/AppData/Local/UnrealEngine/Common/DerivedDataCache/Buckets/GlobalShaderMap/32/e5/a8af57247e2c8637286b8d0feeb7e8c93ee0.udd" 2987
"C:/Users/d.seerig/AppData/Local/UnrealEngine/Common/DerivedDataCache/Buckets/GlobalShaderMap/be/72/46ad3afb5269f12a46d11f4e78925d544632.udd" 2988
"C:/Users/d.seerig/AppData/Local/UnrealEngine/Common/DerivedDataCache/Buckets/GlobalShaderMap/9a/7d/3669c750af9d2d375798282fe6b80c7967e3.udd" 2989
"C:/Users/d.seerig/AppData/Local/UnrealEngine/Common/DerivedDataCache/Buckets/GlobalShaderMap/74/3c/6b2bd27e905e65fc4f38db6d61c615fbf938.udd" 2990
"C:/Users/d.seerig/AppData/Local/UnrealEngine/Common/DerivedDataCache/Buckets/GlobalShaderMap/bf/0c/ea5c8323828ff602927b54fa5ce48177ce0e.udd" 2991
"C:/Users/d.seerig/AppData/Local/UnrealEngine/Common/DerivedDataCache/Buckets/GlobalShaderMap/4c/83/15dc766d4a389284f8720f460a2bc1f78dd2.udd" 2992
"C:/Users/d.seerig/AppData/Local/UnrealEngine/Common/DerivedDataCache/Buckets/GlobalShaderMap/3a/f8/a9ba13efa61746206600be6e6bad98c8afa9.udd" 2993
"C:/Users/d.seerig/AppData/Local/UnrealEngine/Common/DerivedDataCache/Buckets/GlobalShaderMap/5f/5b/6c5ed230800594909137d2437a053221ad3a.udd" 2994
"C:/Users/d.seerig/AppData/Local/UnrealEngine/Common/DerivedDataCache/Buckets/GlobalShaderMap/5b/c7/e8e15bcbae14b8330ccf9459baa203304bda.udd" 2995
"C:/Users/d.seerig/AppData/Local/UnrealEngine/Common/DerivedDataCache/Buckets/GlobalShaderMap/fe/26/9b643ac6e4f0d436d86916863806b08f28c6.udd" 2996
"C:/Users/d.seerig/AppData/Local/UnrealEngine/Common/DerivedDataCache/Buckets/GlobalShaderMap/57/17/96f16e890d339a4db8b3d3ae215c8ad7c224.udd" 2997
"C:/Users/d.seerig/AppData/Local/UnrealEngine/Common/DerivedDataCache/Buckets/GlobalShaderMap/bd/95/3d513f4b3b794ced7b5a32775f1f349cac89.udd" 2998
"C:/Users/d.seerig/AppData/Local/UnrealEngine/Common/DerivedDataCache/Buckets/GlobalShaderMap/44/f8/b0b6e4d6abdf43b3788451654e63857915af.udd" 2999
"C:/Users/d.seerig/AppData/Local/UnrealEngine/Common/DerivedDataCache/Buckets/GlobalShaderMap/87/49/4887b8c8afa9a8ce8acac062c00683ec7fbc.udd" 3000
"C:/Users/d.seerig/AppData/Local/UnrealEngine/Common/DerivedDataCache/Buckets/GlobalShaderMap/18/84/f3e5f77eaa9788327912acdca03d3c5fbe1c.udd" 3001
"C:/Users/d.seerig/AppData/Local/UnrealEngine/Common/DerivedDataCache/Buckets/GlobalShaderMap/8e/ae/7de0bc89af6ec1b4f072448b4a0fed378079.udd" 3002
"C:/Users/d.seerig/AppData/Local/UnrealEngine/Common/DerivedDataCache/Buckets/GlobalShaderMap/0f/3d/48330b6e2aa93d07e9a1c1cba6dedcfbc171.udd" 3003
"C:/Users/d.seerig/AppData/Local/UnrealEngine/Common/DerivedDataCache/Buckets/GlobalShaderMap/9d/c9/e3f8ee4de4e5593ecf69f77e5059b8a74b83.udd" 3004
"C:/Users/d.seerig/AppData/Local/UnrealEngine/Common/DerivedDataCache/Buckets/GlobalShaderMap/07/3d/c15864b5f0cf7fe062beb5db8cc80899dcde.udd" 3005
"C:/Users/d.seerig/AppData/Local/UnrealEngine/Common/DerivedDataCache/Buckets/GlobalShaderMap/e8/ca/d4f3084f2a46311212241f1a234f016d1cb5.udd" 3006
"C:/Users/d.seerig/AppData/Local/UnrealEngine/Common/DerivedDataCache/Buckets/GlobalShaderMap/c3/3e/00af7a38fc2ad5c5ef4b92d5718b36aa8d49.udd" 3007
"C:/Users/d.seerig/AppData/Local/UnrealEngine/Common/DerivedDataCache/Buckets/GlobalShaderMap/6f/ca/6d9e1cc66d542605f614a237a1f560ef578b.udd" 3008
"C:/Users/d.seerig/AppData/Local/UnrealEngine/Common/DerivedDataCache/Buckets/GlobalShaderMap/eb/5f/588f923ac34d166ebcfa3026b17a4570288c.udd" 3009
"C:/Users/d.seerig/AppData/Local/UnrealEngine/Common/DerivedDataCache/Buckets/GlobalShaderMap/8d/09/b82343c141ceeee00b7323340f8b36885496.udd" 3010
"C:/Users/d.seerig/AppData/Local/UnrealEngine/Common/DerivedDataCache/Buckets/GlobalShaderMap/7e/89/4d95588331c0feb5a163e951e6a14191bc83.udd" 3011
"C:/Users/d.seerig/AppData/Local/UnrealEngine/Common/DerivedDataCache/Buckets/GlobalShaderMap/39/bc/62bab4abdd3acf876388b671ca80701e5c51.udd" 3012
"C:/Users/d.seerig/AppData/Local/UnrealEngine/Common/DerivedDataCache/Buckets/GlobalShaderMap/6f/3c/65ec5109c285b634d225546f4f7ae841903f.udd" 3013
"C:/Users/d.seerig/AppData/Local/UnrealEngine/Common/DerivedDataCache/Buckets/GlobalShaderMap/7b/6c/f7f7480265aa9d6dc5622e4a87d9d24e399b.udd" 3014
"C:/Users/d.seerig/AppData/Local/UnrealEngine/Common/DerivedDataCache/Buckets/GlobalShaderMap/7c/a3/406accc4c8a432e66b1f6fdcaeb7e706b13a.udd" 3015
"C:/Users/d.seerig/AppData/Local/UnrealEngine/Common/DerivedDataCache/Buckets/GlobalShaderMap/9e/cd/4dbab14dee903e1e8afc55d310d902e08ff8.udd" 3016
"C:/Users/d.seerig/AppData/Local/UnrealEngine/Common/DerivedDataCache/Buckets/GlobalShaderMap/14/88/3dc5a5edddce4367cc842a29d54db288f2fa.udd" 3017
"C:/Users/d.seerig/AppData/Local/UnrealEngine/Common/DerivedDataCache/Buckets/GlobalShaderMap/c4/8c/48d5aaec71ee56a11028e3d2ef016ce501e5.udd" 3018
"C:/Users/d.seerig/AppData/Local/UnrealEngine/Common/DerivedDataCache/Buckets/GlobalShaderMap/a5/86/5c13d0dca3e298b3728cf116987b3739668e.udd" 3019
"C:/Users/d.seerig/AppData/Local/UnrealEngine/Common/DerivedDataCache/Buckets/GlobalShaderMap/92/ca/bafa9394277b3521d7e64805f035f691e1f4.udd" 3020
"C:/Users/d.seerig/AppData/Local/UnrealEngine/Common/DerivedDataCache/Buckets/GlobalShaderMap/d4/63/263e1ce7e4d1ca5f0b34f33d05ea45e4de64.udd" 3021
"C:/Users/d.seerig/AppData/Local/UnrealEngine/Common/DerivedDataCache/Buckets/GlobalShaderMap/08/2e/f83091bba092a6abf461996ae36c44774c16.udd" 3022
"C:/Users/d.seerig/AppData/Local/UnrealEngine/Common/DerivedDataCache/Buckets/GlobalShaderMap/25/c6/ecca7141bbd7830fb215d936427e8abfccb7.udd" 3023
"C:/Users/d.seerig/AppData/Local/UnrealEngine/Common/DerivedDataCache/Buckets/GlobalShaderMap/0e/b6/1e84c640eeb8e020ea69b03c809935c62c7c.udd" 3024
"C:/Users/d.seerig/AppData/Local/UnrealEngine/Common/DerivedDataCache/Buckets/GlobalShaderMap/cf/68/a3f14327f6756ec663be70e3d0e96e8e9584.udd" 3025
"C:/Users/d.seerig/AppData/Local/UnrealEngine/Common/DerivedDataCache/Buckets/GlobalShaderMap/2a/ee/2379c1030eed911a2e21e87081acfa016f65.udd" 3026
"C:/Users/d.seerig/AppData/Local/UnrealEngine/Common/DerivedDataCache/Buckets/GlobalShaderMap/39/40/85038f9b55312ed47acd2baafb9e1d53439c.udd" 3027
"C:/Users/d.seerig/AppData/Local/UnrealEngine/Common/DerivedDataCache/Buckets/GlobalShaderMap/71/f4/4394bd9c95d4fdc062fc59903f43f2dbd320.udd" 3028
"C:/Users/d.seerig/AppData/Local/UnrealEngine/Common/DerivedDataCache/Buckets/GlobalShaderMap/9d/5d/b4d1dd974d7beaa6ec8ffa749cf587e22a77.udd" 3029
"C:/Users/d.seerig/AppData/Local/UnrealEngine/Common/DerivedDataCache/Buckets/GlobalShaderMap/fa/e5/5cc4551960ae86e5a38dd53cf5165fc03176.udd" 3030
"C:/Users/d.seerig/AppData/Local/UnrealEngine/Common/DerivedDataCache/Buckets/GlobalShaderMap/49/e3/94399b53cf2b7936ddc4224c0c4d6d4ea487.udd" 3031
"C:/Users/d.seerig/AppData/Local/UnrealEngine/Common/DerivedDataCache/Buckets/GlobalShaderMap/3a/69/d169c5ceb3fb28f343616b6df4ac7c52ad02.udd" 3032
"C:/Users/d.seerig/AppData/Local/UnrealEngine/Common/DerivedDataCache/Buckets/GlobalShaderMap/12/58/fad72760e56c547de2ee58a96b0427aa3784.udd" 3033
"C:/Users/d.seerig/AppData/Local/UnrealEngine/Common/DerivedDataCache/Buckets/GlobalShaderMap/80/d3/acea6779564471fe2d5c960a65867503b71d.udd" 3034
"C:/Users/d.seerig/AppData/Local/UnrealEngine/Common/DerivedDataCache/Buckets/GlobalShaderMap/55/6d/db38fee10e49fcb4a657c03cd275ab5b6cfd.udd" 3035
"C:/Users/d.seerig/AppData/Local/UnrealEngine/Common/DerivedDataCache/Buckets/GlobalShaderMap/cf/8f/c132afc70133152bd59f25a89bd3eb4c68dd.udd" 3036
"C:/Users/d.seerig/AppData/Local/UnrealEngine/Common/DerivedDataCache/Buckets/GlobalShaderMap/58/9b/a110adb93a751c4dee817ab6f9e8f4f51841.udd" 3037
"C:/Users/d.seerig/AppData/Local/UnrealEngine/Common/DerivedDataCache/Buckets/GlobalShaderMap/7e/b8/4cb369b36fac4fdf555c811304cb039b7604.udd" 3038
"C:/Users/d.seerig/AppData/Local/UnrealEngine/Common/DerivedDataCache/Buckets/GlobalShaderMap/c6/08/c55d6ebb061d88c47480a6eacb25e14af5d8.udd" 3039
"C:/Users/d.seerig/AppData/Local/UnrealEngine/Common/DerivedDataCache/Buckets/GlobalShaderMap/84/bb/6e92b5ec85b2b3bd2be2b23dc29d1402f80d.udd" 3040
"C:/Users/d.seerig/AppData/Local/UnrealEngine/Common/DerivedDataCache/Buckets/GlobalShaderMap/ec/d1/f021477753c7eaaebaec9468bfc1d773329f.udd" 3041
"C:/Users/d.seerig/AppData/Local/UnrealEngine/Common/DerivedDataCache/Buckets/GlobalShaderMap/ef/b2/fba1e513de561ccba8837ba727385fcb8f3c.udd" 3042
"C:/Users/d.seerig/AppData/Local/UnrealEngine/Common/DerivedDataCache/Buckets/GlobalShaderMap/54/83/e552656f427315e5bf1b93cfeb98524e11ae.udd" 3043
"C:/Users/d.seerig/AppData/Local/UnrealEngine/Common/DerivedDataCache/Buckets/GlobalShaderMap/8f/ab/b1f8339c5452a9cc3ab07aa1131de026dabc.udd" 3044
"C:/Users/d.seerig/AppData/Local/UnrealEngine/Common/DerivedDataCache/Buckets/GlobalShaderMap/88/8c/aa3d3e59c56b7c85513c226affac74336eab.udd" 3045
"C:/Users/d.seerig/AppData/Local/UnrealEngine/Common/DerivedDataCache/Buckets/GlobalShaderMap/35/82/9e731bf09e593953e89d205fab5fb3996d37.udd" 3046
"C:/Users/d.seerig/AppData/Local/UnrealEngine/Common/DerivedDataCache/Buckets/GlobalShaderMap/06/29/2f7e3b3554a8a4d3f014e4ba24fe0cec83ee.udd" 3047
"C:/Users/d.seerig/AppData/Local/UnrealEngine/Common/DerivedDataCache/Buckets/GlobalShaderMap/a4/7d/d4d0d16eadca66e873fb1d259ca25e3db020.udd" 3048
"C:/Users/d.seerig/AppData/Local/UnrealEngine/Common/DerivedDataCache/Buckets/GlobalShaderMap/bf/9d/c2c159a86c7d0c62f032c3a04a8695283133.udd" 3049
"C:/Users/d.seerig/AppData/Local/UnrealEngine/Common/DerivedDataCache/Buckets/GlobalShaderMap/b8/40/2d61e7c19c7a39e01eacaab9a59defaa9e8e.udd" 3050
"C:/Users/d.seerig/AppData/Local/UnrealEngine/Common/DerivedDataCache/Buckets/GlobalShaderMap/04/ec/88237570da8a6516f3cf44860834fac89780.udd" 3051
"C:/Users/d.seerig/AppData/Local/UnrealEngine/Common/DerivedDataCache/Buckets/GlobalShaderMap/75/02/f9bc8f8c8bedb0dad886f755ec999c3f953f.udd" 3052
"C:/Users/d.seerig/AppData/Local/UnrealEngine/Common/DerivedDataCache/Buckets/GlobalShaderMap/6f/18/aec8fc13ca705c0c5eb1648f510648305062.udd" 3053
"C:/Users/d.seerig/AppData/Local/UnrealEngine/Common/DerivedDataCache/Buckets/GlobalShaderMap/d3/5e/e8477dfad22ede04b3876724c48efe4a970c.udd" 3054
"C:/Users/d.seerig/AppData/Local/UnrealEngine/Common/DerivedDataCache/Buckets/GlobalShaderMap/09/d8/279dabfb4f40f3a6a3211ad5e12c8f9beca7.udd" 3055
"C:/Users/d.seerig/AppData/Local/UnrealEngine/Common/DerivedDataCache/Buckets/GlobalShaderMap/b8/be/ed0c0f31857d5f8ac3309446ab8a40a93e81.udd" 3056
"C:/Users/d.seerig/AppData/Local/UnrealEngine/Common/DerivedDataCache/Buckets/GlobalShaderMap/2d/f7/16803f7ef5dfcfd374deff6f9487da3c0243.udd" 3057
"C:/Users/d.seerig/AppData/Local/UnrealEngine/Common/DerivedDataCache/Buckets/GlobalShaderMap/50/21/179e5cb1b503a9846a2a397b9ed5aab66ce2.udd" 3058
"C:/Users/d.seerig/AppData/Local/UnrealEngine/Common/DerivedDataCache/Buckets/GlobalShaderMap/45/7a/0bddd7239056cf8de942f70a726f26f6c56d.udd" 3059
"C:/Users/d.seerig/AppData/Local/UnrealEngine/Common/DerivedDataCache/Buckets/GlobalShaderMap/c3/dd/e18b0e4055d7bad8ca60b0fc3f02392fe814.udd" 3060
"C:/Users/d.seerig/AppData/Local/UnrealEngine/Common/DerivedDataCache/Buckets/GlobalShaderMap/73/64/ea71e10b5dde1ddd400f5152337550bafa3c.udd" 3061
"C:/Users/d.seerig/AppData/Local/UnrealEngine/Common/DerivedDataCache/Buckets/GlobalShaderMap/44/79/3a3ba9a7a6c87aaca7b420cabff0a994515f.udd" 3062
"C:/Users/d.seerig/AppData/Local/UnrealEngine/Common/DerivedDataCache/Buckets/GlobalShaderMap/0d/c4/286d54ead2516d72f07dba62f52b3fb877f2.udd" 3063
"C:/Users/d.seerig/AppData/Local/UnrealEngine/Common/DerivedDataCache/Buckets/GlobalShaderMap/95/f6/2bd8a2b277e8fb38ab05f0cfbd390ecf9b21.udd" 3064
"C:/Users/d.seerig/AppData/Local/UnrealEngine/Common/DerivedDataCache/Buckets/GlobalShaderMap/22/8b/d694b693a5e987ea10cd6ad9e258d5d04734.udd" 3065
"C:/Users/d.seerig/AppData/Local/UnrealEngine/Common/DerivedDataCache/Buckets/GlobalShaderMap/fe/a9/a8cef2f41d8f3d82701955dd37f284d2a163.udd" 3066
"C:/Users/d.seerig/AppData/Local/UnrealEngine/Common/DerivedDataCache/Buckets/GlobalShaderMap/92/12/0740f49017511abe15d5c28c6f8a46ed2553.udd" 3067
"C:/Users/d.seerig/AppData/Local/UnrealEngine/Common/DerivedDataCache/Buckets/GlobalShaderMap/91/cf/d7ae7eff1154a625155253f06896cc00ae37.udd" 3068
"C:/Users/d.seerig/AppData/Local/UnrealEngine/Common/DerivedDataCache/Buckets/GlobalShaderMap/56/57/3cd5081afad3c4f42c1ace0b3a9f863403bc.udd" 3069
"C:/Users/d.seerig/AppData/Local/UnrealEngine/Common/DerivedDataCache/Buckets/GlobalShaderMap/60/f9/e91ee330a8ff602d527f10d2abdded8bfc68.udd" 3070
"C:/Users/d.seerig/AppData/Local/UnrealEngine/Common/DerivedDataCache/Buckets/GlobalShaderMap/3a/0d/2925db154d366d6c31de1ad3e2e6ea5e4d1a.udd" 3071
"C:/Users/d.seerig/AppData/Local/UnrealEngine/Common/DerivedDataCache/Buckets/GlobalShaderMap/40/e8/550aef5666079b9dee959432d56e85aad30e.udd" 3072
"C:/Users/d.seerig/AppData/Local/UnrealEngine/Common/DerivedDataCache/Buckets/GlobalShaderMap/1e/06/8aae307fb2f5c7d9be18eb8d0502e12c3d60.udd" 3073
"C:/Users/d.seerig/AppData/Local/UnrealEngine/Common/DerivedDataCache/Buckets/GlobalShaderMap/65/73/6f6bbc0dbb2eb74a0c5a6824efa06864ee0b.udd" 3074
"C:/Users/d.seerig/AppData/Local/UnrealEngine/Common/DerivedDataCache/Buckets/GlobalShaderMap/c7/2c/0952de513a2aa0db4e89538874fb00802145.udd" 3075
"C:/Users/d.seerig/AppData/Local/UnrealEngine/Common/DerivedDataCache/Buckets/GlobalShaderMap/e2/a1/2109b541228363cbe56a620a64efee052775.udd" 3076
"C:/Users/d.seerig/AppData/Local/UnrealEngine/Common/DerivedDataCache/Buckets/GlobalShaderMap/49/16/863881042c27c65668f4692b091d4c63fcc0.udd" 3077
"C:/Users/d.seerig/AppData/Local/UnrealEngine/Common/DerivedDataCache/Buckets/GlobalShaderMap/80/16/5f970bc504b7b20e603e7aace64c79946a0b.udd" 3078
"C:/Users/d.seerig/AppData/Local/UnrealEngine/Common/DerivedDataCache/Buckets/GlobalShaderMap/78/33/4ba14b207463a5f3fead2b6ef4ffa5d1470e.udd" 3079
"C:/Users/d.seerig/AppData/Local/UnrealEngine/Common/DerivedDataCache/Buckets/GlobalShaderMap/e4/f1/9a934e7dc47ac6af3d09d2fdbbfb797bf2a4.udd" 3080
"C:/Users/d.seerig/AppData/Local/UnrealEngine/Common/DerivedDataCache/Buckets/GlobalShaderMap/d6/d2/262a70302f753d0c687b7df61520439c4918.udd" 3081
"C:/Users/d.seerig/AppData/Local/UnrealEngine/Common/DerivedDataCache/Buckets/GlobalShaderMap/63/30/52d59e72810bf104a11fea22ba7fd9929c1a.udd" 3082
"C:/Users/d.seerig/AppData/Local/UnrealEngine/Common/DerivedDataCache/Buckets/GlobalShaderMap/0a/70/7e0239914d658b5741384702df4ebe450e56.udd" 3083
"C:/Users/d.seerig/AppData/Local/UnrealEngine/Common/DerivedDataCache/Buckets/GlobalShaderMap/c8/4c/27f1822b1719f461467d128c3a39f5383f98.udd" 3084
"C:/Users/d.seerig/AppData/Local/UnrealEngine/Common/DerivedDataCache/Buckets/GlobalShaderMap/70/5f/3f9784283b15567e1f938504dab421e6e008.udd" 3085
"C:/Users/d.seerig/AppData/Local/UnrealEngine/Common/DerivedDataCache/Buckets/GlobalShaderMap/2c/15/b8ad8880c329e8b8a955e0347ba75c9efc34.udd" 3086
"C:/Users/d.seerig/AppData/Local/UnrealEngine/Common/DerivedDataCache/Buckets/GlobalShaderMap/48/e7/6e910d06a4af06de9ea915b366ce2089ee50.udd" 3087
"C:/Users/d.seerig/AppData/Local/UnrealEngine/Common/DerivedDataCache/Buckets/GlobalShaderMap/3c/3b/78e0d2f18283ea561bbf702fc8d9e250c3d0.udd" 3088
"C:/Users/d.seerig/AppData/Local/UnrealEngine/Common/DerivedDataCache/Buckets/GlobalShaderMap/79/cb/830f6cfe16a9129679036e53b1b70d5f2511.udd" 3089
"C:/Users/d.seerig/AppData/Local/UnrealEngine/Common/DerivedDataCache/Buckets/GlobalShaderMap/db/4f/cbd47273f178406ed4bcbf437c28ea24ae9c.udd" 3090
"C:/Users/d.seerig/AppData/Local/UnrealEngine/Common/DerivedDataCache/Buckets/GlobalShaderMap/43/f1/136b229685a4e79bc1cc26f4923e94a2262b.udd" 3091
"C:/Users/d.seerig/AppData/Local/UnrealEngine/Common/DerivedDataCache/Buckets/GlobalShaderMap/e0/02/f9d3dd37a95685ad678b1f6b4cb64942e721.udd" 3092
"C:/Users/d.seerig/AppData/Local/UnrealEngine/Common/DerivedDataCache/Buckets/GlobalShaderMap/40/fd/801e3b7b33b1db0e459f9873c3461c827303.udd" 3093
"C:/Users/d.seerig/AppData/Local/UnrealEngine/Common/DerivedDataCache/Buckets/GlobalShaderMap/9e/6c/8b940af8e80906ced12dbaec34bd8b32023e.udd" 3094
"C:/Users/d.seerig/AppData/Local/UnrealEngine/Common/DerivedDataCache/Buckets/GlobalShaderMap/27/39/daef59381a47df020a6ef6e83b9a57a5e1d4.udd" 3095
"C:/Users/d.seerig/AppData/Local/UnrealEngine/Common/DerivedDataCache/Buckets/GlobalShaderMap/eb/54/b6fbe92393cc58055ccb98cb2720e380133c.udd" 3096
"C:/Users/d.seerig/AppData/Local/UnrealEngine/Common/DerivedDataCache/Buckets/GlobalShaderMap/50/ab/493eef7ec7b60d9971fde99716a5911e4644.udd" 3097
"C:/Users/d.seerig/AppData/Local/UnrealEngine/Common/DerivedDataCache/Buckets/GlobalShaderMap/24/29/a92964e33e79ec96d7c23bdcfaabaf6a12f6.udd" 3098
"C:/Users/d.seerig/AppData/Local/UnrealEngine/Common/DerivedDataCache/Buckets/GlobalShaderMap/30/cf/f1ef93bc45e9c291935b7d9752add88c72fc.udd" 3099
"C:/Users/d.seerig/AppData/Local/UnrealEngine/Common/DerivedDataCache/Buckets/GlobalShaderMap/20/07/765325d02be0072c39cb6efccbc92d9fc80e.udd" 3100
"C:/Users/d.seerig/AppData/Local/UnrealEngine/Common/DerivedDataCache/Buckets/GlobalShaderMap/5d/b5/2b7fdc08177efa2fcbdfff22252ae6074093.udd" 3101
"C:/Users/d.seerig/AppData/Local/UnrealEngine/Common/DerivedDataCache/Buckets/GlobalShaderMap/04/58/aa0132bd3d45b11df60942851076325ec72d.udd" 3102
"C:/Users/d.seerig/AppData/Local/UnrealEngine/Common/DerivedDataCache/Buckets/GlobalShaderMap/a9/fb/e2907de097ecbd886986bb24f886eaf84c81.udd" 3103
"C:/Users/d.seerig/AppData/Local/UnrealEngine/Common/DerivedDataCache/Buckets/GlobalShaderMap/c6/43/0d288961231be88bcdf2fa7c8b475b3c8d15.udd" 3104
"C:/Users/d.seerig/AppData/Local/UnrealEngine/Common/DerivedDataCache/Buckets/GlobalShaderMap/2e/07/aab3d3b55d5ad2687a097b1277d530e0371c.udd" 3105
"C:/Users/d.seerig/AppData/Local/UnrealEngine/Common/DerivedDataCache/Buckets/GlobalShaderMap/cf/24/1ee579e677f004d28cd4a5bc04a30fb3e6c1.udd" 3106
"C:/Users/d.seerig/AppData/Local/UnrealEngine/Common/DerivedDataCache/Buckets/GlobalShaderMap/de/74/3138e9f7df6c53d62a5b04528e81382bc010.udd" 3107
"C:/Users/d.seerig/AppData/Local/UnrealEngine/Common/DerivedDataCache/Buckets/GlobalShaderMap/e7/35/51935d84c9959e987eb45b650c6e1ee3fa64.udd" 3108
"C:/Users/d.seerig/AppData/Local/UnrealEngine/Common/DerivedDataCache/Buckets/GlobalShaderMap/ed/08/22dc5d17ae58c70555c9cbfddea2e9791b10.udd" 3109
"C:/Users/d.seerig/AppData/Local/UnrealEngine/Common/DerivedDataCache/Buckets/GlobalShaderMap/d1/77/442f4b7407402b970d9b5255f64949d2cff4.udd" 3110
"C:/Users/d.seerig/AppData/Local/UnrealEngine/Common/DerivedDataCache/Buckets/GlobalShaderMap/33/fc/b19339830a7b335a4d9c0db684a7670e6918.udd" 3111
"C:/Users/d.seerig/AppData/Local/UnrealEngine/Common/DerivedDataCache/Buckets/GlobalShaderMap/02/58/3fc1d6334e6e0bb3041684c934b2b6aea7b4.udd" 3112
"C:/Users/d.seerig/AppData/Local/UnrealEngine/Common/DerivedDataCache/Buckets/GlobalShaderMap/b7/ca/dccf905a7c24af022ebdf9303bed542b6a7a.udd" 3113
"C:/Users/d.seerig/AppData/Local/UnrealEngine/Common/DerivedDataCache/Buckets/GlobalShaderMap/96/d8/1beca4d54727f1b4c829cb8f6a71b5045aba.udd" 3114
"C:/Users/d.seerig/AppData/Local/UnrealEngine/Common/DerivedDataCache/Buckets/GlobalShaderMap/23/b2/c1171aca59a3d90033547ffe0e2ab0306152.udd" 3115
"C:/Users/d.seerig/AppData/Local/UnrealEngine/Common/DerivedDataCache/Buckets/GlobalShaderMap/87/83/ab887e7e412f63f71e71137dcdd51681d990.udd" 3116
"C:/Users/d.seerig/AppData/Local/UnrealEngine/Common/DerivedDataCache/Buckets/GlobalShaderMap/e5/a6/9b1752eeb6b2cb9a395a3cdf3ab210618d3c.udd" 3117
"C:/Users/d.seerig/AppData/Local/UnrealEngine/Common/DerivedDataCache/Buckets/GlobalShaderMap/42/ec/9b56d8fef1c7b9a4694ad4cc910388b55498.udd" 3118
"C:/Users/d.seerig/AppData/Local/UnrealEngine/Common/DerivedDataCache/Buckets/GlobalShaderMap/c8/7c/ea623bceecf2d511c7e09c82d014a3587373.udd" 3119
"C:/Users/d.seerig/AppData/Local/UnrealEngine/Common/DerivedDataCache/Buckets/GlobalShaderMap/06/8a/dd727714c95c00d6639d5b4e2c84b7e15345.udd" 3120
"C:/Users/d.seerig/AppData/Local/UnrealEngine/Common/DerivedDataCache/Buckets/GlobalShaderMap/81/90/e53ca2965399acb7d3e075be5cc0e6bf583e.udd" 3121
"C:/Users/d.seerig/AppData/Local/UnrealEngine/Common/DerivedDataCache/Buckets/GlobalShaderMap/79/89/f8b6514bd42edbf7625b37210644abfa664f.udd" 3122
"C:/Users/d.seerig/AppData/Local/UnrealEngine/Common/DerivedDataCache/Buckets/GlobalShaderMap/bc/27/3893a46206e10bda30f27826274055d7976d.udd" 3123
"C:/Users/d.seerig/AppData/Local/UnrealEngine/Common/DerivedDataCache/Buckets/GlobalShaderMap/16/75/9916d012d730b5147d0cb94aae3a7f792090.udd" 3124
"C:/Users/d.seerig/AppData/Local/UnrealEngine/Common/DerivedDataCache/Buckets/GlobalShaderMap/73/f4/4ad5fff96baa9415f5b294c90191ac243c13.udd" 3125
"C:/Users/d.seerig/AppData/Local/UnrealEngine/Common/DerivedDataCache/Buckets/GlobalShaderMap/ed/f6/0e7d6b9838386e983feb4cdabc598886939b.udd" 3126
"C:/Users/d.seerig/AppData/Local/UnrealEngine/Common/DerivedDataCache/Buckets/GlobalShaderMap/b2/42/ab6a8fa2ad4737fb929bc7cd6f64a49d72d5.udd" 3127
"C:/Users/d.seerig/AppData/Local/UnrealEngine/Common/DerivedDataCache/Buckets/GlobalShaderMap/40/d0/89b231416d8cd610bf243500d7ebdaea9759.udd" 3128
"C:/Users/d.seerig/AppData/Local/UnrealEngine/Common/DerivedDataCache/Content/d7/88/fe7587fe13fc05af946a6d87ad004e55e53e.udd" 3129
"C:/Users/d.seerig/AppData/Local/UnrealEngine/Common/DerivedDataCache/Buckets/GlobalShaderMap/c0/dd/430ac5250a1c81f53ccc5a059f81742358b6.udd" 3130
"C:/Users/d.seerig/AppData/Local/UnrealEngine/Common/DerivedDataCache/Buckets/GlobalShaderMap/f1/a2/b5bdf39d91edb0322be514d66e41d62c722e.udd" 3131
"C:/Users/d.seerig/AppData/Local/UnrealEngine/Common/DerivedDataCache/Buckets/GlobalShaderMap/3b/cf/f408039cf36201e9381f2364c57b4996682b.udd" 3132
"C:/Users/d.seerig/AppData/Local/UnrealEngine/Common/DerivedDataCache/Buckets/GlobalShaderMap/2f/40/8912caaef65a712330cc69eac4712336985c.udd" 3133
"C:/Users/d.seerig/AppData/Local/UnrealEngine/Common/DerivedDataCache/Buckets/GlobalShaderMap/e3/33/566e840b76e51a79d54368af8db644896816.udd" 3134
"C:/Users/d.seerig/AppData/Local/UnrealEngine/Common/DerivedDataCache/Buckets/GlobalShaderMap/6f/29/0443dcdd5c54fd07be1671629dca93ac79cf.udd" 3135
"C:/Users/d.seerig/AppData/Local/UnrealEngine/Common/DerivedDataCache/Buckets/GlobalShaderMap/84/65/147769030f66e33e0af822da5b3c5b135fa4.udd" 3136
"C:/Users/d.seerig/AppData/Local/UnrealEngine/Common/DerivedDataCache/Buckets/GlobalShaderMap/3d/13/8179970eb5c2b3de703b3e4d4149c1a2b3bd.udd" 3137
"C:/Users/d.seerig/AppData/Local/UnrealEngine/Common/DerivedDataCache/Buckets/GlobalShaderMap/70/c9/7109bd09e2745e8260d4cbcf895db28377a1.udd" 3138
"C:/Users/d.seerig/AppData/Local/UnrealEngine/Common/DerivedDataCache/Buckets/GlobalShaderMap/0e/51/f3b069106e045c3cf0ff99c44060a60795f3.udd" 3139
"C:/Users/d.seerig/AppData/Local/UnrealEngine/Common/DerivedDataCache/Buckets/GlobalShaderMap/f3/4f/3ac880b749098ec3be96e3c7fb00b6c17b6c.udd" 3140
"C:/Users/d.seerig/AppData/Local/UnrealEngine/Common/DerivedDataCache/Buckets/GlobalShaderMap/20/2e/dfe47a22f9576520b5b82be46e011673a820.udd" 3141
"C:/Users/d.seerig/AppData/Local/UnrealEngine/Common/DerivedDataCache/Buckets/GlobalShaderMap/f5/96/2e39f6de4fc677b1969d1dec831e07bdaad2.udd" 3142
"C:/Users/d.seerig/AppData/Local/UnrealEngine/Common/DerivedDataCache/Buckets/GlobalShaderMap/53/1a/25b06446bb5b723938a2fc686d489883a260.udd" 3143
"C:/Users/d.seerig/AppData/Local/UnrealEngine/Common/DerivedDataCache/Buckets/GlobalShaderMap/39/80/57c5536e98431d415ae672db118466666bd9.udd" 3144
"C:/Users/d.seerig/AppData/Local/UnrealEngine/Common/DerivedDataCache/Buckets/GlobalShaderMap/74/3d/4b5699e076a837bffd6ccef9f4a3539fbba4.udd" 3145
"C:/Users/d.seerig/AppData/Local/UnrealEngine/Common/DerivedDataCache/Buckets/GlobalShaderMap/fe/6e/c45d846a201a4626b809afaf8d4b996c4bcc.udd" 3146
"C:/Users/d.seerig/AppData/Local/UnrealEngine/Common/DerivedDataCache/Buckets/GlobalShaderMap/c0/f5/330e9361f7a612ca99f6e0395b93a14ca12b.udd" 3147
"C:/Users/d.seerig/AppData/Local/UnrealEngine/Common/DerivedDataCache/Buckets/GlobalShaderMap/b5/a6/5272c6c53f2465ebe0c0ed195ad616752eaf.udd" 3148
"C:/Users/d.seerig/AppData/Local/UnrealEngine/Common/DerivedDataCache/Buckets/GlobalShaderMap/01/20/f9713e5e22df25df74d18fe3912b466aa01e.udd" 3149
"C:/Users/d.seerig/AppData/Local/UnrealEngine/Common/DerivedDataCache/Buckets/GlobalShaderMap/40/45/433165fee2c0df202ef754fb78b8b4c5b226.udd" 3150
"C:/Users/d.seerig/AppData/Local/UnrealEngine/Common/DerivedDataCache/Buckets/GlobalShaderMap/b6/96/af62dc1d84b68e13b60fcd682acce6b1eafc.udd" 3151
"C:/Users/d.seerig/AppData/Local/UnrealEngine/Common/DerivedDataCache/Buckets/GlobalShaderMap/72/e2/15b4d9a6a6cfa70d7b533bd9094fbb2c2dc2.udd" 3152
"C:/Users/d.seerig/AppData/Local/UnrealEngine/Common/DerivedDataCache/Buckets/GlobalShaderMap/31/b1/56005ece73523973c61c0a67274346f3dec9.udd" 3153
"C:/Users/d.seerig/AppData/Local/UnrealEngine/Common/DerivedDataCache/Buckets/GlobalShaderMap/ad/1d/1ade4bcf2ad7bda498085cb983a99fd9210e.udd" 3154
"C:/Users/d.seerig/AppData/Local/UnrealEngine/Common/DerivedDataCache/Buckets/GlobalShaderMap/ba/e6/7ffbe23b72c7e187f4d21ae877c58a639c84.udd" 3155
"C:/Users/d.seerig/AppData/Local/UnrealEngine/Common/DerivedDataCache/Buckets/GlobalShaderMap/b4/d8/b11f0cd00614d12cae251cc01f3921d72fdb.udd" 3156
"C:/Users/d.seerig/AppData/Local/UnrealEngine/Common/DerivedDataCache/Buckets/GlobalShaderMap/b6/e5/91117faef638eb4cdd38b9e2b2187e85db7c.udd" 3157
"C:/Users/d.seerig/AppData/Local/UnrealEngine/Common/DerivedDataCache/Content/42/13/669c49278699fdae6eaa13b97a3b3900ce2f.udd" 3158
"C:/Users/d.seerig/AppData/Local/UnrealEngine/Common/DerivedDataCache/Buckets/GlobalShaderMap/9d/c1/c4ea435062d6b3a140e64cff88b5c25e8233.udd" 3159
"C:/Users/d.seerig/AppData/Local/UnrealEngine/Common/DerivedDataCache/Buckets/GlobalShaderMap/05/34/09c84d8e351071f951ebb02328c42de6c693.udd" 3160
"C:/Users/d.seerig/AppData/Local/UnrealEngine/Common/DerivedDataCache/Buckets/GlobalShaderMap/8f/6c/c6902465ab0ecacf30b7c3c3e93320e591b2.udd" 3161
"C:/Users/d.seerig/AppData/Local/UnrealEngine/Common/DerivedDataCache/Buckets/GlobalShaderMap/12/c0/86289b1c7366ab6d71e1e4a7feb7c81dcbce.udd" 3162
"C:/Users/d.seerig/AppData/Local/UnrealEngine/Common/DerivedDataCache/Buckets/GlobalShaderMap/f6/dd/d4d75c31d3bf8d222bb863badeca70394548.udd" 3163
"C:/Users/d.seerig/AppData/Local/UnrealEngine/Common/DerivedDataCache/Buckets/GlobalShaderMap/e8/04/500a1924603bdc21d6a8499277d960df417f.udd" 3164
"C:/Users/d.seerig/AppData/Local/UnrealEngine/Common/DerivedDataCache/Buckets/GlobalShaderMap/9e/6f/79ebb1e5c81e25635d77936b7d8c2b9d19f2.udd" 3165
"C:/Users/d.seerig/AppData/Local/UnrealEngine/Common/DerivedDataCache/Buckets/GlobalShaderMap/dc/f9/1866e4bd8f8dce756d49173388dd38f8483d.udd" 3166
"C:/Users/d.seerig/AppData/Local/UnrealEngine/Common/DerivedDataCache/Buckets/GlobalShaderMap/4b/f3/d6b660d3d60cc108c14e2c3961283d5418e8.udd" 3167
"C:/Users/d.seerig/AppData/Local/UnrealEngine/Common/DerivedDataCache/Buckets/GlobalShaderMap/46/f0/5296c3025422f8905540c65d39689b8b09f9.udd" 3168
"C:/Users/d.seerig/AppData/Local/UnrealEngine/Common/DerivedDataCache/Buckets/GlobalShaderMap/d9/f3/7a59390c57c0b9a8ae1c918b13871cde05fb.udd" 3169
"C:/Users/d.seerig/AppData/Local/UnrealEngine/Common/DerivedDataCache/Buckets/GlobalShaderMap/e7/aa/4c5d49e61914885e36ab3ce7b24435d692e3.udd" 3170
"C:/Users/d.seerig/AppData/Local/UnrealEngine/Common/DerivedDataCache/Buckets/GlobalShaderMap/12/3d/7cb88bf60d84ccc794694ea36feec7d75d6b.udd" 3171
"C:/Users/d.seerig/AppData/Local/UnrealEngine/Common/DerivedDataCache/Buckets/GlobalShaderMap/ce/52/58488a5e53db5f0a4943bad709e3b7e846f7.udd" 3172
"C:/Users/d.seerig/AppData/Local/UnrealEngine/Common/DerivedDataCache/Buckets/GlobalShaderMap/bc/d0/eebb4690cdad8899d07fba307400548f8f5f.udd" 3173
"C:/Users/d.seerig/AppData/Local/UnrealEngine/Common/DerivedDataCache/Buckets/GlobalShaderMap/75/74/d93170a18765004502639cd359b0ed2f4ea2.udd" 3174
"C:/Users/d.seerig/AppData/Local/UnrealEngine/Common/DerivedDataCache/Buckets/GlobalShaderMap/ae/6f/4254d2198b798dfd0205978f6c971fcbcfcb.udd" 3175
"C:/Users/d.seerig/AppData/Local/UnrealEngine/Common/DerivedDataCache/Buckets/GlobalShaderMap/b2/cc/e2850347c5b1db928d9089a51f26bcab9f90.udd" 3176
"C:/Users/d.seerig/AppData/Local/UnrealEngine/Common/DerivedDataCache/Buckets/GlobalShaderMap/5c/63/75c643306f811f6d230c5aad36e03e324a5f.udd" 3177
"C:/Users/d.seerig/AppData/Local/UnrealEngine/Common/DerivedDataCache/Buckets/GlobalShaderMap/42/f2/4dcf990cc384cef4006973ed8ed9fe0120ca.udd" 3178
"C:/Users/d.seerig/AppData/Local/UnrealEngine/Common/DerivedDataCache/Buckets/GlobalShaderMap/24/e9/7f0cef3b8d6dcd6086059c2fc1c9d7142972.udd" 3179
"C:/Users/d.seerig/AppData/Local/UnrealEngine/Common/DerivedDataCache/Buckets/GlobalShaderMap/09/49/3cd42a10f46705a9c4ad42ff2e703600757f.udd" 3180
"C:/Users/d.seerig/AppData/Local/UnrealEngine/Common/DerivedDataCache/Buckets/GlobalShaderMap/c9/37/1705f1e8ffe1a97e516f32b71255796a4658.udd" 3181
"C:/Users/d.seerig/AppData/Local/UnrealEngine/Common/DerivedDataCache/Buckets/GlobalShaderMap/e8/7c/9ca3178cfeb29d4958cee5bf461e9f018246.udd" 3182
"C:/Users/d.seerig/AppData/Local/UnrealEngine/Common/DerivedDataCache/Buckets/GlobalShaderMap/2c/98/33e8f28b5597469f5dd27766d4ea72c84656.udd" 3183
"C:/Users/d.seerig/AppData/Local/UnrealEngine/Common/DerivedDataCache/Buckets/GlobalShaderMap/26/c8/0eb9bd4d86f416bdc5550e264e83b2aa0d86.udd" 3184
"C:/Users/d.seerig/AppData/Local/UnrealEngine/Common/DerivedDataCache/Buckets/GlobalShaderMap/b6/4c/794a75d7d529d6d014591799cef84db273bb.udd" 3185
"C:/Users/d.seerig/AppData/Local/UnrealEngine/Common/DerivedDataCache/Buckets/GlobalShaderMap/10/a5/be9d4d3067b2471c9f9c30b56c9c04b37bdb.udd" 3186
"C:/Users/d.seerig/AppData/Local/UnrealEngine/Common/DerivedDataCache/Buckets/GlobalShaderMap/e0/7a/b0469c396a52f2662fae6607b04ca2526f1c.udd" 3187
"C:/Users/d.seerig/AppData/Local/UnrealEngine/Common/DerivedDataCache/Buckets/GlobalShaderMap/2f/28/1bc03ea9a6a94385a0cff25ddfbd255201a0.udd" 3188
"C:/Users/d.seerig/AppData/Local/UnrealEngine/Common/DerivedDataCache/Buckets/GlobalShaderMap/19/82/9bafb6862eace091188c42203148325564f5.udd" 3189
"C:/Users/d.seerig/AppData/Local/UnrealEngine/Common/DerivedDataCache/Buckets/GlobalShaderMap/67/c1/b0055f9e767b8d8568005276fcc1021feca2.udd" 3190
"C:/Users/d.seerig/AppData/Local/UnrealEngine/Common/DerivedDataCache/Buckets/GlobalShaderMap/96/5d/07418075ee3ad43f995d499202ac4723d390.udd" 3191
"C:/Users/d.seerig/AppData/Local/UnrealEngine/Common/DerivedDataCache/Buckets/GlobalShaderMap/1a/48/ff540e046ca95b31e792e3048d9309e6e880.udd" 3192
"C:/Users/d.seerig/AppData/Local/UnrealEngine/Common/DerivedDataCache/Buckets/GlobalShaderMap/ba/4b/e58a266b441288d82c8afa1d0f4a7d3c1c6f.udd" 3193
"C:/Users/d.seerig/AppData/Local/UnrealEngine/Common/DerivedDataCache/Buckets/GlobalShaderMap/a1/8d/1e86765dc95a95f600e99dabb553c311b71f.udd" 3194
"C:/Users/d.seerig/AppData/Local/UnrealEngine/Common/DerivedDataCache/Buckets/GlobalShaderMap/b8/f1/85f7005b6f6b7bbc8e8b360e2eb0b6e0b249.udd" 3195
"C:/Users/d.seerig/AppData/Local/UnrealEngine/Common/DerivedDataCache/Buckets/GlobalShaderMap/5b/dd/220e49a42c5a5ffd4a329377707bd879d8de.udd" 3196
"C:/Users/d.seerig/AppData/Local/UnrealEngine/Common/DerivedDataCache/Buckets/GlobalShaderMap/3b/cc/31ed61a145f3c74d484e40a0c220a1b125f5.udd" 3197
"C:/Users/d.seerig/AppData/Local/UnrealEngine/Common/DerivedDataCache/Buckets/GlobalShaderMap/60/d6/66d869a4241b7540a4f60d1c932fd8e469b5.udd" 3198
"C:/Users/d.seerig/AppData/Local/UnrealEngine/Common/DerivedDataCache/Buckets/GlobalShaderMap/da/26/e9c3886376acafd0639e9c71f1a84d0260d7.udd" 3199
"C:/Users/d.seerig/AppData/Local/UnrealEngine/Common/DerivedDataCache/Buckets/GlobalShaderMap/53/d6/106e29e7891730d44df08251bc22db895cca.udd" 3200
"C:/Users/d.seerig/AppData/Local/UnrealEngine/Common/DerivedDataCache/Buckets/GlobalShaderMap/d7/4b/d476829b66554d314bd921218cf7f29981d3.udd" 3201
"C:/Users/d.seerig/AppData/Local/UnrealEngine/Common/DerivedDataCache/Buckets/GlobalShaderMap/53/17/f98672cae8bc318bfd5555a2636bd470e7b7.udd" 3202
"C:/Users/d.seerig/AppData/Local/UnrealEngine/Common/DerivedDataCache/Buckets/GlobalShaderMap/f6/e3/1554702c76dc6a5d63b38c5d3b3cbab6f128.udd" 3203
"C:/Users/d.seerig/AppData/Local/UnrealEngine/Common/DerivedDataCache/Buckets/GlobalShaderMap/76/12/886fb426e832210d6086ae4eb1758408baf8.udd" 3204
"C:/Users/d.seerig/AppData/Local/UnrealEngine/Common/DerivedDataCache/Buckets/GlobalShaderMap/03/fd/4ac3c1a79426688bd87e40529dff882aa6cf.udd" 3205
"C:/Users/d.seerig/AppData/Local/UnrealEngine/Common/DerivedDataCache/Buckets/GlobalShaderMap/ee/5d/4669c5632b3058a7545d49b153bb00fd048e.udd" 3206
"C:/Users/d.seerig/AppData/Local/UnrealEngine/Common/DerivedDataCache/Buckets/GlobalShaderMap/be/2f/3fb9dd7f5cb4cb414c5cc37057bd111a22c4.udd" 3207
"C:/Users/d.seerig/AppData/Local/UnrealEngine/Common/DerivedDataCache/Buckets/GlobalShaderMap/a0/09/f4904d3bb7a431060c35efed2460b109ab65.udd" 3208
"C:/Users/d.seerig/AppData/Local/UnrealEngine/Common/DerivedDataCache/Buckets/GlobalShaderMap/6c/3c/5a3a6bc865fa9804a80bf37b68bbbfc08663.udd" 3209
"C:/Users/d.seerig/AppData/Local/UnrealEngine/Common/DerivedDataCache/Buckets/GlobalShaderMap/1f/c9/f3566ced28da4da1a9dfab8eb778157eb351.udd" 3210
"C:/Users/d.seerig/AppData/Local/UnrealEngine/Common/DerivedDataCache/Buckets/GlobalShaderMap/6c/5d/55ce0ce480ba4da721eb4a11a5c92ab763b0.udd" 3211
"C:/Users/d.seerig/AppData/Local/UnrealEngine/Common/DerivedDataCache/Buckets/GlobalShaderMap/3a/4a/98769d4aa67a7bfa6d0460d9650532c0b84b.udd" 3212
"C:/Users/d.seerig/AppData/Local/UnrealEngine/Common/DerivedDataCache/Buckets/GlobalShaderMap/1e/0c/6c56cefa3011363b2d1aacd395300cf95903.udd" 3213
"C:/Users/d.seerig/AppData/Local/UnrealEngine/Common/DerivedDataCache/Buckets/GlobalShaderMap/0a/fd/c8b0098cfee1234a28a6cb9d9e541b56ced2.udd" 3214
"C:/Users/d.seerig/AppData/Local/UnrealEngine/Common/DerivedDataCache/Buckets/GlobalShaderMap/25/99/eef6a236c60cb9306cf855c44ced5339b2bf.udd" 3215
"C:/Users/d.seerig/AppData/Local/UnrealEngine/Common/DerivedDataCache/Buckets/GlobalShaderMap/df/e5/a399e7666a280519d69be0ef1d7f55c6dff2.udd" 3216
"C:/Users/d.seerig/AppData/Local/UnrealEngine/Common/DerivedDataCache/Buckets/GlobalShaderMap/c9/41/75b475bd0d3e30ef5af89c4df33688d45320.udd" 3217
"C:/Users/d.seerig/AppData/Local/UnrealEngine/Common/DerivedDataCache/Buckets/GlobalShaderMap/de/02/317838505d1cbef000c19c5a491a4ce245b3.udd" 3218
"C:/Users/d.seerig/AppData/Local/UnrealEngine/Common/DerivedDataCache/Buckets/GlobalShaderMap/ca/65/013cedc07d386128b1fd95734269911bfa0a.udd" 3219
"C:/Users/d.seerig/AppData/Local/UnrealEngine/Common/DerivedDataCache/Buckets/GlobalShaderMap/30/f0/d6da302c1e01b37ff64ef41a03444c96394d.udd" 3220
"C:/Users/d.seerig/AppData/Local/UnrealEngine/Common/DerivedDataCache/Buckets/GlobalShaderMap/f3/35/2c29cb75e4b02c6fca0e6dafbf8c4183500e.udd" 3221
"C:/Users/d.seerig/AppData/Local/UnrealEngine/Common/DerivedDataCache/Buckets/GlobalShaderMap/96/96/2364e1c551f33085359be7dc337de35a9b96.udd" 3222
"C:/Users/d.seerig/AppData/Local/UnrealEngine/Common/DerivedDataCache/Buckets/GlobalShaderMap/4b/43/1801a401e2bc6b0959a73cf8bfd03ec2018f.udd" 3223
"C:/Users/d.seerig/AppData/Local/UnrealEngine/Common/DerivedDataCache/Buckets/GlobalShaderMap/5a/1e/8f0e42ff4221790588bafa8dfa3bef512264.udd" 3224
"C:/Users/d.seerig/AppData/Local/UnrealEngine/Common/DerivedDataCache/Buckets/GlobalShaderMap/bc/2c/ab8c6c710040fc5cfe10ccf1ca975ea6c4e1.udd" 3225
"C:/Users/d.seerig/AppData/Local/UnrealEngine/Common/DerivedDataCache/Content/ab/77/2d995b0baa7726ed15ab90260573f9885a40.udd" 3226
"C:/Users/d.seerig/AppData/Local/UnrealEngine/Common/DerivedDataCache/Buckets/GlobalShaderMap/c9/89/86669ab725072361b6b56149a9db5c3a850f.udd" 3227
"C:/Users/d.seerig/AppData/Local/UnrealEngine/Common/DerivedDataCache/Buckets/GlobalShaderMap/e6/f4/2fd1cd5afc24535a1ee16233220ebb66fc41.udd" 3228
"C:/Users/d.seerig/AppData/Local/UnrealEngine/Common/DerivedDataCache/Buckets/GlobalShaderMap/f9/8e/2057cde120e2943f1e51e13175d7c4e1c642.udd" 3229
"C:/Users/d.seerig/AppData/Local/UnrealEngine/Common/DerivedDataCache/Buckets/GlobalShaderMap/9a/41/a9bc46d340c2464705ec4580d39fbd83cb7e.udd" 3230
"C:/Users/d.seerig/AppData/Local/UnrealEngine/Common/DerivedDataCache/Buckets/GlobalShaderMap/c2/d4/7c3802a4c13c5fce65168bb94ea447dff284.udd" 3231
"C:/Users/d.seerig/AppData/Local/UnrealEngine/Common/DerivedDataCache/Buckets/GlobalShaderMap/26/27/efaa5690b4c059bde39eb25def73954bc74d.udd" 3232
"C:/Users/d.seerig/AppData/Local/UnrealEngine/Common/DerivedDataCache/Buckets/GlobalShaderMap/c0/6b/a6514d024f7a64e0105ce2d26f883467ec39.udd" 3233
"C:/Users/d.seerig/AppData/Local/UnrealEngine/Common/DerivedDataCache/Buckets/GlobalShaderMap/ff/41/d08e799a7ff9e03ea3f65947898f863b3264.udd" 3234
"C:/Users/d.seerig/AppData/Local/UnrealEngine/Common/DerivedDataCache/Buckets/GlobalShaderMap/e3/99/24baefff92d3df1fac3a4594e3e85c6fb791.udd" 3235
"C:/Users/d.seerig/AppData/Local/UnrealEngine/Common/DerivedDataCache/Buckets/GlobalShaderMap/4b/65/5ae74d5ca176dadb05b9005d4db4081a9095.udd" 3236
"C:/Users/d.seerig/AppData/Local/UnrealEngine/Common/DerivedDataCache/Buckets/GlobalShaderMap/25/9d/2677dcc47aaef11288e1655a0d6a39d1bb29.udd" 3237
"C:/Users/d.seerig/AppData/Local/UnrealEngine/Common/DerivedDataCache/Buckets/GlobalShaderMap/24/a8/3007ffc8c1ed7c23ee47c881c9dbfd915d42.udd" 3238
"C:/Users/d.seerig/AppData/Local/UnrealEngine/Common/DerivedDataCache/Buckets/GlobalShaderMap/22/07/e0f6fbc0fadce291f0c695351efbf8568e0e.udd" 3239
"C:/Users/d.seerig/AppData/Local/UnrealEngine/Common/DerivedDataCache/Buckets/GlobalShaderMap/d8/bb/056fa1f9a11d6fc47eceb443f5447cc7fe32.udd" 3240
"C:/Users/d.seerig/AppData/Local/UnrealEngine/Common/DerivedDataCache/Buckets/GlobalShaderMap/28/67/aa0da1eac4734f2958ad788ab8771637bea4.udd" 3241
"C:/Users/d.seerig/AppData/Local/UnrealEngine/Common/DerivedDataCache/Buckets/GlobalShaderMap/c0/ff/f1b2cdaadd18de7903d3900c1526231f375a.udd" 3242
"C:/Users/d.seerig/AppData/Local/UnrealEngine/Common/DerivedDataCache/Buckets/GlobalShaderMap/69/a5/9ff0c9bc61ca0f96c357a08473ebf10f012b.udd" 3243
"C:/Users/d.seerig/AppData/Local/UnrealEngine/Common/DerivedDataCache/Buckets/GlobalShaderMap/c7/47/c0b0e5e11d9dc11473aa35fb614a8990b1e9.udd" 3244
"C:/Users/d.seerig/AppData/Local/UnrealEngine/Common/DerivedDataCache/Buckets/GlobalShaderMap/33/be/e6e3a9161b01ea4f37fd0643edf43209fae4.udd" 3245
"C:/Users/d.seerig/AppData/Local/UnrealEngine/Common/DerivedDataCache/Buckets/GlobalShaderMap/66/d8/a18b9d2d3d64d25eeea5be3a33b52b76fc2a.udd" 3246
"C:/Users/d.seerig/AppData/Local/UnrealEngine/Common/DerivedDataCache/Buckets/GlobalShaderMap/16/46/4a5ccdff192d028b7ccb6996c01bda6226c8.udd" 3247
"C:/Users/d.seerig/AppData/Local/UnrealEngine/Common/DerivedDataCache/Buckets/GlobalShaderMap/f2/d4/999c9cfe6b8b789ae29fb6c5283a02b334eb.udd" 3248
"C:/Users/d.seerig/AppData/Local/UnrealEngine/Common/DerivedDataCache/Buckets/GlobalShaderMap/ad/e9/f5b1f1066eed74a86ae7e306623114c9f0ae.udd" 3249
"C:/Users/d.seerig/AppData/Local/UnrealEngine/Common/DerivedDataCache/Buckets/GlobalShaderMap/2b/c3/fbea53a97e12d3c340edb859515846a6221d.udd" 3250
"C:/Users/d.seerig/AppData/Local/UnrealEngine/Common/DerivedDataCache/Buckets/GlobalShaderMap/04/1b/1cdf950c4b2fcfc825fb5236cc2cf2daa32e.udd" 3251
"C:/Users/d.seerig/AppData/Local/UnrealEngine/Common/DerivedDataCache/Buckets/GlobalShaderMap/97/f2/df72e1ca6b456b25890822192ff861dd0ea8.udd" 3252
"C:/Users/d.seerig/AppData/Local/UnrealEngine/Common/DerivedDataCache/Buckets/GlobalShaderMap/a3/b8/e1ad2450c28690bc96f3c46d81a06073cc0c.udd" 3253
"C:/Users/d.seerig/AppData/Local/UnrealEngine/Common/DerivedDataCache/Buckets/GlobalShaderMap/98/6f/bb9fd01f9858fbce1bd0e16dde3253c7c520.udd" 3254
"C:/Users/d.seerig/AppData/Local/UnrealEngine/Common/DerivedDataCache/Buckets/GlobalShaderMap/86/0c/9ab07efd3272ccaeda3391d7191ddcc3bfc0.udd" 3255
"C:/Users/d.seerig/AppData/Local/UnrealEngine/Common/DerivedDataCache/Buckets/GlobalShaderMap/67/3d/96886a66b7a492ed4b89ce69800b61f68c0f.udd" 3256
"C:/Users/d.seerig/AppData/Local/UnrealEngine/Common/DerivedDataCache/Buckets/GlobalShaderMap/4f/0e/b309ca0170ad344516ec586966b56c85d165.udd" 3257
"C:/Users/d.seerig/AppData/Local/UnrealEngine/Common/DerivedDataCache/Buckets/GlobalShaderMap/b4/00/dfe7447dd2bf25e6bfe9ab58f60caa281fd0.udd" 3258
"C:/Users/d.seerig/AppData/Local/UnrealEngine/Common/DerivedDataCache/Buckets/GlobalShaderMap/37/03/c67d912dd0496cabe0f8bc8eb01beb1b9ac0.udd" 3259
"C:/Users/d.seerig/AppData/Local/UnrealEngine/Common/DerivedDataCache/Buckets/GlobalShaderMap/fd/35/3137dd95eb9187a0a6c18dcd9fe65488339d.udd" 3260
"C:/Users/d.seerig/AppData/Local/UnrealEngine/Common/DerivedDataCache/Buckets/GlobalShaderMap/b1/05/8c0d8af9872c7dba5119bfa7ba8ff7dd9b8e.udd" 3261
"C:/Users/d.seerig/AppData/Local/UnrealEngine/Common/DerivedDataCache/Buckets/GlobalShaderMap/6c/87/58ae259537d0de36ae815bf19e5c09b25807.udd" 3262
"C:/Users/d.seerig/AppData/Local/UnrealEngine/Common/DerivedDataCache/Buckets/GlobalShaderMap/12/65/85affbc3b036d8a9876f7d6c708346aae3ca.udd" 3263
"C:/Users/d.seerig/AppData/Local/UnrealEngine/Common/DerivedDataCache/Buckets/GlobalShaderMap/f2/45/bbe77895c85f7de5ae4a10f8f12ee1bcfcf9.udd" 3264
"C:/Users/d.seerig/AppData/Local/UnrealEngine/Common/DerivedDataCache/Buckets/GlobalShaderMap/10/85/710782f5628107673a6ac86bbd004972fb17.udd" 3265
"C:/Users/d.seerig/AppData/Local/UnrealEngine/Common/DerivedDataCache/Buckets/GlobalShaderMap/7f/f1/5ed51212d30f1bde1d5fc33004ccaffcf1c8.udd" 3266
"C:/Users/d.seerig/AppData/Local/UnrealEngine/Common/DerivedDataCache/Buckets/GlobalShaderMap/7a/c1/78285db789204c08b0b27311c9f1d321f27b.udd" 3267
"C:/Users/d.seerig/AppData/Local/UnrealEngine/Common/DerivedDataCache/Buckets/GlobalShaderMap/18/94/eb9d0e26368d1b92b4808c7a11d8a0eed08f.udd" 3268
"C:/Users/d.seerig/AppData/Local/UnrealEngine/Common/DerivedDataCache/Buckets/GlobalShaderMap/0d/31/ba0d3a4e4fcf32c2b58245e4a8071fe0207c.udd" 3269
"C:/Users/d.seerig/AppData/Local/UnrealEngine/Common/DerivedDataCache/Buckets/GlobalShaderMap/04/17/97e2dde73f32cd6f6b9601763c33a438e82f.udd" 3270
"C:/Users/d.seerig/AppData/Local/UnrealEngine/Common/DerivedDataCache/Buckets/GlobalShaderMap/fd/7e/c0a9cabf52c7b6e55e831a809b246f3486ed.udd" 3271
"C:/Users/d.seerig/AppData/Local/UnrealEngine/Common/DerivedDataCache/Buckets/GlobalShaderMap/85/9f/367f793228318bb2fdff2383adf8eb21a23b.udd" 3272
"C:/Users/d.seerig/AppData/Local/UnrealEngine/Common/DerivedDataCache/Buckets/GlobalShaderMap/d1/ad/02c9b13724496cb527ed317418414d533171.udd" 3273
"C:/Users/d.seerig/AppData/Local/UnrealEngine/Common/DerivedDataCache/Buckets/GlobalShaderMap/46/f7/a6b5a94ff8947436870e7292ddfdfa6a8093.udd" 3274
"C:/Users/d.seerig/AppData/Local/UnrealEngine/Common/DerivedDataCache/Buckets/GlobalShaderMap/f8/20/9825bd98b39278afd0cd9f8f1683073eb69a.udd" 3275
"C:/Users/d.seerig/AppData/Local/UnrealEngine/Common/DerivedDataCache/Buckets/GlobalShaderMap/18/14/6702b637209c1a12b24cceded5d7e5f60e1d.udd" 3276
"C:/Users/d.seerig/AppData/Local/UnrealEngine/Common/DerivedDataCache/Buckets/GlobalShaderMap/c3/22/80df58ea7432ef6df0e2a8b81296acede371.udd" 3277
"C:/Users/d.seerig/AppData/Local/UnrealEngine/Common/DerivedDataCache/Buckets/GlobalShaderMap/1d/a8/f6d2182f6a5f6a8e491805dad354cd8cc36f.udd" 3278
"C:/Users/d.seerig/AppData/Local/UnrealEngine/Common/DerivedDataCache/Buckets/GlobalShaderMap/9e/c2/b586e0ef93832a4842da6df7e4e4f3830219.udd" 3279
"C:/Users/d.seerig/AppData/Local/UnrealEngine/Common/DerivedDataCache/Buckets/GlobalShaderMap/d6/a5/2a03e3e8c7e718bf7da0d441a4c61f6d9a30.udd" 3280
"C:/Users/d.seerig/AppData/Local/UnrealEngine/Common/DerivedDataCache/Buckets/GlobalShaderMap/0c/12/cb6a78f89ea0c7a2a932f067886646ef8363.udd" 3281
"C:/Users/d.seerig/AppData/Local/UnrealEngine/Common/DerivedDataCache/Buckets/GlobalShaderMap/84/28/a4e51493739c48572d11f39d8738b23a00d1.udd" 3282
"C:/Users/d.seerig/AppData/Local/UnrealEngine/Common/DerivedDataCache/Buckets/GlobalShaderMap/7a/26/967ae6f40f7077f701b34da0d2cc83658233.udd" 3283
"C:/Users/d.seerig/AppData/Local/UnrealEngine/Common/DerivedDataCache/Buckets/GlobalShaderMap/6a/cf/b4270d22a79f285afa4ca8627a0928224bf9.udd" 3284
"C:/Users/d.seerig/AppData/Local/UnrealEngine/Common/DerivedDataCache/Buckets/GlobalShaderMap/e9/fe/8551e9331d46fb0b49e8ee54ff5fdec121df.udd" 3285
"C:/Users/d.seerig/AppData/Local/UnrealEngine/Common/DerivedDataCache/Buckets/GlobalShaderMap/bc/85/1f6a83350d5db17970c8aefc126203840c24.udd" 3286
"C:/Users/d.seerig/AppData/Local/UnrealEngine/Common/DerivedDataCache/Buckets/GlobalShaderMap/3c/2a/a3702052a6a0b8001cd8ffe2210e194d66e3.udd" 3287
"C:/Users/d.seerig/AppData/Local/UnrealEngine/Common/DerivedDataCache/Buckets/GlobalShaderMap/2b/9b/49621bc6203c66052e5d344f01fec948ffc5.udd" 3288
"C:/Users/d.seerig/AppData/Local/UnrealEngine/Common/DerivedDataCache/Buckets/GlobalShaderMap/aa/1e/3b2ce0a93a23350eebdf40873dfe7fab7432.udd" 3289
"C:/Users/d.seerig/AppData/Local/UnrealEngine/Common/DerivedDataCache/Buckets/GlobalShaderMap/0a/8c/f3ade264eaeb4e84a806c3765c721176f17b.udd" 3290
"C:/Users/d.seerig/AppData/Local/UnrealEngine/Common/DerivedDataCache/Buckets/GlobalShaderMap/b5/b8/0b3c3e21f703c2b22909b37ca136e79bfddb.udd" 3291
"C:/Users/d.seerig/AppData/Local/UnrealEngine/Common/DerivedDataCache/Buckets/GlobalShaderMap/84/51/615a710f0cc99be6eb69b32309a0d7c36f40.udd" 3292
"C:/Users/d.seerig/AppData/Local/UnrealEngine/Common/DerivedDataCache/Buckets/GlobalShaderMap/3d/58/01a47967e7d12732281b77a63907b8bb581c.udd" 3293
"C:/Users/d.seerig/AppData/Local/UnrealEngine/Common/DerivedDataCache/Buckets/GlobalShaderMap/0a/c6/053a031e56fd82a253c86be7f6d9c7aac9ff.udd" 3294
"C:/Users/d.seerig/AppData/Local/UnrealEngine/Common/DerivedDataCache/Buckets/GlobalShaderMap/59/fa/a8242ba0a8190b1072ad46bda92634ca81c5.udd" 3295
"C:/Users/d.seerig/AppData/Local/UnrealEngine/Common/DerivedDataCache/Buckets/GlobalShaderMap/d9/89/3d1f2437d8a486c9961b4da1aabdd2a17898.udd" 3296
"C:/Users/d.seerig/AppData/Local/UnrealEngine/Common/DerivedDataCache/Buckets/GlobalShaderMap/8a/02/fd5b27272fb1cf909a9f28e961c34cb6acc5.udd" 3297
"C:/Users/d.seerig/AppData/Local/UnrealEngine/Common/DerivedDataCache/Buckets/GlobalShaderMap/08/8b/07575e3380865b1f317a1d92eb526c29fa72.udd" 3298
"C:/Users/d.seerig/AppData/Local/UnrealEngine/Common/DerivedDataCache/Buckets/GlobalShaderMap/a0/99/8096b14dcb1e4cdf5761ae29e3ee7127bc40.udd" 3299
"C:/Users/d.seerig/AppData/Local/UnrealEngine/Common/DerivedDataCache/Buckets/GlobalShaderMap/a6/61/53ffeab5aca8822c816317ca7374c1248e54.udd" 3300
"C:/Users/d.seerig/AppData/Local/UnrealEngine/Common/DerivedDataCache/Buckets/GlobalShaderMap/93/5c/69c49d34822567ecee208edd71a6bb9f0bae.udd" 3301
"C:/Users/d.seerig/AppData/Local/UnrealEngine/Common/DerivedDataCache/Buckets/GlobalShaderMap/c0/69/eef5d78e907be145bc497e31de5eb9b97ac3.udd" 3302
"C:/Users/d.seerig/AppData/Local/UnrealEngine/Common/DerivedDataCache/Buckets/GlobalShaderMap/39/0c/37ec405d5c340e1b4e37b4ba9780351a9280.udd" 3303
"C:/Users/d.seerig/AppData/Local/UnrealEngine/Common/DerivedDataCache/Buckets/GlobalShaderMap/33/ec/9f0519f8b666e0e9c6c102faac06dcb3994d.udd" 3304
"C:/Users/d.seerig/AppData/Local/UnrealEngine/Common/DerivedDataCache/Buckets/GlobalShaderMap/6f/e2/1785f192ac1cdf86fab509b972a16320ad48.udd" 3305
"C:/Users/d.seerig/AppData/Local/UnrealEngine/Common/DerivedDataCache/Buckets/GlobalShaderMap/fb/f3/b4613d0fb86d18a1803a99d4e1abdfb4baae.udd" 3306
"C:/Users/d.seerig/AppData/Local/UnrealEngine/Common/DerivedDataCache/Buckets/GlobalShaderMap/f9/c3/4b90ddf16dbaeacf40eaf66a17b584453af5.udd" 3307
"C:/Users/d.seerig/AppData/Local/UnrealEngine/Common/DerivedDataCache/Buckets/GlobalShaderMap/80/c6/2179656572e80b5c971f2998f85c313f1259.udd" 3308
"C:/Users/d.seerig/AppData/Local/UnrealEngine/Common/DerivedDataCache/Buckets/GlobalShaderMap/fc/f6/b6bcc47f17433ae52e8e7bd98e646d8c8eb7.udd" 3309
"C:/Users/d.seerig/AppData/Local/UnrealEngine/Common/DerivedDataCache/Buckets/GlobalShaderMap/bf/c3/c65863aa5eb8401c42f1753c387929c58552.udd" 3310
"C:/Users/d.seerig/AppData/Local/UnrealEngine/Common/DerivedDataCache/Buckets/GlobalShaderMap/e2/f2/b953a37cfeacb5d0dba492024d7d58ef37fe.udd" 3311
"C:/Users/d.seerig/AppData/Local/UnrealEngine/Common/DerivedDataCache/Buckets/GlobalShaderMap/db/50/00129976155beebd400eaa2b0e563cca8ac9.udd" 3312
"C:/Users/d.seerig/AppData/Local/UnrealEngine/Common/DerivedDataCache/Buckets/GlobalShaderMap/58/1c/87f7f8d1ac86a53cf9a685f502a5df158eaa.udd" 3313
"C:/Users/d.seerig/AppData/Local/UnrealEngine/Common/DerivedDataCache/Buckets/GlobalShaderMap/32/6e/84613d3bcb0e56268c12935909778b3f4e9c.udd" 3314
"C:/Users/d.seerig/AppData/Local/UnrealEngine/Common/DerivedDataCache/Buckets/GlobalShaderMap/6f/e8/6fa7945402eb7a3b3cc2233eeb1b1acd954a.udd" 3315
"C:/Users/d.seerig/AppData/Local/UnrealEngine/Common/DerivedDataCache/Buckets/GlobalShaderMap/a4/c0/f4404d0afe681927806e29cd9094d35e717c.udd" 3316
"C:/Users/d.seerig/AppData/Local/UnrealEngine/Common/DerivedDataCache/Buckets/GlobalShaderMap/50/47/2c2109a180d6b74396932978c01de001ee7b.udd" 3317
"C:/Users/d.seerig/AppData/Local/UnrealEngine/Common/DerivedDataCache/Buckets/GlobalShaderMap/a5/48/be0eef16b177882bee3cc1b9941d904e132a.udd" 3318
"C:/Users/d.seerig/AppData/Local/UnrealEngine/Common/DerivedDataCache/Buckets/GlobalShaderMap/89/c3/51dd4b8861e7d225de7f730f3c2c348d10ea.udd" 3319
"C:/Users/d.seerig/AppData/Local/UnrealEngine/Common/DerivedDataCache/Buckets/GlobalShaderMap/e9/f6/8222f9fa98b6949040b13cb77ca7430f37a6.udd" 3320
"C:/Users/d.seerig/AppData/Local/UnrealEngine/Common/DerivedDataCache/Buckets/GlobalShaderMap/78/be/c18384bb96e2b75b0a6617591070231bc06f.udd" 3321
"C:/Users/d.seerig/AppData/Local/UnrealEngine/Common/DerivedDataCache/Buckets/GlobalShaderMap/68/44/1d331bff0878677e03746e02d4d21191d16a.udd" 3322
"C:/Users/d.seerig/AppData/Local/UnrealEngine/Common/DerivedDataCache/Buckets/GlobalShaderMap/e3/b1/7b0bb9173348ab4a46837fba8e947be516c4.udd" 3323
"C:/Users/d.seerig/AppData/Local/UnrealEngine/Common/DerivedDataCache/Buckets/GlobalShaderMap/43/f9/e3b3d6711ae2f520c803b786b03103214190.udd" 3324
"C:/Users/d.seerig/AppData/Local/UnrealEngine/Common/DerivedDataCache/Buckets/GlobalShaderMap/90/e6/86e7a8c1cc71fc00db728bc862b286325256.udd" 3325
"C:/Users/d.seerig/AppData/Local/UnrealEngine/Common/DerivedDataCache/Buckets/GlobalShaderMap/6a/55/2a810dd899e92d8b6742430b52039daa1921.udd" 3326
"C:/Users/d.seerig/AppData/Local/UnrealEngine/Common/DerivedDataCache/Buckets/GlobalShaderMap/07/8f/a5594410d9e8cc809eedcf741965ca277e75.udd" 3327
"C:/Users/d.seerig/AppData/Local/UnrealEngine/Common/DerivedDataCache/Buckets/GlobalShaderMap/e5/78/8bdd769f329fae95ce54038a728559fe22c2.udd" 3328
"C:/Users/d.seerig/AppData/Local/UnrealEngine/Common/DerivedDataCache/Buckets/GlobalShaderMap/f8/be/098e92271335d3f8c91aacaadb8f50ce71a1.udd" 3329
"C:/Users/d.seerig/AppData/Local/UnrealEngine/Common/DerivedDataCache/Buckets/GlobalShaderMap/13/ee/7f08887e1bfe89aecc79d509191d07ec2850.udd" 3330
"C:/Users/d.seerig/AppData/Local/UnrealEngine/Common/DerivedDataCache/Buckets/GlobalShaderMap/1e/01/1ac692134d4b9840cdf3031f87fa3138bbd8.udd" 3331
"C:/Users/d.seerig/AppData/Local/UnrealEngine/Common/DerivedDataCache/Buckets/GlobalShaderMap/d4/32/dc4d73cb447f77d30beb4034357fb6728d65.udd" 3332
"C:/Users/d.seerig/AppData/Local/UnrealEngine/Common/DerivedDataCache/Buckets/GlobalShaderMap/92/45/c2f0cf497cda75890da63b1140a25e9d7b2d.udd" 3333
"C:/Users/d.seerig/AppData/Local/UnrealEngine/Common/DerivedDataCache/Buckets/GlobalShaderMap/9a/86/59287d77c67c6c436288fb281f44eac63c37.udd" 3334
"C:/Users/d.seerig/AppData/Local/UnrealEngine/Common/DerivedDataCache/Buckets/GlobalShaderMap/43/fb/5097e7c74eebf2f60012663a21acecb289f5.udd" 3335
"C:/Users/d.seerig/AppData/Local/UnrealEngine/Common/DerivedDataCache/Buckets/GlobalShaderMap/74/93/c9f8421bb3ddc123c1ced64efe718f8a5030.udd" 3336
"C:/Users/d.seerig/AppData/Local/UnrealEngine/Common/DerivedDataCache/Buckets/GlobalShaderMap/66/c9/d16ed66af9c107068f128e0367744af24922.udd" 3337
"C:/Users/d.seerig/AppData/Local/UnrealEngine/Common/DerivedDataCache/Buckets/GlobalShaderMap/58/9a/8bc793f639ddcdfc40e269c3be1c06cc6511.udd" 3338
"C:/Users/d.seerig/AppData/Local/UnrealEngine/Common/DerivedDataCache/Buckets/GlobalShaderMap/f6/07/5ef07b9adfae8d9e831800acc3989fba3e78.udd" 3339
"C:/Users/d.seerig/AppData/Local/UnrealEngine/Common/DerivedDataCache/Buckets/GlobalShaderMap/8c/7b/d1f54d7b09fe94b3f624c0befd420245032c.udd" 3340
"C:/Users/d.seerig/AppData/Local/UnrealEngine/Common/DerivedDataCache/Buckets/GlobalShaderMap/af/b2/055f8e2005b9b2b88d5abf097799f626c899.udd" 3341
"C:/Users/d.seerig/AppData/Local/UnrealEngine/Common/DerivedDataCache/Buckets/GlobalShaderMap/6d/64/4588cf0732e7eb11f1ef68f8883c20d98840.udd" 3342
"C:/Users/d.seerig/AppData/Local/UnrealEngine/Common/DerivedDataCache/Buckets/GlobalShaderMap/d1/38/23999342da020592178003b56a49801ce9b0.udd" 3343
"C:/Users/d.seerig/AppData/Local/UnrealEngine/Common/DerivedDataCache/Buckets/GlobalShaderMap/1a/cd/8849a60ce16fa521ac145cafa773828c4b2b.udd" 3344
"C:/Users/d.seerig/AppData/Local/UnrealEngine/Common/DerivedDataCache/Buckets/GlobalShaderMap/af/3f/12f5f1d9214b8a943117ddd1be3bf19a5492.udd" 3345
"C:/Users/d.seerig/AppData/Local/UnrealEngine/Common/DerivedDataCache/Buckets/GlobalShaderMap/c9/8d/3edd2c79f3a75adf98f6438cc7d6e4cfb028.udd" 3346
"C:/Users/d.seerig/AppData/Local/UnrealEngine/Common/DerivedDataCache/Buckets/GlobalShaderMap/b6/b9/f65d829475ddde8fe4d8cecbb84d3c737f6a.udd" 3347
"C:/Users/d.seerig/AppData/Local/UnrealEngine/Common/DerivedDataCache/Buckets/GlobalShaderMap/be/ec/e972ecf8ab055eb1c69d3d8df2b24a0f8f2e.udd" 3348
"C:/Users/d.seerig/AppData/Local/UnrealEngine/Common/DerivedDataCache/Buckets/GlobalShaderMap/61/de/2a51365600c74c0ba2dcae5776e2f51ee603.udd" 3349
"C:/Users/d.seerig/AppData/Local/UnrealEngine/Common/DerivedDataCache/Buckets/GlobalShaderMap/e1/73/f8aacd302dfc2b80e70fe5ee7d3ae328b935.udd" 3350
"C:/Users/d.seerig/AppData/Local/UnrealEngine/Common/DerivedDataCache/Buckets/GlobalShaderMap/6e/97/4b9354626824a3803ff5e0c17fec19757036.udd" 3351
"C:/Users/d.seerig/AppData/Local/UnrealEngine/Common/DerivedDataCache/Buckets/GlobalShaderMap/34/7f/598a4c1e5d130564b3cf3d2ff2ba31f0144c.udd" 3352
"C:/Users/d.seerig/AppData/Local/UnrealEngine/Common/DerivedDataCache/Buckets/GlobalShaderMap/44/50/a54f19fb3233e9ec4f1483ea9cf428bed2d3.udd" 3353
"C:/Users/d.seerig/AppData/Local/UnrealEngine/Common/DerivedDataCache/Buckets/GlobalShaderMap/f6/ff/fc961dc4931a07f338b10fb3572bff6c595d.udd" 3354
"C:/Users/d.seerig/AppData/Local/UnrealEngine/Common/DerivedDataCache/Buckets/GlobalShaderMap/70/d3/4361947e8570e79037fbceac03445633a15f.udd" 3355
"C:/Users/d.seerig/AppData/Local/UnrealEngine/Common/DerivedDataCache/Buckets/GlobalShaderMap/15/cd/46c7b446479f0b392f76fdb7d02bccf7621b.udd" 3356
"C:/Users/d.seerig/AppData/Local/UnrealEngine/Common/DerivedDataCache/Buckets/GlobalShaderMap/d3/d9/9048ed026e29614f92e6c56a51e5fac269c6.udd" 3357
"C:/Users/d.seerig/AppData/Local/UnrealEngine/Common/DerivedDataCache/Buckets/GlobalShaderMap/68/0b/5c540bbbb5212a30fee88fb2b3954d251df2.udd" 3358
"C:/Users/d.seerig/AppData/Local/UnrealEngine/Common/DerivedDataCache/Buckets/GlobalShaderMap/a0/28/118d36dec6310c68feba62cfa7e1d3d75333.udd" 3359
"C:/Users/d.seerig/AppData/Local/UnrealEngine/Common/DerivedDataCache/Buckets/GlobalShaderMap/34/54/074c9481e435694c4389c9837a85fa6d5a1b.udd" 3360
"C:/Users/d.seerig/AppData/Local/UnrealEngine/Common/DerivedDataCache/Buckets/GlobalShaderMap/ef/a0/d3a2d79e6c0ba0d79f4df19eb491f955d7e0.udd" 3361
"C:/Users/d.seerig/AppData/Local/UnrealEngine/Common/DerivedDataCache/Buckets/GlobalShaderMap/a3/0e/2ca719a6ad46d2f9869521afe2674916b81c.udd" 3362
"C:/Users/d.seerig/AppData/Local/UnrealEngine/Common/DerivedDataCache/Buckets/GlobalShaderMap/9c/d3/dc9ad68441ff2b6cc380c7b6b3d864591740.udd" 3363
"C:/Users/d.seerig/AppData/Local/UnrealEngine/Common/DerivedDataCache/Buckets/GlobalShaderMap/3c/7f/61818b3b2cd61268954df1152da005d6f36c.udd" 3364
"C:/Users/d.seerig/AppData/Local/UnrealEngine/Common/DerivedDataCache/Buckets/GlobalShaderMap/52/96/1ab4e8216dee0bfed969719b12a0a9bfec9f.udd" 3365
"C:/Users/d.seerig/AppData/Local/UnrealEngine/Common/DerivedDataCache/Buckets/GlobalShaderMap/80/7f/2aa0f8513c5801bb3a9e4ce9b2789e698ea1.udd" 3366
"C:/Users/d.seerig/AppData/Local/UnrealEngine/Common/DerivedDataCache/Buckets/GlobalShaderMap/3a/82/1a65cdff437df03bf3362e54db1c76b382d4.udd" 3367
"C:/Users/d.seerig/AppData/Local/UnrealEngine/Common/DerivedDataCache/Buckets/GlobalShaderMap/1d/3f/64aa6f5b1920b79f0eb1b914d5a1f42a767c.udd" 3368
"C:/Users/d.seerig/AppData/Local/UnrealEngine/Common/DerivedDataCache/Buckets/GlobalShaderMap/1a/56/0045cadf86e94de46c4a3507b5f046b44493.udd" 3369
"C:/Users/d.seerig/AppData/Local/UnrealEngine/Common/DerivedDataCache/Buckets/GlobalShaderMap/36/a1/4df72157deeb67734deba21338aca237cf70.udd" 3370
"C:/Users/d.seerig/AppData/Local/UnrealEngine/Common/DerivedDataCache/Buckets/GlobalShaderMap/2d/39/aa285721f899cf1e42786f4b9bb274196284.udd" 3371
"C:/Users/d.seerig/AppData/Local/UnrealEngine/Common/DerivedDataCache/Buckets/GlobalShaderMap/01/fb/a11b37d1d52fa70a516239100b7a387a3607.udd" 3372
"C:/Users/d.seerig/AppData/Local/UnrealEngine/Common/DerivedDataCache/Buckets/GlobalShaderMap/ff/9c/f1b19f98e63d12305f86820803e7ad9b5f2c.udd" 3373
"C:/Users/d.seerig/AppData/Local/UnrealEngine/Common/DerivedDataCache/Buckets/GlobalShaderMap/8c/b9/f24ef2201fe1c946cc85ae9b6749479656ac.udd" 3374
"C:/Users/d.seerig/AppData/Local/UnrealEngine/Common/DerivedDataCache/Buckets/GlobalShaderMap/d0/4d/e558de4390bd12e848911f3045fb5fae51be.udd" 3375
"C:/Users/d.seerig/AppData/Local/UnrealEngine/Common/DerivedDataCache/Buckets/GlobalShaderMap/9b/14/a972d5030da314958d45f3e35f9daa58e55c.udd" 3376
"C:/Users/d.seerig/AppData/Local/UnrealEngine/Common/DerivedDataCache/Buckets/GlobalShaderMap/fa/11/6d68172c8faee85f879fc15bd1f0f43fe471.udd" 3377
"C:/Users/d.seerig/AppData/Local/UnrealEngine/Common/DerivedDataCache/Buckets/GlobalShaderMap/e5/6f/59e1b0311a97b46f05fd284f30a2cec21375.udd" 3378
"C:/Users/d.seerig/AppData/Local/UnrealEngine/Common/DerivedDataCache/Buckets/GlobalShaderMap/3d/3b/b57d4acc28221053a3c2114bf01068ad84ec.udd" 3379
"C:/Users/d.seerig/AppData/Local/UnrealEngine/Common/DerivedDataCache/Buckets/GlobalShaderMap/14/b8/939bdbf0cb95121259323688760d8937409d.udd" 3380
"C:/Users/d.seerig/AppData/Local/UnrealEngine/Common/DerivedDataCache/Buckets/GlobalShaderMap/46/31/763fd037a2827081f21f260c30b1b4c6db48.udd" 3381
"C:/Users/d.seerig/AppData/Local/UnrealEngine/Common/DerivedDataCache/Buckets/GlobalShaderMap/dc/72/3d0044e9720a03da74b1c450a725f54e8ceb.udd" 3382
"C:/Users/d.seerig/AppData/Local/UnrealEngine/Common/DerivedDataCache/Buckets/GlobalShaderMap/f0/c9/c7a2a86604754d47e3d115eff3bb2627394f.udd" 3383
"C:/Users/d.seerig/AppData/Local/UnrealEngine/Common/DerivedDataCache/Buckets/GlobalShaderMap/f1/c1/80e3deef6e9519a65f091a9537442945a2ce.udd" 3384
"C:/Users/d.seerig/AppData/Local/UnrealEngine/Common/DerivedDataCache/Buckets/GlobalShaderMap/51/88/fbe2956b8d0a16038dd350ebe8251139e834.udd" 3385
"C:/Users/d.seerig/AppData/Local/UnrealEngine/Common/DerivedDataCache/Buckets/GlobalShaderMap/60/e9/1297f53fc9d90d9aeeaff9e7b7a5c53a0baa.udd" 3386
"C:/Users/d.seerig/AppData/Local/UnrealEngine/Common/DerivedDataCache/Buckets/GlobalShaderMap/64/cd/8390638ed60aebcc6e15a8c8b6bede617ed2.udd" 3387
"C:/Users/d.seerig/AppData/Local/UnrealEngine/Common/DerivedDataCache/Buckets/GlobalShaderMap/1c/3a/45a612b7f14892493a53661cc209dd698c6f.udd" 3388
"C:/Users/d.seerig/AppData/Local/UnrealEngine/Common/DerivedDataCache/Buckets/GlobalShaderMap/5b/68/4f446ec662d3c11d276eedf7ee699406b387.udd" 3389
"C:/Users/d.seerig/AppData/Local/UnrealEngine/Common/DerivedDataCache/Buckets/GlobalShaderMap/de/94/6743a8c6ee3ea565cb52fa1de4421ca01787.udd" 3390
"C:/Users/d.seerig/AppData/Local/UnrealEngine/Common/DerivedDataCache/Buckets/GlobalShaderMap/ce/d3/314da4b1925b0be32d8c2f4dcc715b7ca0c2.udd" 3391
"C:/Users/d.seerig/AppData/Local/UnrealEngine/Common/DerivedDataCache/Buckets/GlobalShaderMap/c9/17/b5f7c4c768f249889ddb695c42f3d4f80d35.udd" 3392
"C:/Users/d.seerig/AppData/Local/UnrealEngine/Common/DerivedDataCache/Buckets/GlobalShaderMap/63/8d/5ad5c419af34ac50d86ae30c8cdc2f00e192.udd" 3393
"C:/Users/d.seerig/AppData/Local/UnrealEngine/Common/DerivedDataCache/Buckets/GlobalShaderMap/de/cf/741057a95d54616f7344f0c3f7a63bcae27f.udd" 3394
"C:/Users/d.seerig/AppData/Local/UnrealEngine/Common/DerivedDataCache/Buckets/GlobalShaderMap/c2/1f/d016804113a9d3aec173421035d7e0f5d15f.udd" 3395
"C:/Users/d.seerig/AppData/Local/UnrealEngine/Common/DerivedDataCache/Buckets/GlobalShaderMap/1c/6d/dc04e8429dcf56b16422dcc51eaa5577d2b9.udd" 3396
"C:/Users/d.seerig/AppData/Local/UnrealEngine/Common/DerivedDataCache/Buckets/GlobalShaderMap/a9/b1/ddc867145f437f7a9eeca01578ba461b066e.udd" 3397
"C:/Users/d.seerig/AppData/Local/UnrealEngine/Common/DerivedDataCache/Buckets/GlobalShaderMap/b5/e3/2400c964ff57f662adb02b98010368625072.udd" 3398
"C:/Users/d.seerig/AppData/Local/UnrealEngine/Common/DerivedDataCache/Buckets/GlobalShaderMap/eb/81/1cacbc479f46d226d484e236f1a1ee5a7d49.udd" 3399
"C:/Users/d.seerig/AppData/Local/UnrealEngine/Common/DerivedDataCache/Buckets/GlobalShaderMap/da/a9/830999db26895ac73e403aa852bb16c6c093.udd" 3400
"C:/Users/d.seerig/AppData/Local/UnrealEngine/Common/DerivedDataCache/Buckets/GlobalShaderMap/a4/a0/ceac01fbf8e59f22291a0b2c0d8cfbaaf665.udd" 3401
"C:/Users/d.seerig/AppData/Local/UnrealEngine/Common/DerivedDataCache/Buckets/GlobalShaderMap/c3/97/b67efb950b01877b363194cd26e9b641285b.udd" 3402
"C:/Users/d.seerig/AppData/Local/UnrealEngine/Common/DerivedDataCache/Buckets/GlobalShaderMap/d5/7c/e4b7e90917c58c2e8533d941915a19e8ae21.udd" 3403
"C:/Users/d.seerig/AppData/Local/UnrealEngine/Common/DerivedDataCache/Buckets/GlobalShaderMap/7f/d9/a7e25635fd780a6c8420a353f4d3aaa47813.udd" 3404
"C:/Users/d.seerig/AppData/Local/UnrealEngine/Common/DerivedDataCache/Buckets/GlobalShaderMap/2f/68/e737e2c867dc91aeb2a20fc471a258b591ee.udd" 3405
"C:/Users/d.seerig/AppData/Local/UnrealEngine/Common/DerivedDataCache/Buckets/GlobalShaderMap/98/e8/3021294477c6926a40e3d8aed7812867c0c3.udd" 3406
"C:/Users/d.seerig/AppData/Local/UnrealEngine/Common/DerivedDataCache/Buckets/GlobalShaderMap/93/ef/a5295ca6b8c5796e3a6bf6fc33ea7e30f799.udd" 3407
"C:/Users/d.seerig/AppData/Local/UnrealEngine/Common/DerivedDataCache/Buckets/GlobalShaderMap/92/35/3cf21ce0ed3c16cd97b29a13a75514863253.udd" 3408
"C:/Users/d.seerig/AppData/Local/UnrealEngine/Common/DerivedDataCache/Buckets/GlobalShaderMap/93/01/883d910a62066056f54cbf784657d228b103.udd" 3409
"C:/Users/d.seerig/AppData/Local/UnrealEngine/Common/DerivedDataCache/Buckets/GlobalShaderMap/61/5d/a7b4044464c59700e4d1a54bcc022ff0a6c0.udd" 3410
"C:/Users/d.seerig/AppData/Local/UnrealEngine/Common/DerivedDataCache/Buckets/GlobalShaderMap/db/82/aa740f877797dc06f74fbe6ec4f121ac3d11.udd" 3411
"C:/Users/d.seerig/AppData/Local/UnrealEngine/Common/DerivedDataCache/Buckets/GlobalShaderMap/5f/3f/09f7aa2f96f8080d6f77323e765c8b7918c1.udd" 3412
"C:/Users/d.seerig/AppData/Local/UnrealEngine/Common/DerivedDataCache/Buckets/GlobalShaderMap/d0/d1/b74a9188ffbc7017496ee3a7edeee58e7e49.udd" 3413
"C:/Users/d.seerig/AppData/Local/UnrealEngine/Common/DerivedDataCache/Buckets/GlobalShaderMap/eb/7e/21bba047463fad3be5efad82e079244b26a9.udd" 3414
"C:/Users/d.seerig/AppData/Local/UnrealEngine/Common/DerivedDataCache/Buckets/GlobalShaderMap/ff/63/bb3c7c93ea47d63b67e99d3b56eded728e0c.udd" 3415
"C:/Users/d.seerig/AppData/Local/UnrealEngine/Common/DerivedDataCache/Buckets/GlobalShaderMap/f3/38/41ea6f7e0713c5974bd1f2ddab129d036ea3.udd" 3416
"C:/Users/d.seerig/AppData/Local/UnrealEngine/Common/DerivedDataCache/Buckets/GlobalShaderMap/af/31/3209c69cc9be6641ff4aba49fc8a145ac3b2.udd" 3417
"C:/Users/d.seerig/AppData/Local/UnrealEngine/Common/DerivedDataCache/Buckets/GlobalShaderMap/68/db/5e396c2607b4bb6e8c626828eb0dbb291898.udd" 3418
"C:/Users/d.seerig/AppData/Local/UnrealEngine/Common/DerivedDataCache/Buckets/GlobalShaderMap/79/2f/ef8f5e267348c809b8844bcb089b9a15ffc9.udd" 3419
"C:/Users/d.seerig/AppData/Local/UnrealEngine/Common/DerivedDataCache/Buckets/GlobalShaderMap/c3/cb/938abc5a2cf448960a923f53506abf9f2162.udd" 3420
"C:/Users/d.seerig/AppData/Local/UnrealEngine/Common/DerivedDataCache/Buckets/GlobalShaderMap/1e/1e/b55dac085949bcf31abd0357c5d034ad30f4.udd" 3421
"C:/Users/d.seerig/AppData/Local/UnrealEngine/Common/DerivedDataCache/Buckets/GlobalShaderMap/24/97/0b708372bafa2261007ad3ea6f82615e7f0c.udd" 3422
"C:/Users/d.seerig/AppData/Local/UnrealEngine/Common/DerivedDataCache/Buckets/GlobalShaderMap/f9/50/eff835cc8ed78e378616ecf920a03c7932cd.udd" 3423
"C:/Users/d.seerig/AppData/Local/UnrealEngine/Common/DerivedDataCache/Buckets/GlobalShaderMap/63/4e/3cfb7f7c669e3a6456e0dc163d45588b5114.udd" 3424
"C:/Users/d.seerig/AppData/Local/UnrealEngine/Common/DerivedDataCache/Buckets/GlobalShaderMap/ad/ff/5e602e094e6717e0b5aa9dbaf3648e801b67.udd" 3425
"C:/Users/d.seerig/AppData/Local/UnrealEngine/Common/DerivedDataCache/Buckets/GlobalShaderMap/f7/2d/b4bd385073e076b0b983608adb7aa647c851.udd" 3426
"C:/Users/d.seerig/AppData/Local/UnrealEngine/Common/DerivedDataCache/Buckets/GlobalShaderMap/f5/a8/d4a8c3dec5a0ce95a47998fbb3861aa0b2a0.udd" 3427
"C:/Users/d.seerig/AppData/Local/UnrealEngine/Common/DerivedDataCache/Buckets/GlobalShaderMap/05/36/cb8aa1644a19de94911ffadfae2cd2a1dc56.udd" 3428
"C:/Users/d.seerig/AppData/Local/UnrealEngine/Common/DerivedDataCache/Buckets/GlobalShaderMap/bb/70/3d8411ba5442f79d12befb111c58c5f4054d.udd" 3429
"C:/Users/d.seerig/AppData/Local/UnrealEngine/Common/DerivedDataCache/Buckets/GlobalShaderMap/d2/a2/54147433ae822b3583b35d2162f80a224fc9.udd" 3430
"C:/Users/d.seerig/AppData/Local/UnrealEngine/Common/DerivedDataCache/Buckets/GlobalShaderMap/03/f2/9fac7d0ee7c241ec111deb26e45d6b167466.udd" 3431
"C:/Users/d.seerig/AppData/Local/UnrealEngine/Common/DerivedDataCache/Buckets/GlobalShaderMap/6c/e5/b6c4f9f0bb245b85b5498830068206a8630d.udd" 3432
"C:/Users/d.seerig/AppData/Local/UnrealEngine/Common/DerivedDataCache/Buckets/GlobalShaderMap/80/fe/ced00644c8f9a757198ee0e8cc53c95ae266.udd" 3433
"C:/Users/d.seerig/AppData/Local/UnrealEngine/Common/DerivedDataCache/Buckets/GlobalShaderMap/af/7d/46cb2c9fe3824e137b0fc75adb160bb9b443.udd" 3434
"C:/Users/d.seerig/AppData/Local/UnrealEngine/Common/DerivedDataCache/Buckets/GlobalShaderMap/82/50/c61e6767d97c3bb1f6e4df5805e1e6e6248e.udd" 3435
"C:/Users/d.seerig/AppData/Local/UnrealEngine/Common/DerivedDataCache/Buckets/GlobalShaderMap/e6/2f/cc9df3c9dbf24181cf3ee04f0a3aa3c95820.udd" 3436
"C:/Users/d.seerig/AppData/Local/UnrealEngine/Common/DerivedDataCache/Buckets/GlobalShaderMap/5c/10/25eac0aa9cdf99ec43be173dd4831536f81a.udd" 3437
"C:/Users/d.seerig/AppData/Local/UnrealEngine/Common/DerivedDataCache/Buckets/GlobalShaderMap/a3/1d/7bbe57d308f40b004087ae8a7aee618bf15f.udd" 3438
"C:/Users/d.seerig/AppData/Local/UnrealEngine/Common/DerivedDataCache/Buckets/GlobalShaderMap/af/c2/e66c2e9d4360c0812b5be440ec6657a8bf22.udd" 3439
"C:/Users/d.seerig/AppData/Local/UnrealEngine/Common/DerivedDataCache/Buckets/GlobalShaderMap/cb/ce/c440c1e91923a01db5094684e0aa6ccb9416.udd" 3440
"C:/Users/d.seerig/AppData/Local/UnrealEngine/Common/DerivedDataCache/Buckets/GlobalShaderMap/30/40/1236063abb0946dc5b9e63e8594dff51554a.udd" 3441
"C:/Users/d.seerig/AppData/Local/UnrealEngine/Common/DerivedDataCache/Buckets/GlobalShaderMap/4d/40/0f1725fc5a18983e2d39cb0cd15b62728bbc.udd" 3442
"C:/Users/d.seerig/AppData/Local/UnrealEngine/Common/DerivedDataCache/Buckets/GlobalShaderMap/7b/cd/fb2eceb3436f5785ea95d8dafc863189af5d.udd" 3443
"C:/Users/d.seerig/AppData/Local/UnrealEngine/Common/DerivedDataCache/Buckets/GlobalShaderMap/54/7a/1ee5ef806daf1027f41f1be4a319650857a3.udd" 3444
"C:/Users/d.seerig/AppData/Local/UnrealEngine/Common/DerivedDataCache/Buckets/GlobalShaderMap/96/3e/0deaaff524f4753bb516138cdf41af6d51dc.udd" 3445
"C:/Users/d.seerig/AppData/Local/UnrealEngine/Common/DerivedDataCache/Buckets/GlobalShaderMap/52/31/e76b953a80137a00a726ebfa5c385e6e7557.udd" 3446
"C:/Users/d.seerig/AppData/Local/UnrealEngine/Common/DerivedDataCache/Buckets/GlobalShaderMap/d1/be/d232a7b64afc23f7dc60e97df9661856a3f9.udd" 3447
"C:/Users/d.seerig/AppData/Local/UnrealEngine/Common/DerivedDataCache/Buckets/GlobalShaderMap/91/0a/a221d401c91c5778c97dfc4addacc9f93335.udd" 3448
"C:/Users/d.seerig/AppData/Local/UnrealEngine/Common/DerivedDataCache/Buckets/GlobalShaderMap/c5/1d/79bb657c3dc628a5a6d77425c51387b7dc60.udd" 3449
"C:/Users/d.seerig/AppData/Local/UnrealEngine/Common/DerivedDataCache/Buckets/GlobalShaderMap/60/1d/415021fd068fb533ccebbc122ed1b4075974.udd" 3450
"C:/Users/d.seerig/AppData/Local/UnrealEngine/Common/DerivedDataCache/Buckets/GlobalShaderMap/80/ea/7d26d950d707ac50df29f9e83a0f485cfbe1.udd" 3451
"C:/Users/d.seerig/AppData/Local/UnrealEngine/Common/DerivedDataCache/Buckets/GlobalShaderMap/97/78/e45f7be5ccd52e0551d09afda9da800da761.udd" 3452
"../../../Engine/Plugins/Animation/ControlRig/Content/Controls/ControlRigGizmoMaterial.uasset" 3453
"../../../Engine/Content/EngineSounds/Master.uasset" 3454
"../../../Engine/Plugins/Interchange/Runtime/Content/Pipelines/DefaultTexturePipeline.uasset" 3455
"../../../Engine/Plugins/Interchange/Runtime/Content/Pipelines/DefaultAssetsPipeline.uasset" 3456
"../../../Engine/Content/EngineMaterials/STBlueNoise_vec2_128x128x64.uasset" 3457
"../../../Engine/Plugins/Interchange/Runtime/Content/Pipelines/DefaultMaterialPipeline.uasset" 3458
"../../../Engine/Content/EngineMaterials/STBlueNoise_scalar_128x128x64.uasset" 3459
"D:/Progetti/PurgatorySeaServer/Unreal Engine/PurgatorySea/Content/Models/Ships/uss-jack-h-lucas-ddg-125/textures/mk_45_mod_4_base_d_jpg_jpg.uasset" 3460
"../../../Engine/Content/EngineDebugMaterials/DebugEditorMaterial.uasset" 3461
"D:/Progetti/PurgatorySeaServer/Unreal Engine/PurgatorySea/Content/Models/Ships/uss-jack-h-lucas-ddg-125/textures/phalanx_base_d_jpg_jpg.uasset" 3462
"D:/Progetti/PurgatorySeaServer/Unreal Engine/PurgatorySea/Content/Models/Ships/uss-jack-h-lucas-ddg-125/textures/SH6AL_8153810648107067296.uasset" 3463
"D:/Progetti/PurgatorySeaServer/Unreal Engine/PurgatorySea/Content/Models/Ships/uss-jack-h-lucas-ddg-125/textures/SH6L1_2_tga_11899704555594244116.uasset" 3464
"../../../Engine/Plugins/Interchange/Runtime/Content/Pipelines/DefaultSceneLevelPipeline.uasset" 3465
"D:/Progetti/PurgatorySeaServer/Unreal Engine/PurgatorySea/Content/Models/Ships/uss-jack-h-lucas-ddg-125/textures/mk_32_base_d_jpg_jpg.uasset" 3466
"../../../Engine/Plugins/Interchange/Runtime/Content/Pipelines/DefaultSceneAssetsPipeline.uasset" 3467
"D:/Progetti/PurgatorySeaServer/Unreal Engine/PurgatorySea/Content/Models/Ships/uss-jack-h-lucas-ddg-125/textures/arleigh_burke_detail_base_d_jpg_jpg.uasset" 3468
"../../../Engine/Content/EngineResources/FilmGrains/Marcie_Grain_v3_128_M2_000.uasset" 3469
"D:/Progetti/PurgatorySeaServer/Unreal Engine/PurgatorySea/Content/Models/Ships/uss-jack-h-lucas-ddg-125/textures/JackHLucas.uasset" 3470
"D:/Progetti/PurgatorySeaServer/Unreal Engine/PurgatorySea/Content/Models/Ships/uss-jack-h-lucas-ddg-125/textures/mk_38_base_d_jpg_jpg.uasset" 3471
"../../../Engine/Content/EditorResources/BSPVertex.uasset" 3472
"D:/Progetti/PurgatorySeaServer/Unreal Engine/PurgatorySea/Content/Models/Ships/uss-jack-h-lucas-ddg-125/textures/SH6L2_2_tga_15853527909305393568.uasset" 3473
"../../../Engine/Content/EngineMaterials/DefaultBloomKernel.uasset" 3474
"D:/Progetti/PurgatorySeaServer/Unreal Engine/PurgatorySea/Content/Models/Ships/uss-jack-h-lucas-ddg-125/textures/4295932633228651_UH60_texture_d_jpg_jpg.uasset" 3475
"D:/Progetti/PurgatorySeaServer/Unreal Engine/PurgatorySea/Content/Models/Ships/uss-jack-h-lucas-ddg-125/source/Jack_H__Lucas/Jack_H/TEX_SH6L2_2_tga_15853527909305393568.uasset" 3476
"D:/Progetti/PurgatorySeaServer/Unreal Engine/PurgatorySea/Content/Models/Ships/uss-jack-h-lucas-ddg-125/textures/4295932633228651_UH60_blade_d_jpg_jpg.uasset" 3477
"D:/Progetti/PurgatorySeaServer/Unreal Engine/PurgatorySea/Content/Models/Ships/uss-jack-h-lucas-ddg-125/source/Jack_H__Lucas/Jack_H/TEX_SH6AL_8153810648107067296.uasset" 3478
"D:/Progetti/PurgatorySeaServer/Unreal Engine/PurgatorySea/Content/Models/Ships/uss-jack-h-lucas-ddg-125/source/Jack_H__Lucas/Jack_H/TEX_SH6L1_2_tga_11899704555594244116.uasset" 3479
"D:/Progetti/PurgatorySeaServer/Unreal Engine/PurgatorySea/Content/Models/Ships/uss-jack-h-lucas-ddg-125/source/Jack_H__Lucas/Jack_H/TEX_JackHLucas.uasset" 3480
"D:/Progetti/PurgatorySeaServer/Unreal Engine/PurgatorySea/Content/Models/Ships/uss-jack-h-lucas-ddg-125/source/Jack_H__Lucas/Jack_H/TEX_mk_38_base_d_jpg_jpg.uasset" 3481
"D:/Progetti/PurgatorySeaServer/Unreal Engine/PurgatorySea/Content/Models/Ships/uss-jack-h-lucas-ddg-125/source/Jack_H__Lucas/Jack_H/TEX_phalanx_base_d_jpg_jpg.uasset" 3482
"D:/Progetti/PurgatorySeaServer/Unreal Engine/PurgatorySea/Content/Models/Ships/uss-jack-h-lucas-ddg-125/source/Jack_H__Lucas/Jack_H/TEX_mk_45_mod_4_base_d_jpg_jpg.uasset" 3483
"D:/Progetti/PurgatorySeaServer/Unreal Engine/PurgatorySea/Content/Models/Ships/uss-jack-h-lucas-ddg-125/source/Jack_H__Lucas/Jack_H/TEX_mk_32_base_d_jpg_jpg.uasset" 3484
"D:/Progetti/PurgatorySeaServer/Unreal Engine/PurgatorySea/Content/Models/Ships/uss-jack-h-lucas-ddg-125/source/Jack_H__Lucas/Jack_H/TEX_arleigh_burke_detail_base_d_jpg_jpg.uasset" 3485
"D:/Progetti/PurgatorySeaServer/Unreal Engine/PurgatorySea/Content/Models/Ships/uss-jack-h-lucas-ddg-125/source/Jack_H__Lucas/Jack_H/TEX_4295932633228651_UH60_texture_d_jpg_jpg.uasset" 3486
"D:/Progetti/PurgatorySeaServer/Unreal Engine/PurgatorySea/Content/Models/Ships/uss-jack-h-lucas-ddg-125/source/Jack_H__Lucas/Jack_H/TEX_4295932633228651_UH60_blade_d_jpg_jpg.uasset" 3487
"D:/Progetti/PurgatorySeaServer/Unreal Engine/PurgatorySea/Content/Models/Ships/uss-jack-h-lucas-ddg-125/source/Jack_H__Lucas/Jack_H/SH6L2_2_tga_15853527909305393568.uasset" 3488
"D:/Progetti/PurgatorySeaServer/Unreal Engine/PurgatorySea/Content/Models/Ships/uss-jack-h-lucas-ddg-125/source/Jack_H__Lucas/Jack_H/SH6L1_2_tga_11899704555594244116.uasset" 3489
"D:/Progetti/PurgatorySeaServer/Unreal Engine/PurgatorySea/Content/Models/Ships/uss-jack-h-lucas-ddg-125/source/Jack_H__Lucas/Jack_H/SH6AL_8153810648107067296.uasset" 3490
"D:/Progetti/PurgatorySeaServer/Unreal Engine/PurgatorySea/Content/Models/Ships/uss-jack-h-lucas-ddg-125/source/Jack_H__Lucas/Jack_H/phalanx_base_d_jpg_jpg.uasset" 3491
"C:/Users/d.seerig/AppData/Local/UnrealEngine/Common/DerivedDataCache/Buckets/BulkDataList/1e/20/8a65bf3c271fea8168e297ffb1f8c83a48ec.udd" 3492
"D:/Progetti/PurgatorySeaServer/Unreal Engine/PurgatorySea/Content/Models/Ships/uss-jack-h-lucas-ddg-125/source/Jack_H__Lucas/Jack_H/mk_45_mod_4_base_d_jpg_jpg.uasset" 3493
"C:/Users/d.seerig/AppData/Local/UnrealEngine/Common/DerivedDataCache/Buckets/BulkDataList/97/ca/02313864455796d3be72218456b2e2ee9e2a.udd" 3494
"D:/Progetti/PurgatorySeaServer/Unreal Engine/PurgatorySea/Content/Models/Ships/uss-jack-h-lucas-ddg-125/source/Jack_H__Lucas/Jack_H/mk_38_base_d_jpg_jpg.uasset" 3495
"D:/Progetti/PurgatorySeaServer/Unreal Engine/PurgatorySea/Content/Models/Ships/uss-jack-h-lucas-ddg-125/source/Jack_H__Lucas/Jack_H/mk_32_base_d_jpg_jpg.uasset" 3496
"C:/Users/d.seerig/AppData/Local/UnrealEngine/Common/DerivedDataCache/Buckets/BulkDataList/39/a1/5a2c2547ab246380c807b5db482fe86f4905.udd" 3497
"D:/Progetti/PurgatorySeaServer/Unreal Engine/PurgatorySea/Content/Models/Ships/uss-jack-h-lucas-ddg-125/source/Jack_H__Lucas/Jack_H/JackHLucas.uasset" 3498
"C:/Users/d.seerig/AppData/Local/UnrealEngine/Common/DerivedDataCache/Buckets/BulkDataList/a8/59/f9d4a75fb5b5d0243d088fae99c1f4cda9c6.udd" 3499
"D:/Progetti/PurgatorySeaServer/Unreal Engine/PurgatorySea/Content/Models/Ships/uss-jack-h-lucas-ddg-125/source/Jack_H__Lucas/Jack_H/arleigh_burke_detail_base_d_jpg_jpg.uasset" 3500
"C:/Users/d.seerig/AppData/Local/UnrealEngine/Common/DerivedDataCache/Buckets/BulkDataList/ab/67/567917279f1a5195b6b26d9e148a8863c01d.udd" 3501
"D:/Progetti/PurgatorySeaServer/Unreal Engine/PurgatorySea/Content/Models/Ships/uss-jack-h-lucas-ddg-125/source/Jack_H__Lucas/Jack_H/4295932633228651_UH60_texture_d_jpg_jpg.uasset" 3502
"D:/Progetti/PurgatorySeaServer/Unreal Engine/PurgatorySea/Content/Models/Ships/uss-jack-h-lucas-ddg-125/source/Jack_H__Lucas/Jack_H/4295932633228651_UH60_blade_d_jpg_jpg.uasset" 3503
"C:/Users/d.seerig/AppData/Local/UnrealEngine/Common/DerivedDataCache/Buckets/BulkDataList/1b/1a/a06c4c5e6043ce79a2d1a51a4a0e879d264b.udd" 3504
"C:/Users/d.seerig/AppData/Local/UnrealEngine/Common/DerivedDataCache/Buckets/BulkDataList/a0/5b/8ca98ee1e64e134f9c9895ac1c20378069c0.udd" 3505
"D:/Progetti/PurgatorySeaServer/Unreal Engine/PurgatorySea/Content/Models/Ships/submarine/textures/MetalFasterners0067_2_download600_SPEC.uasset" 3506
"C:/Users/d.seerig/AppData/Local/UnrealEngine/Common/DerivedDataCache/Buckets/BulkDataList/74/04/658b50b3830125f3f7564d9f44c5aa24d2cf.udd" 3507
"D:/Progetti/PurgatorySeaServer/Unreal Engine/PurgatorySea/Content/Models/Ships/submarine/textures/MetalFasterners0067_2_download600_OCC.uasset" 3508
"C:/Users/d.seerig/AppData/Local/UnrealEngine/Common/DerivedDataCache/Buckets/BulkDataList/db/b3/9ef25e7f51fd561768abd815f9fc8135f0f4.udd" 3509
"D:/Progetti/PurgatorySeaServer/Unreal Engine/PurgatorySea/Content/Models/Ships/submarine/textures/MetalFasterners0067_2_download600_NRM.uasset" 3510
"C:/Users/d.seerig/AppData/Local/UnrealEngine/Common/DerivedDataCache/Buckets/BulkDataList/c4/87/db4ca0bd27868d1ff8ab637b2664403318d7.udd" 3511
"D:/Progetti/PurgatorySeaServer/Unreal Engine/PurgatorySea/Content/Models/Ships/submarine/textures/Metal003_2K_Roughness.uasset" 3512
"C:/Users/d.seerig/AppData/Local/UnrealEngine/Common/DerivedDataCache/Buckets/BulkDataList/62/28/b0093446f6782cbf6e0453abc2927820ae00.udd" 3513
"D:/Progetti/PurgatorySeaServer/Unreal Engine/PurgatorySea/Content/Models/Ships/submarine/textures/Metal003_2K_Normal.uasset" 3514
"C:/Users/d.seerig/AppData/Local/UnrealEngine/Common/DerivedDataCache/Buckets/LegacyTEXTURE/80/2e/13e80bbeade2be4a58c60d08ebed2181e8ee.udd" 3515
"C:/Users/d.seerig/AppData/Local/UnrealEngine/Common/DerivedDataCache/Buckets/LegacyTEXTURE/03/39/f46269faa7cb929496206e51bb991b8ac7a9.udd" 3516
"C:/Users/d.seerig/AppData/Local/UnrealEngine/Common/DerivedDataCache/Buckets/LegacyTEXTURE/35/33/6c896fea27ab9b06f7c64c11d8b965dedb50.udd" 3517
"C:/Users/d.seerig/AppData/Local/UnrealEngine/Common/DerivedDataCache/Buckets/LegacyTEXTURE/58/5c/98683f2910a0181b4ba56f43810e38c60184.udd" 3518
"C:/Users/d.seerig/AppData/Local/UnrealEngine/Common/DerivedDataCache/Buckets/LegacyTEXTURE/0b/92/79fecf9c09cebaca8b820f0176ee7001a527.udd" 3519
"C:/Users/d.seerig/AppData/Local/UnrealEngine/Common/DerivedDataCache/Buckets/LegacyTEXTURE/3d/41/60d7bb8d1591132f062220b434404ccc61e3.udd" 3520
"C:/Users/d.seerig/AppData/Local/UnrealEngine/Common/DerivedDataCache/Buckets/LegacyTEXTURE/d7/6c/956b38ff31de6a94c201a82e0435284f69a8.udd" 3521
"C:/Users/d.seerig/AppData/Local/UnrealEngine/Common/DerivedDataCache/Buckets/LegacyTEXTURE/f5/8b/1eeeb34879c5f8cd50e6bd060a94c246cd40.udd" 3522
"C:/Users/d.seerig/AppData/Local/UnrealEngine/Common/DerivedDataCache/Buckets/LegacyTEXTURE/3f/87/bf69b192deda07f99e131b8e616fed77e24f.udd" 3523
"C:/Users/d.seerig/AppData/Local/UnrealEngine/Common/DerivedDataCache/Buckets/BulkDataList/35/c4/9a97e5445307d2a8f0d8130de4bbedc1b7ef.udd" 3524
"C:/Users/d.seerig/AppData/Local/UnrealEngine/Common/DerivedDataCache/Buckets/LegacyTEXTURE/8d/31/937899be45a889e6a7d1aae4908f80bddeb4.udd" 3525
"C:/Users/d.seerig/AppData/Local/UnrealEngine/Common/DerivedDataCache/Buckets/LegacyTEXTURE/a7/30/c0b9dc6008f9602a3e8b7993fb2c532d7bd3.udd" 3526
"C:/Users/d.seerig/AppData/Local/UnrealEngine/Common/DerivedDataCache/Buckets/LegacyTEXTURE/82/e4/538dfedf6e0db3963d9bb3362e8399b0d09a.udd" 3527
"C:/Users/d.seerig/AppData/Local/UnrealEngine/Common/DerivedDataCache/Buckets/LegacyTEXTURE/cb/39/41e0a68c0b88da2360d8870f312a677bb77f.udd" 3528
"C:/Users/d.seerig/AppData/Local/UnrealEngine/Common/DerivedDataCache/Buckets/LegacyTEXTURE/df/6c/bf2a52264361743d92c3e2a0486ca9f8b6d0.udd" 3529
"C:/Users/d.seerig/AppData/Local/UnrealEngine/Common/DerivedDataCache/Buckets/LegacyTEXTURE/05/d6/5c058c80529fe19c513d2c816a201abaee81.udd" 3530
"D:/Progetti/PurgatorySeaServer/Unreal Engine/PurgatorySea/Content/Models/Ships/submarine/textures/Metal003_2K_Metalness.uasset" 3531
"C:/Users/d.seerig/AppData/Local/UnrealEngine/Common/DerivedDataCache/Buckets/LegacyTEXTURE/2f/d9/d15dfd16679df28871d3e381d26c045d92df.udd" 3532
"C:/Users/d.seerig/AppData/Local/UnrealEngine/Common/DerivedDataCache/Buckets/LegacyTEXTURE/77/0f/eda99265086f4ffb26362ebb29e76c87dea9.udd" 3533
"C:/Users/d.seerig/AppData/Local/UnrealEngine/Common/DerivedDataCache/Buckets/LegacyTEXTURE/b4/48/b4dc3c00ba07a34c056aab4277c5e1326540.udd" 3534
"C:/Users/d.seerig/AppData/Local/UnrealEngine/Common/DerivedDataCache/Buckets/LegacyTEXTURE/e9/d2/97b4214564fb59e608e663bd845742e135d8.udd" 3535
"C:/Users/d.seerig/AppData/Local/UnrealEngine/Common/DerivedDataCache/Buckets/LegacyTEXTURE/a5/4a/f8034fceb46437f3d1bdd6c239a1999870b8.udd" 3536
"C:/Users/d.seerig/AppData/Local/UnrealEngine/Common/DerivedDataCache/Buckets/BulkDataList/8d/f1/d9cf7d49b915ed10ed065b84902d8ee50444.udd" 3537
"D:/Progetti/PurgatorySeaServer/Unreal Engine/PurgatorySea/Content/Models/Ships/submarine/textures/Metal003_2K_Color.uasset" 3538
"C:/Users/d.seerig/AppData/Local/UnrealEngine/Common/DerivedDataCache/Buckets/LegacyTEXTURE/f1/4c/bc3b45c24ec2d5cf9ec2c17ad88d2e34ae43.udd" 3539
"C:/Users/d.seerig/AppData/Local/UnrealEngine/Common/DerivedDataCache/Buckets/LegacyTEXTURE/ed/17/6a9a6d4aca6e34aa6949120f18e252bc26c4.udd" 3540
"C:/Users/d.seerig/AppData/Local/UnrealEngine/Common/DerivedDataCache/Buckets/LegacyTEXTURE/8f/38/0b54fdca2dca27d1c1ead592a2f6fb655542.udd" 3541
"C:/Users/d.seerig/AppData/Local/UnrealEngine/Common/DerivedDataCache/Buckets/BulkDataList/2c/50/f0291b88c19e13ac7d2f498114f28dab68f6.udd" 3542
"C:/Users/d.seerig/AppData/Local/UnrealEngine/Common/DerivedDataCache/Buckets/LegacyTEXTURE/cb/d1/6f2b67d206e93334731315b7e0390e724f48.udd" 3543
"D:/Progetti/PurgatorySeaServer/Unreal Engine/PurgatorySea/Content/Models/Ships/submarine/source/Material.uasset" 3544
"C:/Users/d.seerig/AppData/Local/UnrealEngine/Common/DerivedDataCache/Buckets/LegacyTEXTURE/f7/12/a77416e22fafebe1688c39409f22ebd56a9f.udd" 3545
"C:/Users/d.seerig/AppData/Local/UnrealEngine/Common/DerivedDataCache/Buckets/LegacyTEXTURE/23/52/e92d154f9f261f8742c084a2db7013b4de0e.udd" 3546
"C:/Users/d.seerig/AppData/Local/UnrealEngine/Common/DerivedDataCache/Buckets/BulkDataList/56/d9/730d862dbe665bdc4ad408a523ead47dc240.udd" 3547
"C:/Users/d.seerig/AppData/Local/UnrealEngine/Common/DerivedDataCache/Buckets/LegacyTEXTURE/d8/9c/dd8516c573e0d1b2d95b367b304840991b72.udd" 3548
"D:/Progetti/PurgatorySeaServer/Unreal Engine/PurgatorySea/Content/Models/Ships/Shershen-ClassTorpedoBoat/textures/YugoslavNavyFlag.uasset" 3549
"C:/Users/d.seerig/AppData/Local/UnrealEngine/Common/DerivedDataCache/Buckets/LegacyTEXTURE/89/33/bf731c6db90035354b44e1837bcc2afd82fd.udd" 3550
"C:/Users/d.seerig/AppData/Local/UnrealEngine/Common/DerivedDataCache/Buckets/BulkDataList/37/97/4e61bae848773b3b0830145bd5858d6705f7.udd" 3551
"D:/Progetti/PurgatorySeaServer/Unreal Engine/PurgatorySea/Content/Models/Ships/Shershen-ClassTorpedoBoat/textures/Pallete128.uasset" 3552
"C:/Users/d.seerig/AppData/Local/UnrealEngine/Common/DerivedDataCache/Buckets/LegacyTEXTURE/46/fb/4acd5c68273734ef040a0347ddcbb6ab323d.udd" 3553
"C:/Users/d.seerig/AppData/Local/UnrealEngine/Common/DerivedDataCache/Buckets/LegacyTEXTURE/63/5a/4f3ceb054966c5a740f1caab2c925823a1d3.udd" 3554
"C:/Users/d.seerig/AppData/Local/UnrealEngine/Common/DerivedDataCache/Buckets/BulkDataList/08/86/fcb374204c7cc8006c993cd7fab0f21f151c.udd" 3555
"C:/Users/d.seerig/AppData/Local/UnrealEngine/Common/DerivedDataCache/Buckets/LegacyTEXTURE/52/c5/eb7c19c9d8e37a129c0528470dc6f38a5663.udd" 3556
"C:/Users/d.seerig/AppData/Local/UnrealEngine/Common/DerivedDataCache/Buckets/LegacyTEXTURE/75/83/2031e0d3d851e50113d0ae756548e761e272.udd" 3557
"C:/Users/d.seerig/AppData/Local/UnrealEngine/Common/DerivedDataCache/Buckets/LegacyTEXTURE/7a/bb/8685d339a0b5e7cd782b0c6f84f01af3f79d.udd" 3558
"D:/Progetti/PurgatorySeaServer/Unreal Engine/PurgatorySea/Content/Models/Ships/Shershen-ClassTorpedoBoat/source/Shershen-ClassTorpedoBoat/YugoslavNavyFlag.uasset" 3559
"C:/Users/d.seerig/AppData/Local/UnrealEngine/Common/DerivedDataCache/Buckets/LegacyTEXTURE/8a/e2/3ad17b375374f3afec5fdaab2b50bc4acffc.udd" 3560
"C:/Users/d.seerig/AppData/Local/UnrealEngine/Common/DerivedDataCache/Buckets/LegacyTEXTURE/09/70/4434d8e5b7f13fd09cecdff30df0245a4923.udd" 3561
"C:/Users/d.seerig/AppData/Local/UnrealEngine/Common/DerivedDataCache/Buckets/LegacyTEXTURE/b8/68/c858e418eaaea628fdf7b7c6ed778effd1be.udd" 3562
"C:/Users/d.seerig/AppData/Local/UnrealEngine/Common/DerivedDataCache/Buckets/LegacyTEXTURE/d6/fe/651d0f3be15b7b605c99f5f23e5d7d5477fc.udd" 3563
"C:/Users/d.seerig/AppData/Local/UnrealEngine/Common/DerivedDataCache/Buckets/BulkDataList/f6/9d/b4aec88b38cfd22c90c079c9d878afeb2cd3.udd" 3564
"D:/Progetti/PurgatorySeaServer/Unreal Engine/PurgatorySea/Content/Models/Ships/Shershen-ClassTorpedoBoat/source/Shershen-ClassTorpedoBoat/Pallete128.uasset" 3565
"D:/Progetti/PurgatorySeaServer/Unreal Engine/PurgatorySea/Content/Models/Ships/japanese_underwater_aircraft_carrier/textures/DogoRough.uasset" 3566
"C:/Users/d.seerig/AppData/Local/UnrealEngine/Common/DerivedDataCache/Buckets/BulkDataList/03/b3/5df721e3bb606ffbbc0b2a438db528e8c519.udd" 3567
"C:/Users/d.seerig/AppData/Local/UnrealEngine/Common/DerivedDataCache/Buckets/BulkDataList/67/f9/d62a1fb9606875d2dfcfd45a8b1ed4aea422.udd" 3568
"D:/Progetti/PurgatorySeaServer/Unreal Engine/PurgatorySea/Content/Models/Ships/japanese_underwater_aircraft_carrier/textures/DogoNormal.uasset" 3569
"C:/Users/d.seerig/AppData/Local/UnrealEngine/Common/DerivedDataCache/Buckets/BulkDataList/78/ad/91c1a228bb1df6f0628cb8d8eb8bf42f7d08.udd" 3570
"D:/Progetti/PurgatorySeaServer/Unreal Engine/PurgatorySea/Content/Models/Ships/japanese_underwater_aircraft_carrier/textures/DogoDiff.uasset" 3571
"C:/Users/d.seerig/AppData/Local/UnrealEngine/Common/DerivedDataCache/Buckets/BulkDataList/50/20/babe30acc12b1836c3d9ec59fffd538714c6.udd" 3572
"D:/Progetti/PurgatorySeaServer/Unreal Engine/PurgatorySea/Content/Models/Ships/japanese_underwater_aircraft_carrier/source/Dogo4sketch/DogoRough.uasset" 3573
"C:/Users/d.seerig/AppData/Local/UnrealEngine/Common/DerivedDataCache/Buckets/BulkDataList/00/d3/86d7421d8c0ba03a7e9e702ff717903d7abf.udd" 3574
"D:/Progetti/PurgatorySeaServer/Unreal Engine/PurgatorySea/Content/Models/Ships/japanese_underwater_aircraft_carrier/source/Dogo4sketch/DogoNormal.uasset" 3575
"D:/Progetti/PurgatorySeaServer/Unreal Engine/PurgatorySea/Content/Models/Ships/japanese_underwater_aircraft_carrier/source/Dogo4sketch/DogoDiff.uasset" 3576
"C:/Users/d.seerig/AppData/Local/UnrealEngine/Common/DerivedDataCache/Buckets/BulkDataList/5c/ca/eb97d0de320ae1cd7ad1b000dc56dba85021.udd" 3577
"D:/Progetti/PurgatorySeaServer/Unreal Engine/PurgatorySea/Content/Models/Ships/chinese_aircraft_carrier/textures/Material_Palette_norm_0.uasset" 3578
"C:/Users/d.seerig/AppData/Local/UnrealEngine/Common/DerivedDataCache/Buckets/BulkDataList/c7/f0/3f2d09063ef9b4473d3c06694e5b6873d6d7.udd" 3579
"C:/Users/d.seerig/AppData/Local/UnrealEngine/Common/DerivedDataCache/Buckets/BulkDataList/b3/ca/5dfbaf1a955e8d7c5fc083bf40e2e7bb34ed.udd" 3580
"D:/Progetti/PurgatorySeaServer/Unreal Engine/PurgatorySea/Content/Models/Ships/chinese_aircraft_carrier/source/Material_Palette_norm.uasset" 3581
"C:/Users/d.seerig/AppData/Local/UnrealEngine/Common/DerivedDataCache/Buckets/BulkDataList/33/7f/34a72604f10344bd580613ce9732745ccfca.udd" 3582
"C:/Users/d.seerig/AppData/Local/UnrealEngine/Common/DerivedDataCache/Buckets/LegacyTEXTURE/e3/a0/8f97b1c73fc6cbb5a73c4d6f94b2eda2805d.udd" 3583
"C:/Users/d.seerig/AppData/Local/UnrealEngine/Common/DerivedDataCache/Buckets/LegacyTEXTURE/3b/14/195c20c38c1e243644d5ec483f49e8ba7cf9.udd" 3584
"C:/Users/d.seerig/AppData/Local/UnrealEngine/Common/DerivedDataCache/Buckets/LegacyTEXTURE/78/ad/a0fc62dda529b9a0e8b40cdf0a04e679b568.udd" 3585
"C:/Users/d.seerig/AppData/Local/UnrealEngine/Common/DerivedDataCache/Buckets/LegacyTEXTURE/26/e1/769f5c793d147ce41d323d1af90ff851ec9e.udd" 3586
"C:/Users/d.seerig/AppData/Local/UnrealEngine/Common/DerivedDataCache/Buckets/LegacyTEXTURE/4e/ca/cd02984fd664ec4c35d7024f3b5adb95610a.udd" 3587
"C:/Users/d.seerig/AppData/Local/UnrealEngine/Common/DerivedDataCache/Buckets/LegacyTEXTURE/5c/82/5a796932005011dadf98a04b215e1db019bf.udd" 3588
"D:/Progetti/PurgatorySeaServer/Unreal Engine/PurgatorySea/Content/Models/Ships/a/SW_MetalPipes_01_M.uasset" 3589
"C:/Users/d.seerig/AppData/Local/UnrealEngine/Common/DerivedDataCache/Buckets/LegacyTEXTURE/c4/6c/0ccdfe73691237f3f8ba3fc7d0486c11d068.udd" 3590
"C:/Users/d.seerig/AppData/Local/UnrealEngine/Common/DerivedDataCache/Buckets/LegacyTEXTURE/70/52/5ba226376baa54bc275e40ae4e88f4e4a909.udd" 3591
"C:/Users/d.seerig/AppData/Local/UnrealEngine/Common/DerivedDataCache/Buckets/LegacyTEXTURE/68/84/47046ae46ec25f4bbc9f9c6a88e050a1bc81.udd" 3592
"C:/Users/d.seerig/AppData/Local/UnrealEngine/Common/DerivedDataCache/Buckets/LegacyTEXTURE/de/52/7708cb7bcfe07ee2146ca7f21ba13ab16086.udd" 3593
"C:/Users/d.seerig/AppData/Local/UnrealEngine/Common/DerivedDataCache/Buckets/LegacyTEXTURE/bc/65/a74ba9a7894c507180075cd546b986b0a13c.udd" 3594
"C:/Users/d.seerig/AppData/Local/UnrealEngine/Common/DerivedDataCache/Buckets/LegacyTEXTURE/2f/91/d017483f399c0cf1a4ba4349a29034a6b06a.udd" 3595
"C:/Users/d.seerig/AppData/Local/UnrealEngine/Common/DerivedDataCache/Buckets/LegacyTEXTURE/44/33/05aa813ea1f20f32c945a26e3c4705fb66fe.udd" 3596
"C:/Users/d.seerig/AppData/Local/UnrealEngine/Common/DerivedDataCache/Buckets/LegacyTEXTURE/90/13/ad460c881bf4a124b39db6f86265bc199f58.udd" 3597
"C:/Users/d.seerig/AppData/Local/UnrealEngine/Common/DerivedDataCache/Buckets/BulkDataList/ca/50/840f6d05b594878f56c51ab2f4c910b50993.udd" 3598
"C:/Users/d.seerig/AppData/Local/UnrealEngine/Common/DerivedDataCache/Buckets/LegacyTEXTURE/e4/73/09192e577c212e90b88cc635262da771054b.udd" 3599
"C:/Users/d.seerig/AppData/Local/UnrealEngine/Common/DerivedDataCache/Buckets/LegacyTEXTURE/71/7a/39ee5f0d2876f00411deb3b15f149f8c77cf.udd" 3600
"C:/Users/d.seerig/AppData/Local/UnrealEngine/Common/DerivedDataCache/Buckets/LegacyTEXTURE/2c/d4/85e3285e5b89e971765e8be5660cc272494e.udd" 3601
"C:/Users/d.seerig/AppData/Local/UnrealEngine/Common/DerivedDataCache/Buckets/LegacyTEXTURE/af/9b/96a96f4189258556552f3c127bb80c194b8e.udd" 3602
"D:/Progetti/PurgatorySeaServer/Unreal Engine/PurgatorySea/Content/Models/Ships/a/SW_Gun_001_M.uasset" 3603
"C:/Users/d.seerig/AppData/Local/UnrealEngine/Common/DerivedDataCache/Buckets/LegacyTEXTURE/34/bc/80c567cdcd438179acd287b156f5fba2ab24.udd" 3604
"C:/Users/d.seerig/AppData/Local/UnrealEngine/Common/DerivedDataCache/Buckets/LegacyTEXTURE/0c/74/8c81be50606da781d4e05ae6d9cd9d3f5e29.udd" 3605
"C:/Users/d.seerig/AppData/Local/UnrealEngine/Common/DerivedDataCache/Buckets/LegacyTEXTURE/65/67/fce83be28ec4581ac5bf008ba74120acef4a.udd" 3606
"C:/Users/d.seerig/AppData/Local/UnrealEngine/Common/DerivedDataCache/Buckets/LegacyTEXTURE/d2/32/39ebd5eb7dd65086293d76d63cdff7038c59.udd" 3607
"C:/Users/d.seerig/AppData/Local/UnrealEngine/Common/DerivedDataCache/Buckets/LegacyTEXTURE/69/31/d8450c6faf2ff2725557e804701cf0112aa3.udd" 3608
"C:/Users/d.seerig/AppData/Local/UnrealEngine/Common/DerivedDataCache/Buckets/LegacyTEXTURE/66/12/c062d494e4246e103812bb846c374cc0f636.udd" 3609
"C:/Users/d.seerig/AppData/Local/UnrealEngine/Common/DerivedDataCache/Buckets/LegacyTEXTURE/6d/5d/a1495c64ecb70088e927d8100e6cc4e1b010.udd" 3610
"C:/Users/d.seerig/AppData/Local/UnrealEngine/Common/DerivedDataCache/Buckets/LegacyTEXTURE/1b/80/7a248a8c907fa18afed744afc974c3650bc8.udd" 3611
"C:/Users/d.seerig/AppData/Local/UnrealEngine/Common/DerivedDataCache/Buckets/BulkDataList/9e/44/c0ed37a587da164157bb99fcf2d8b265862a.udd" 3612
"C:/Users/d.seerig/AppData/Local/UnrealEngine/Common/DerivedDataCache/Buckets/LegacyTEXTURE/f4/7f/d95542a8b963d5d0614a64b6521e32abeb69.udd" 3613
"C:/Users/d.seerig/AppData/Local/UnrealEngine/Common/DerivedDataCache/Buckets/LegacyTEXTURE/5b/f7/9c0760535d25677ff5c1b0b0382d7ad73af0.udd" 3614
"C:/Users/d.seerig/AppData/Local/UnrealEngine/Common/DerivedDataCache/Buckets/LegacyTEXTURE/b9/4c/0bb0f3e0389f5d685fbbd34f4e9774da224d.udd" 3615
"C:/Users/d.seerig/AppData/Local/UnrealEngine/Common/DerivedDataCache/Buckets/LegacyTEXTURE/fa/06/8d075398d20cd3542a08d5c4a056ca706ac0.udd" 3616
"C:/Users/d.seerig/AppData/Local/UnrealEngine/Common/DerivedDataCache/Buckets/LegacyTEXTURE/aa/65/60b9d5f3a780d5e8c456286fe1f7cb606e7b.udd" 3617
"C:/Users/d.seerig/AppData/Local/UnrealEngine/Common/DerivedDataCache/Buckets/LegacyTEXTURE/09/b4/6dd930312ea47e7eeadfdd5e7e6d5caf2b36.udd" 3618
"C:/Users/d.seerig/AppData/Local/UnrealEngine/Common/DerivedDataCache/Buckets/LegacyTEXTURE/1a/d8/e074f4b7131331f165dd1326537941baf2e0.udd" 3619
"C:/Users/d.seerig/AppData/Local/UnrealEngine/Common/DerivedDataCache/Buckets/LegacyTEXTURE/75/31/6d18cf6ca891baa645ff52bca1c4f6aa941b.udd" 3620
"D:/Progetti/PurgatorySeaServer/Unreal Engine/PurgatorySea/Content/Models/Ships/a/SW_Glasses_01_m.uasset" 3621
"C:/Users/d.seerig/AppData/Local/UnrealEngine/Common/DerivedDataCache/Buckets/LegacyTEXTURE/20/45/d0146deefb1d7e7865439b7cbade582cdb7f.udd" 3622
"C:/Users/d.seerig/AppData/Local/UnrealEngine/Common/DerivedDataCache/Buckets/LegacyTEXTURE/bd/ac/539767dcd7554da932e1cb0a0aeb7716a3ce.udd" 3623
"C:/Users/d.seerig/AppData/Local/UnrealEngine/Common/DerivedDataCache/Buckets/LegacyTEXTURE/d2/61/a4c8f526107a4f648238437d12237561c23f.udd" 3624
"D:/Progetti/PurgatorySeaServer/Unreal Engine/PurgatorySea/Content/Models/Ships/a/SW_Boat_Body_005_M.uasset" 3625
"C:/Users/d.seerig/AppData/Local/UnrealEngine/Common/DerivedDataCache/Buckets/BulkDataList/5f/5f/ed322a369b731736a8c24527955bdbc39739.udd" 3626
"C:/Users/d.seerig/AppData/Local/UnrealEngine/Common/DerivedDataCache/Buckets/LegacyTEXTURE/70/85/6802b714b92441af6e750330e1d4b4682fba.udd" 3627
"C:/Users/d.seerig/AppData/Local/UnrealEngine/Common/DerivedDataCache/Buckets/LegacyTEXTURE/43/fd/3bbc6ac8d1ab34734d784e09b8e3db0c3d82.udd" 3628
"C:/Users/d.seerig/AppData/Local/UnrealEngine/Common/DerivedDataCache/Buckets/BulkDataList/13/4f/fbb53f1991872b752cf1cea7abb913fbecfd.udd" 3629
"D:/Progetti/PurgatorySeaServer/Unreal Engine/PurgatorySea/Content/Models/Ships/a/SW_Boat_Body_004_M.uasset" 3630
"C:/Users/d.seerig/AppData/Local/UnrealEngine/Common/DerivedDataCache/Buckets/LegacyTEXTURE/7c/8e/e042502b7ad10a5681546376253361ebdbc5.udd" 3631
"C:/Users/d.seerig/AppData/Local/UnrealEngine/Common/DerivedDataCache/Buckets/LegacyTEXTURE/69/81/4c4eed5ec73c344fad8c4826e983bafbb12c.udd" 3632
"C:/Users/d.seerig/AppData/Local/UnrealEngine/Common/DerivedDataCache/Buckets/LegacyTEXTURE/13/b3/739fa8053e485316b1da6f9c56c55ad049ae.udd" 3633
"C:/Users/d.seerig/AppData/Local/UnrealEngine/Common/DerivedDataCache/Buckets/LegacyTEXTURE/02/10/5d99286d02cf82a5f2fe27cc1aadd09700e2.udd" 3634
"C:/Users/d.seerig/AppData/Local/UnrealEngine/Common/DerivedDataCache/Buckets/LegacyTEXTURE/ef/5e/e9d3d4a387a96e33f12e243bfbdc02ce625e.udd" 3635
"C:/Users/d.seerig/AppData/Local/UnrealEngine/Common/DerivedDataCache/Buckets/BulkDataList/03/09/901c074d8c626559405f11c343789bd72f21.udd" 3636
"C:/Users/d.seerig/AppData/Local/UnrealEngine/Common/DerivedDataCache/Buckets/LegacyTEXTURE/9e/a8/a8bca442b276d0c6afd92f0f771d6fb00e49.udd" 3637
"D:/Progetti/PurgatorySeaServer/Unreal Engine/PurgatorySea/Content/Models/Ships/a/SW_Boat_Body_003_M.uasset" 3638
"C:/Users/d.seerig/AppData/Local/UnrealEngine/Common/DerivedDataCache/Buckets/LegacyTEXTURE/0e/bc/06f3789ad9c483b8131a8396bbe940b3c807.udd" 3639
"C:/Users/d.seerig/AppData/Local/UnrealEngine/Common/DerivedDataCache/Buckets/LegacyTEXTURE/77/4c/c80c6cf652ef629d94cd9b670b136ead5f32.udd" 3640
"C:/Users/d.seerig/AppData/Local/UnrealEngine/Common/DerivedDataCache/Buckets/LegacyTEXTURE/07/a1/5b75b71301394796617499fbafeec429f7e4.udd" 3641
"C:/Users/d.seerig/AppData/Local/UnrealEngine/Common/DerivedDataCache/Buckets/LegacyTEXTURE/f4/03/d7f0f7f235f576c70c6a73d25b513cc0c52d.udd" 3642
"C:/Users/d.seerig/AppData/Local/UnrealEngine/Common/DerivedDataCache/Buckets/LegacyTEXTURE/50/90/43427f7976e8d2d1d60127cf4796e1cbe7a2.udd" 3643
"C:/Users/d.seerig/AppData/Local/UnrealEngine/Common/DerivedDataCache/Buckets/LegacyTEXTURE/29/ca/516e0099a0068e5269c12e16ac94bfa99596.udd" 3644
"C:/Users/d.seerig/AppData/Local/UnrealEngine/Common/DerivedDataCache/Buckets/BulkDataList/38/06/4455d3cd5baf3037c20c8f953db11bd12497.udd" 3645
"D:/Progetti/PurgatorySeaServer/Unreal Engine/PurgatorySea/Content/Models/Ships/a/SW_Boat_Body_002_M.uasset" 3646
"C:/Users/d.seerig/AppData/Local/UnrealEngine/Common/DerivedDataCache/Buckets/LegacyTEXTURE/6c/97/1d4bdfb3e392ad9d24b49b509c296dbe6d68.udd" 3647
"C:/Users/d.seerig/AppData/Local/UnrealEngine/Common/DerivedDataCache/Buckets/LegacyTEXTURE/aa/51/b1714a1f64079f588a9acd30ec2afc8b18c6.udd" 3648
"C:/Users/d.seerig/AppData/Local/UnrealEngine/Common/DerivedDataCache/Buckets/LegacyTEXTURE/1e/e2/1d565a0ed0150ea174744c45daa0e31c7d1b.udd" 3649
"C:/Users/d.seerig/AppData/Local/UnrealEngine/Common/DerivedDataCache/Buckets/LegacyTEXTURE/2c/1b/d0bbbc3624bd4d35f6f5c6fcc1ffcc509b24.udd" 3650
"C:/Users/d.seerig/AppData/Local/UnrealEngine/Common/DerivedDataCache/Buckets/LegacyTEXTURE/65/1c/2ac2651b0d33702d3d93f1982894e3065e2b.udd" 3651
"C:/Users/d.seerig/AppData/Local/UnrealEngine/Common/DerivedDataCache/Buckets/LegacyTEXTURE/db/43/ea8bc92cb2c9e965a1c223bc29f19f26ab20.udd" 3652
"C:/Users/d.seerig/AppData/Local/UnrealEngine/Common/DerivedDataCache/Buckets/BulkDataList/f6/e6/f18c517ba110b33fc67cf68a6d5b92f81c43.udd" 3653
"D:/Progetti/PurgatorySeaServer/Unreal Engine/PurgatorySea/Content/Models/Ships/a/SW_Boat_Body_001_M.uasset" 3654
"C:/Users/d.seerig/AppData/Local/UnrealEngine/Common/DerivedDataCache/Buckets/LegacyTEXTURE/e8/4b/98fdd35fef1f84ec7a3703fbec42f612f297.udd" 3655
"C:/Users/d.seerig/AppData/Local/UnrealEngine/Common/DerivedDataCache/Buckets/LegacyTEXTURE/1e/62/c115ceb1e3b64297c4f9185d0a6c46b0f704.udd" 3656
"C:/Users/d.seerig/AppData/Local/UnrealEngine/Common/DerivedDataCache/Buckets/LegacyTEXTURE/e4/c6/5db771db8b798ab054b7d9bfbfcc98136ae0.udd" 3657
"C:/Users/d.seerig/AppData/Local/UnrealEngine/Common/DerivedDataCache/Buckets/LegacyTEXTURE/46/38/b18e49c8eaa72b7a495c36a79e594ec2bd8a.udd" 3658
"C:/Users/d.seerig/AppData/Local/UnrealEngine/Common/DerivedDataCache/Buckets/LegacyTEXTURE/6c/9a/29db976691a2af906907ea48b64771d2eac0.udd" 3659
"C:/Users/d.seerig/AppData/Local/UnrealEngine/Common/DerivedDataCache/Buckets/LegacyTEXTURE/3e/63/30cbe2058ecf8cc84a16707850331d630387.udd" 3660
"C:/Users/d.seerig/AppData/Local/UnrealEngine/Common/DerivedDataCache/Buckets/BulkDataList/da/ee/338a2334db001be392760a69cc1f3bcaf105.udd" 3661
"C:/Users/d.seerig/AppData/Local/UnrealEngine/Common/DerivedDataCache/Buckets/LegacyTEXTURE/e4/c5/bc177a13bc8fee75ec59943818c5abaea5dc.udd" 3662
"D:/Progetti/PurgatorySeaServer/Unreal Engine/PurgatorySea/Content/Models/Ships/a/SW_Boat_Assets_004_M.uasset" 3663
"C:/Users/d.seerig/AppData/Local/UnrealEngine/Common/DerivedDataCache/Buckets/LegacyTEXTURE/f4/e2/4b8ca351017ac57bbaf733f14c16c79862e1.udd" 3664
"C:/Users/d.seerig/AppData/Local/UnrealEngine/Common/DerivedDataCache/Buckets/LegacyTEXTURE/e9/1f/028506d320108193068e3d188ccb32beacb2.udd" 3665
"C:/Users/d.seerig/AppData/Local/UnrealEngine/Common/DerivedDataCache/Buckets/LegacyTEXTURE/49/fd/e1bedd3bdc7ee0b7ab9fd0cacf7e6e25b583.udd" 3666
"C:/Users/d.seerig/AppData/Local/UnrealEngine/Common/DerivedDataCache/Buckets/LegacyTEXTURE/db/bb/9997ae573dee485db057f4212baf4b7ddedf.udd" 3667
"C:/Users/d.seerig/AppData/Local/UnrealEngine/Common/DerivedDataCache/Buckets/BulkDataList/43/b7/6a7632cae8bb6bf1b4d8348c5f94b7615388.udd" 3668
"C:/Users/d.seerig/AppData/Local/UnrealEngine/Common/DerivedDataCache/Buckets/LegacyTEXTURE/df/d5/f21648bdcf319cc62c27856684d595dabe0e.udd" 3669
"C:/Users/d.seerig/AppData/Local/UnrealEngine/Common/DerivedDataCache/Buckets/LegacyTEXTURE/6b/81/06ccdd16d55b3e13059e16310b9913a988fd.udd" 3670
"C:/Users/d.seerig/AppData/Local/UnrealEngine/Common/DerivedDataCache/Buckets/LegacyTEXTURE/49/cb/a71511a48f557df6e88a8791560831f5b1ec.udd" 3671
"C:/Users/d.seerig/AppData/Local/UnrealEngine/Common/DerivedDataCache/Buckets/LegacyTEXTURE/9c/dc/fa0971040882c4c50746964e2bb224406b66.udd" 3672
"D:/Progetti/PurgatorySeaServer/Unreal Engine/PurgatorySea/Content/Models/Ships/a/SW_Boat_Assets_003_M.uasset" 3673
"C:/Users/d.seerig/AppData/Local/UnrealEngine/Common/DerivedDataCache/Buckets/LegacyTEXTURE/4a/f6/716f21001171bf33b051219da4916d3930d2.udd" 3674
"C:/Users/d.seerig/AppData/Local/UnrealEngine/Common/DerivedDataCache/Buckets/LegacyTEXTURE/0b/ef/cd600cb9068b087dbf0059bfa6101d0f3c8b.udd" 3675
"C:/Users/d.seerig/AppData/Local/UnrealEngine/Common/DerivedDataCache/Buckets/LegacyTEXTURE/01/cb/01b10db97d70ce1bda23cc966e14a34ef0d5.udd" 3676
"C:/Users/d.seerig/AppData/Local/UnrealEngine/Common/DerivedDataCache/Buckets/LegacyTEXTURE/bb/63/385ee58b99a9fcc31c2dd4bc1702aaae9695.udd" 3677
"C:/Users/d.seerig/AppData/Local/UnrealEngine/Common/DerivedDataCache/Buckets/LegacyTEXTURE/2d/61/77f1af5ffc25bfd4eece49e796859ca26c23.udd" 3678
"C:/Users/d.seerig/AppData/Local/UnrealEngine/Common/DerivedDataCache/Buckets/LegacyTEXTURE/2b/4c/a5c565dbfed9c7c8ea7ce120062fa6588a97.udd" 3679
"C:/Users/d.seerig/AppData/Local/UnrealEngine/Common/DerivedDataCache/Buckets/BulkDataList/70/27/e10c49113eb352727a703d7d2dc15c2b0aa0.udd" 3680
"C:/Users/d.seerig/AppData/Local/UnrealEngine/Common/DerivedDataCache/Buckets/LegacyTEXTURE/02/e3/b1a26ac604d7651314d7e12873a379e3dba8.udd" 3681
"C:/Users/d.seerig/AppData/Local/UnrealEngine/Common/DerivedDataCache/Buckets/LegacyTEXTURE/c9/75/ae2eb08818ab8412c3252ef8e1b643deda8e.udd" 3682
"C:/Users/d.seerig/AppData/Local/UnrealEngine/Common/DerivedDataCache/Buckets/LegacyTEXTURE/3a/13/8a1abc42e7799bb27ac0139fddf4aaba2542.udd" 3683
"C:/Users/d.seerig/AppData/Local/UnrealEngine/Common/DerivedDataCache/Buckets/LegacyTEXTURE/c8/44/1bceb7028fd1eafdaac944eb6f2017d92a83.udd" 3684
"C:/Users/d.seerig/AppData/Local/UnrealEngine/Common/DerivedDataCache/Buckets/LegacyTEXTURE/6f/d7/2f0384e7d141df09f520e344e184b4966ef3.udd" 3685
"C:/Users/d.seerig/AppData/Local/UnrealEngine/Common/DerivedDataCache/Buckets/LegacyTEXTURE/0a/76/6429e641200768d18627524871e814f95910.udd" 3686
"C:/Users/d.seerig/AppData/Local/UnrealEngine/Common/DerivedDataCache/Buckets/LegacyTEXTURE/b9/9d/f1217b9b7a040e4e99fdc726a1a2e86d2ac7.udd" 3687
"D:/Progetti/PurgatorySeaServer/Unreal Engine/PurgatorySea/Content/Models/Ships/a/SW_Boat_Assets_002_M.uasset" 3688
"C:/Users/d.seerig/AppData/Local/UnrealEngine/Common/DerivedDataCache/Buckets/LegacyTEXTURE/04/07/ee95eb93f133713c85e0bfc38c640197901d.udd" 3689
"C:/Users/d.seerig/AppData/Local/UnrealEngine/Common/DerivedDataCache/Buckets/LegacyTEXTURE/a4/1e/1a00d1e03023dcc6a9fd3a556cf8f6b3324a.udd" 3690
"C:/Users/d.seerig/AppData/Local/UnrealEngine/Common/DerivedDataCache/Buckets/BulkDataList/89/6e/4f0d7851b5cd4c5909f00f6909c8c1a034c1.udd" 3691
"C:/Users/d.seerig/AppData/Local/UnrealEngine/Common/DerivedDataCache/Buckets/LegacyTEXTURE/d3/0b/dc1b32f6e88c3484d67b6810ce1ec7a1bb05.udd" 3692
"C:/Users/d.seerig/AppData/Local/UnrealEngine/Common/DerivedDataCache/Buckets/LegacyTEXTURE/18/d5/25d6e61faf38fef2510863fac7ad65f4fee5.udd" 3693
"C:/Users/d.seerig/AppData/Local/UnrealEngine/Common/DerivedDataCache/Buckets/LegacyTEXTURE/34/81/81386d8e4ab3c909a184f08a713b1ebbf99d.udd" 3694
"D:/Progetti/PurgatorySeaServer/Unreal Engine/PurgatorySea/Content/Models/Ships/a/SW_Boat_Assets_001_M.uasset" 3695
"C:/Users/d.seerig/AppData/Local/UnrealEngine/Common/DerivedDataCache/Buckets/LegacyTEXTURE/83/a0/4a7b746be15ffa42a3524b097e34002e028c.udd" 3696
"C:/Users/d.seerig/AppData/Local/UnrealEngine/Common/DerivedDataCache/Buckets/LegacyTEXTURE/b6/b8/384e0dacc1a9c353fa9eae66f6f8500a3e7e.udd" 3697
"C:/Users/d.seerig/AppData/Local/UnrealEngine/Common/DerivedDataCache/Buckets/LegacyTEXTURE/c2/4f/41fa5c3fb1dafbf12975f4071b9d288631c7.udd" 3698
"C:/Users/d.seerig/AppData/Local/UnrealEngine/Common/DerivedDataCache/Buckets/LegacyTEXTURE/1b/e3/d4d100c2c5afc8612ca9729fed47044b834e.udd" 3699
"C:/Users/d.seerig/AppData/Local/UnrealEngine/Common/DerivedDataCache/Buckets/LegacyTEXTURE/34/8e/b9de2b99f6d2fdc2e85fd0e19bf32c9589c3.udd" 3700
"C:/Users/d.seerig/AppData/Local/UnrealEngine/Common/DerivedDataCache/Buckets/LegacyTEXTURE/96/cd/c4ccf561c83ea51ea7878c26814a3fb741a7.udd" 3701
"C:/Users/d.seerig/AppData/Local/UnrealEngine/Common/DerivedDataCache/Buckets/LegacyTEXTURE/f4/50/cfdef68df402834687e30e3a456e28915fa8.udd" 3702
"C:/Users/d.seerig/AppData/Local/UnrealEngine/Common/DerivedDataCache/Buckets/LegacyTEXTURE/1e/6b/e3a143d35ed8d8120e4b5342b20b91fe8fd6.udd" 3703
"C:/Users/d.seerig/AppData/Local/UnrealEngine/Common/DerivedDataCache/Buckets/LegacyTEXTURE/bf/d5/aa24c3db27ec15ee6d8f9cd3be5e87b46539.udd" 3704
"C:/Users/d.seerig/AppData/Local/UnrealEngine/Common/DerivedDataCache/Buckets/BulkDataList/64/1a/9b5738dfe252905c999f9e831243a63e4dc5.udd" 3705
"D:/Progetti/PurgatorySeaServer/Unreal Engine/PurgatorySea/Content/Models/Ships/a/SW_Boat_Antena_001_M.uasset" 3706
"C:/Users/d.seerig/AppData/Local/UnrealEngine/Common/DerivedDataCache/Buckets/LegacyTEXTURE/b1/44/df261dae4296f5ab890429a88324df8cfb4d.udd" 3707
"C:/Users/d.seerig/AppData/Local/UnrealEngine/Common/DerivedDataCache/Buckets/LegacyTEXTURE/fa/f7/e820452dcfba9c90ba0c73337ef9a7f3fa2e.udd" 3708
"C:/Users/d.seerig/AppData/Local/UnrealEngine/Common/DerivedDataCache/Buckets/LegacyTEXTURE/76/54/55546bfa39f81e11e1a619dbba841ebf65a0.udd" 3709
"C:/Users/d.seerig/AppData/Local/UnrealEngine/Common/DerivedDataCache/Buckets/LegacyTEXTURE/43/58/a0a1b9bccdb7ed671e3478edbff343853d7b.udd" 3710
"C:/Users/d.seerig/AppData/Local/UnrealEngine/Common/DerivedDataCache/Buckets/BulkDataList/ac/62/601f199bf13e16839945bf5c8a879615a0b3.udd" 3711
"D:/Progetti/PurgatorySeaServer/Unreal Engine/PurgatorySea/Content/Materials/MAT_SelectedShipTransparent.uasset" 3712
"C:/Users/d.seerig/AppData/Local/UnrealEngine/Common/DerivedDataCache/Buckets/LegacyTEXTURE/07/01/525fd762d85c87c83f46b03b419f0671e817.udd" 3713
"C:/Users/d.seerig/AppData/Local/UnrealEngine/Common/DerivedDataCache/Buckets/LegacyTEXTURE/d8/58/e9d8519f4c4703797b095f9000d9fe19c11b.udd" 3714
"C:/Users/d.seerig/AppData/Local/UnrealEngine/Common/DerivedDataCache/Buckets/BulkDataList/6d/17/e65cb1538dfdbed39a444c815cb434b4826e.udd" 3715
"D:/Progetti/PurgatorySeaServer/Unreal Engine/PurgatorySea/Content/Materials/MAT_OwnTile.uasset" 3716
"C:/Users/d.seerig/AppData/Local/UnrealEngine/Common/DerivedDataCache/Buckets/BulkDataList/d0/54/eb3fa353dcfe96130557b73e53986a5dacca.udd" 3717
"D:/Progetti/PurgatorySeaServer/Unreal Engine/PurgatorySea/Content/Images/QuestionMarkImage_Vertical.uasset" 3718
"C:/Users/d.seerig/AppData/Local/UnrealEngine/Common/DerivedDataCache/Buckets/BulkDataList/b6/42/65002b0ac2bbd15648cc262867898d0a3f53.udd" 3719
"C:/Users/d.seerig/AppData/Local/UnrealEngine/Common/DerivedDataCache/Buckets/LegacyTEXTURE/54/01/b61963d5e84c3bb8c2d64f5e6a2161edcde7.udd" 3720
"C:/Users/d.seerig/AppData/Local/UnrealEngine/Common/DerivedDataCache/Buckets/LegacyTEXTURE/34/60/a4351ad483af30dcbdbeed87582196c2089d.udd" 3721
"C:/Users/d.seerig/AppData/Local/UnrealEngine/Common/DerivedDataCache/Buckets/LegacyTEXTURE/e1/a4/554555f75796b82648ac224ee38facc4cac7.udd" 3722
"C:/Users/d.seerig/AppData/Local/UnrealEngine/Common/DerivedDataCache/Buckets/LegacyTEXTURE/1a/94/993845e4b256fa677c3b2be06eb4fe4af386.udd" 3723
"C:/Users/d.seerig/AppData/Local/UnrealEngine/Common/DerivedDataCache/Buckets/LegacyTEXTURE/42/22/c4d75acafeba1cb2b1cd67a5da69a42d57a1.udd" 3724
"C:/Users/d.seerig/AppData/Local/UnrealEngine/Common/DerivedDataCache/Buckets/LegacyTEXTURE/19/66/cb9ced20ebb56a1afcf05b5acd9cdeecdcc4.udd" 3725
"C:/Users/d.seerig/AppData/Local/UnrealEngine/Common/DerivedDataCache/Buckets/LegacyTEXTURE/4b/c8/689fb58607fa9f096da7581960020c42fbb8.udd" 3726
"C:/Users/d.seerig/AppData/Local/UnrealEngine/Common/DerivedDataCache/Buckets/LegacyTEXTURE/c1/b7/e7dbb6e6ffbb6fca136c2c76628e2960a57e.udd" 3727
"C:/Users/d.seerig/AppData/Local/UnrealEngine/Common/DerivedDataCache/Buckets/LegacyTEXTURE/21/8b/b9026d5a2e8220293a4eacff09cb64acaf27.udd" 3728
"C:/Users/d.seerig/AppData/Local/UnrealEngine/Common/DerivedDataCache/Buckets/LegacyTEXTURE/b2/09/f5f6c0976e514e013bf6101ad5b3e8b53cb9.udd" 3729
"C:/Users/d.seerig/AppData/Local/UnrealEngine/Common/DerivedDataCache/Buckets/LegacyTEXTURE/38/fe/c48c0f0578d0647a703b067931590a8a04c0.udd" 3730
"C:/Users/d.seerig/AppData/Local/UnrealEngine/Common/DerivedDataCache/Buckets/LegacyTEXTURE/f2/ee/a991e8406a8a267b7b828f29203a36880745.udd" 3731
"D:/Progetti/PurgatorySeaServer/Unreal Engine/PurgatorySea/Content/Images/QuestionMarkImage_Horizontal.uasset" 3732
"C:/Users/d.seerig/AppData/Local/UnrealEngine/Common/DerivedDataCache/Buckets/LegacyTEXTURE/66/ad/e8bb747ffcbe94171759528f2a75b0940068.udd" 3733
"C:/Users/d.seerig/AppData/Local/UnrealEngine/Common/DerivedDataCache/Buckets/LegacyTEXTURE/05/f8/92b693c31aeefb2ba559a79fe2443b472601.udd" 3734
"C:/Users/d.seerig/AppData/Local/UnrealEngine/Common/DerivedDataCache/Buckets/LegacyTEXTURE/85/50/a540987d27074c7d0966e8c081f54b439151.udd" 3735
"C:/Users/d.seerig/AppData/Local/UnrealEngine/Common/DerivedDataCache/Buckets/LegacyTEXTURE/b1/54/d8117e26bfdb2bb889ac4deb1ea7c077a2ee.udd" 3736
"C:/Users/d.seerig/AppData/Local/UnrealEngine/Common/DerivedDataCache/Buckets/LegacyTEXTURE/ca/0a/4e85c6efd5ffe7e57f9da29bc3cace74dad9.udd" 3737
"C:/Users/d.seerig/AppData/Local/UnrealEngine/Common/DerivedDataCache/Buckets/LegacyTEXTURE/a3/23/c9b08fe53ac05a0f9b6076805f856276a164.udd" 3738
"C:/Users/d.seerig/AppData/Local/UnrealEngine/Common/DerivedDataCache/Buckets/LegacyTEXTURE/9d/0f/edf334bcacebee57a28acc7db5cc6915be86.udd" 3739
"C:/Users/d.seerig/AppData/Local/UnrealEngine/Common/DerivedDataCache/Buckets/LegacyTEXTURE/55/c8/aa678d5f2b58d0ed826b5999b815228609d6.udd" 3740
"C:/Users/d.seerig/AppData/Local/UnrealEngine/Common/DerivedDataCache/Buckets/LegacyTEXTURE/21/07/bd8e36cd1673e933d48dfcff72e960a64d83.udd" 3741
"C:/Users/d.seerig/AppData/Local/UnrealEngine/Common/DerivedDataCache/Buckets/LegacyTEXTURE/32/02/c25c8297b12401fe933b0c87607a648b2b50.udd" 3742
"C:/Users/d.seerig/AppData/Local/UnrealEngine/Common/DerivedDataCache/Buckets/LegacyTEXTURE/79/55/4c465ff5aa9abdecd5c2f757525693003a69.udd" 3743
"C:/Users/d.seerig/AppData/Local/UnrealEngine/Common/DerivedDataCache/Buckets/BulkDataList/10/6b/773d79f4520e5aa511ffec183c4029525897.udd" 3744
"C:/Users/d.seerig/AppData/Local/UnrealEngine/Common/DerivedDataCache/Buckets/LegacyTEXTURE/e2/92/2b6dfb245116b414890203110b89364a6f66.udd" 3745
"C:/Users/d.seerig/AppData/Local/UnrealEngine/Common/DerivedDataCache/Buckets/LegacyTEXTURE/b6/9c/c2e067acb95c75fbe686cda4ab6077e84ae8.udd" 3746
"C:/Users/d.seerig/AppData/Local/UnrealEngine/Common/DerivedDataCache/Buckets/LegacyTEXTURE/14/85/9c827822a2c4fc5f1a3d45db4fa8a7d48f4f.udd" 3747
"C:/Users/d.seerig/AppData/Local/UnrealEngine/Common/DerivedDataCache/Buckets/LegacyTEXTURE/0d/98/07be72ddacb33afad248c2c226772170ce7d.udd" 3748
"C:/Users/d.seerig/AppData/Local/UnrealEngine/Common/DerivedDataCache/Buckets/LegacyTEXTURE/50/e7/28ed3c3619e210ad1fcea0262ef75460145e.udd" 3749
"C:/Users/d.seerig/AppData/Local/UnrealEngine/Common/DerivedDataCache/Buckets/LegacyTEXTURE/49/17/6e037e6a5533134818812e8f004f21f244e4.udd" 3750
"C:/Users/d.seerig/AppData/Local/UnrealEngine/Common/DerivedDataCache/Buckets/LegacyTEXTURE/3a/9f/9b36d9527dc0652980bb68e973764eeef3fa.udd" 3751
"C:/Users/d.seerig/AppData/Local/UnrealEngine/Common/DerivedDataCache/Buckets/LegacyTEXTURE/76/bc/a7e1d32464e0440437bf522f683fbc9341db.udd" 3752
"C:/Users/d.seerig/AppData/Local/UnrealEngine/Common/DerivedDataCache/Buckets/LegacyTEXTURE/a1/fa/4ae6f5049deed4965d4fd8b10dcfdd6ae2d2.udd" 3753
"C:/Users/d.seerig/AppData/Local/UnrealEngine/Common/DerivedDataCache/Buckets/LegacyTEXTURE/76/c2/9bdf4c07a07aeb5929d89c06f7e67a9c006c.udd" 3754
"C:/Users/d.seerig/AppData/Local/UnrealEngine/Common/DerivedDataCache/Buckets/LegacyTEXTURE/61/84/500293bdac592edc89b3c51237a651a2bac8.udd" 3755
"C:/Users/d.seerig/AppData/Local/UnrealEngine/Common/DerivedDataCache/Buckets/LegacyTEXTURE/ab/03/c1ea007f94019fd693c9ee93d50dafe7fe3e.udd" 3756
"C:/Users/d.seerig/AppData/Local/UnrealEngine/Common/DerivedDataCache/Buckets/LegacyTEXTURE/54/03/7d2d712484ae0e7bdd2b30e4f4196cd533d0.udd" 3757
"D:/Progetti/PurgatorySeaServer/Unreal Engine/PurgatorySea/Content/Blueprints/Core/BP_PlayerController.uasset" 3758
"C:/Users/d.seerig/AppData/Local/UnrealEngine/Common/DerivedDataCache/Buckets/LegacyTEXTURE/00/c2/c912a96b27836973739b148b764946d4b75e.udd" 3759
"C:/Users/d.seerig/AppData/Local/UnrealEngine/Common/DerivedDataCache/Buckets/LegacyTEXTURE/22/f2/6c8561eaa57b92d2e89ad494ae4a912d7941.udd" 3760
"C:/Users/d.seerig/AppData/Local/UnrealEngine/Common/DerivedDataCache/Buckets/LegacyTEXTURE/12/de/3fffc718a2417151418c951984d6fa4f7fbe.udd" 3761
"C:/Users/d.seerig/AppData/Local/UnrealEngine/Common/DerivedDataCache/Buckets/LegacyTEXTURE/01/e3/8907cfd08641c440e00787a1e85cd3f85af1.udd" 3762
"C:/Users/d.seerig/AppData/Local/UnrealEngine/Common/DerivedDataCache/Buckets/LegacyTEXTURE/ce/dd/9b723fdcb9bb0e457ba51da79e693d1f363f.udd" 3763
"C:/Users/d.seerig/AppData/Local/UnrealEngine/Common/DerivedDataCache/Buckets/BulkDataList/63/0a/b85bbd7162401dc9b140de244d5a2207e791.udd" 3764
"C:/Users/d.seerig/AppData/Local/UnrealEngine/Common/DerivedDataCache/Buckets/LegacyTEXTURE/3c/00/151aa197c8ad5cd0f611f25bcfa91338cd82.udd" 3765
"D:/Progetti/PurgatorySeaServer/Unreal Engine/PurgatorySea/Content/Blueprints/Core/BP_Controller.uasset" 3766
"C:/Users/d.seerig/AppData/Local/UnrealEngine/Common/DerivedDataCache/Buckets/LegacyTEXTURE/23/48/910b95d7483f0f5ad645e0e412a55372b819.udd" 3767
"C:/Users/d.seerig/AppData/Local/UnrealEngine/Common/DerivedDataCache/Buckets/LegacyTEXTURE/f0/2b/05c23920f98eff559d59d53892137e5fff7e.udd" 3768
"C:/Users/d.seerig/AppData/Local/UnrealEngine/Common/DerivedDataCache/Buckets/LegacyTEXTURE/97/31/cea84f484fc3749ab5db8adb2dfcc45d240d.udd" 3769
"C:/Users/d.seerig/AppData/Local/UnrealEngine/Common/DerivedDataCache/Buckets/LegacyTEXTURE/39/f0/d29d006f89ba4eff75ee7b9a30e06fe41bf1.udd" 3770
"C:/Users/d.seerig/AppData/Local/UnrealEngine/Common/DerivedDataCache/Buckets/LegacyTEXTURE/24/16/5a2db1c09b0b05ecc6765d54713114acc428.udd" 3771
"C:/Users/d.seerig/AppData/Local/UnrealEngine/Common/DerivedDataCache/Buckets/LegacyTEXTURE/7a/79/31e692855985c87be56fa5fa99e1abbb6555.udd" 3772
"D:/Progetti/PurgatorySeaServer/Unreal Engine/PurgatorySea/Content/Blueprints/BP_BoardPositions.uasset" 3773
"C:/Users/d.seerig/AppData/Local/UnrealEngine/Common/DerivedDataCache/Buckets/LegacyTEXTURE/25/7a/5f250d2d9e03a4a73368e8967e24363fbf41.udd" 3774
"C:/Users/d.seerig/AppData/Local/UnrealEngine/Common/DerivedDataCache/Buckets/LegacyTEXTURE/ce/ad/1bfc67c0c67c721bb52f1ad53a3f9e664e1c.udd" 3775
"C:/Users/d.seerig/AppData/Local/UnrealEngine/Common/DerivedDataCache/Buckets/LegacyTEXTURE/09/27/5054b01a4eebf5c11fb426678e8a387438e0.udd" 3776
"C:/Users/d.seerig/AppData/Local/UnrealEngine/Common/DerivedDataCache/Buckets/LegacyTEXTURE/54/da/4e05794503eefa279a6907f4cdfec01950f9.udd" 3777
"C:/Users/d.seerig/AppData/Local/UnrealEngine/Common/DerivedDataCache/Buckets/LegacyTEXTURE/cc/47/facc284362c9c537f7879e4117b6c125be6f.udd" 3778
"C:/Users/d.seerig/AppData/Local/UnrealEngine/Common/DerivedDataCache/Buckets/LegacyTEXTURE/48/3e/28e7b74308825d82c35ea5867862c4c8c246.udd" 3779
"C:/Users/d.seerig/AppData/Local/UnrealEngine/Common/DerivedDataCache/Buckets/BulkDataList/d9/07/9f579c72a63125226d4e5a18b5b92a9ec67f.udd" 3780
"../../../Engine/Content/EngineMaterials/DefaultCalibrationGrayscale.uasset" 3781
"C:/Users/d.seerig/AppData/Local/UnrealEngine/Common/DerivedDataCache/Buckets/LegacyTEXTURE/cb/e5/f85dcefab6e4b0cdc5d719d2af266f1ca8f9.udd" 3782
"C:/Users/d.seerig/AppData/Local/UnrealEngine/Common/DerivedDataCache/Buckets/LegacyTEXTURE/19/37/cbff006fb3e2430d4c892ad98c748bf243a3.udd" 3783
"C:/Users/d.seerig/AppData/Local/UnrealEngine/Common/DerivedDataCache/Buckets/LegacyTEXTURE/b8/12/1549b57cfd90f7632a0e64650df9e673cede.udd" 3784
"C:/Users/d.seerig/AppData/Local/UnrealEngine/Common/DerivedDataCache/Buckets/LegacyTEXTURE/f7/9e/82aaf7ad024cb835c4cec94eb53fabe5a835.udd" 3785
"C:/Users/d.seerig/AppData/Local/UnrealEngine/Common/DerivedDataCache/Buckets/LegacyTEXTURE/31/fa/5043931f5ff72d84b81700bb7b3803dd3455.udd" 3786
"C:/Users/d.seerig/AppData/Local/UnrealEngine/Common/DerivedDataCache/Buckets/BulkDataList/d5/d3/355da7ec06a3cc5b09b0008496bc0deaaa5d.udd" 3787
"C:/Users/d.seerig/AppData/Local/UnrealEngine/Common/DerivedDataCache/Buckets/LegacyTEXTURE/61/61/5506d1af6bd06595564ca6d6c242d4b57a4a.udd" 3788
"C:/Users/d.seerig/AppData/Local/UnrealEngine/Common/DerivedDataCache/Buckets/LegacyTEXTURE/59/17/aa185ce4848647a75be136f66d771d76b1f9.udd" 3789
"C:/Users/d.seerig/AppData/Local/UnrealEngine/Common/DerivedDataCache/Buckets/LegacyTEXTURE/40/23/5ee2ec1a684573dd46ee2ab29ac3302beb4e.udd" 3790
"C:/Users/d.seerig/AppData/Local/UnrealEngine/Common/DerivedDataCache/Buckets/LegacyTEXTURE/05/9b/ddefa95724fdbd506c1981fd7bc923b50235.udd" 3791
"C:/Users/d.seerig/AppData/Local/UnrealEngine/Common/DerivedDataCache/Buckets/LegacyTEXTURE/2d/44/d1a29528844b29bce983064fa76e45056be2.udd" 3792
"../../../Engine/Content/EngineMaterials/DefaultCalibrationColor.uasset" 3793
"C:/Users/d.seerig/AppData/Local/UnrealEngine/Common/DerivedDataCache/Buckets/LegacyTEXTURE/f2/14/be3dc17ef9d4b7552095343e3ffd1082b28e.udd" 3794
"C:/Users/d.seerig/AppData/Local/UnrealEngine/Common/DerivedDataCache/Buckets/LegacyTEXTURE/ed/c0/d8acbe020c316993b3d699a6fd48d5ec79dd.udd" 3795
"C:/Users/d.seerig/AppData/Local/UnrealEngine/Common/DerivedDataCache/Content/0d/5d/a330252df51040fbe661a19d14df30ceb5d3.udd" 3796
"C:/Users/d.seerig/AppData/Local/UnrealEngine/Common/DerivedDataCache/Content/76/00/0e06c5ee84d277d6162f07d1455406ce6252.udd" 3797
"C:/Users/d.seerig/AppData/Local/UnrealEngine/Common/DerivedDataCache/Buckets/LegacyTEXTURE/67/7a/255a19542f032cb8aea9cd9580f460308b31.udd" 3798
"C:/Users/d.seerig/AppData/Local/UnrealEngine/Common/DerivedDataCache/Buckets/BulkDataList/16/b6/ec8bd1c4ca8a2a12ab09276994e9f219e6ea.udd" 3799
"C:/Users/d.seerig/AppData/Local/UnrealEngine/Common/DerivedDataCache/Buckets/LegacyTEXTURE/eb/9e/2da3d7cb44b59f886bf73762efa19596e9d4.udd" 3800
"C:/Users/d.seerig/AppData/Local/UnrealEngine/Common/DerivedDataCache/Buckets/LegacyTEXTURE/62/e8/c99cd5564d5e8d90eb25ed4cabf492e76c53.udd" 3801
"C:/Users/d.seerig/AppData/Local/UnrealEngine/Common/DerivedDataCache/Buckets/LegacyTEXTURE/53/c8/43795f97895b941ec0d02b714b00679521c0.udd" 3802
"../../../Engine/Content/MobileResources/HUD/VirtualJoystick_Background.uasset" 3803
"C:/Users/d.seerig/AppData/Local/UnrealEngine/Common/DerivedDataCache/Buckets/LegacyTEXTURE/d8/d6/332f2df0364e7c96c838b3efa105373231cc.udd" 3804
"C:/Users/d.seerig/AppData/Local/UnrealEngine/Common/DerivedDataCache/Buckets/LegacyTEXTURE/89/b3/bcc1e1d998c6a01efd0ca576682ff25baa8c.udd" 3805
"C:/Users/d.seerig/AppData/Local/UnrealEngine/Common/DerivedDataCache/Buckets/LegacyTEXTURE/c2/6d/7b1ec9c583b21f7bc9f89461ff77617591ce.udd" 3806
"C:/Users/d.seerig/AppData/Local/UnrealEngine/Common/DerivedDataCache/Buckets/BulkDataList/76/0f/3df10629027b5d58f34fa77553bb364a9053.udd" 3807
"../../../Engine/Content/MobileResources/HUD/VirtualJoystick_Thumb.uasset" 3808
"C:/Users/d.seerig/AppData/Local/UnrealEngine/Common/DerivedDataCache/Buckets/LegacyTEXTURE/5f/68/b4db8348ef937523e7fbf3aedb89f2bc54c2.udd" 3809
"C:/Users/d.seerig/AppData/Local/UnrealEngine/Common/DerivedDataCache/Buckets/LegacyTEXTURE/e1/9a/1ec09920dc611caeadb9a01a44e71102a068.udd" 3810
"C:/Users/d.seerig/AppData/Local/UnrealEngine/Common/DerivedDataCache/Buckets/BulkDataList/9b/cd/9d41c99d8d73912910ce6fb81f7db3c39057.udd" 3811
"C:/Users/d.seerig/AppData/Local/UnrealEngine/Common/DerivedDataCache/Buckets/LegacyTEXTURE/3a/0f/238d4a5224d745d5c7559d8b1092c88ba0ac.udd" 3812
"../../../Engine/Content/EngineSounds/Submixes/MasterEQEffectPreset.uasset" 3813
"C:/Users/d.seerig/AppData/Local/UnrealEngine/Common/DerivedDataCache/Buckets/LegacyTEXTURE/fa/3e/38d09dd90e0e59045eec35dc121c44560729.udd" 3814
"C:/Users/d.seerig/AppData/Local/UnrealEngine/Common/DerivedDataCache/Buckets/LegacyTEXTURE/b5/23/871e830702141e2c833f0b666e5049495ec7.udd" 3815
"C:/Users/d.seerig/AppData/Local/UnrealEngine/Common/DerivedDataCache/Buckets/BulkDataList/35/90/b995c09ecf4552533771ef617dc6a3fbe1f3.udd" 3816
"../../../Engine/Content/EngineSounds/Submixes/MasterReverbEffectPreset.uasset" 3817
"C:/Users/d.seerig/AppData/Local/UnrealEngine/Common/DerivedDataCache/Buckets/LegacyTEXTURE/89/6a/ca87a74e5e4f0f69379cb7bb10d36267c4a7.udd" 3818
"C:/Users/d.seerig/AppData/Local/UnrealEngine/Common/DerivedDataCache/Buckets/LegacyTEXTURE/76/b3/21d5b3ac7a54ef7feb7460d62b01f54b2cd3.udd" 3819
"C:/Users/d.seerig/AppData/Local/UnrealEngine/Common/DerivedDataCache/Buckets/LegacyTEXTURE/01/d3/3a5d1a9972cf8979520cfbb86260699d926b.udd" 3820
"C:/Users/d.seerig/AppData/Local/UnrealEngine/Common/DerivedDataCache/Buckets/LegacyTEXTURE/eb/fe/df1466821860824b44b08717f2ea42123a65.udd" 3821
"C:/Users/d.seerig/AppData/Local/UnrealEngine/Common/DerivedDataCache/Buckets/LegacyTEXTURE/de/f1/32b8217da35f2bea8c0b61432f8c1491d296.udd" 3822
"C:/Users/d.seerig/AppData/Local/UnrealEngine/Common/DerivedDataCache/Buckets/BulkDataList/40/96/657426cfdde88a6df72a85e14575c095c6b3.udd" 3823
"../../../Engine/Content/EditorMaterials/PreviewShadowIndicator.uasset" 3824
"C:/Users/d.seerig/AppData/Local/UnrealEngine/Common/DerivedDataCache/Buckets/LegacyTEXTURE/14/d7/7682950f655b1c69e771a373561b1489c82d.udd" 3825
"C:/Users/d.seerig/AppData/Local/UnrealEngine/Common/DerivedDataCache/Buckets/LegacyTEXTURE/16/05/01e3d792e459b0d32d52708786075607c46c.udd" 3826
"C:/Users/d.seerig/AppData/Local/UnrealEngine/Common/DerivedDataCache/Buckets/BulkDataList/e5/90/240c458c4eaf635a376dd5c56f023e332569.udd" 3827
"../../../Engine/Content/Maps/Entry_BuiltData.uasset" 3828
"C:/Users/d.seerig/AppData/Local/UnrealEngine/Common/DerivedDataCache/Buckets/LegacyTEXTURE/c3/c4/d41b5d695ae95290e3a89541e2c46cca8aac.udd" 3829
"C:/Users/d.seerig/AppData/Local/UnrealEngine/Common/DerivedDataCache/Buckets/LegacyTEXTURE/7d/29/21b75255e1138371749d3534915af95014d9.udd" 3830
"C:/Users/d.seerig/AppData/Local/UnrealEngine/Common/DerivedDataCache/Buckets/BulkDataList/22/d5/fbb369b0625c48ed5e14c6fe8a48706390b0.udd" 3831
"C:/Users/d.seerig/AppData/Local/UnrealEngine/Common/DerivedDataCache/Content/58/1e/0201ad0d7f41a3e14d83da6fdd25af704115.udd" 3832
"../../../Engine/Content/BasicShapes/BasicShapeMaterial.uasset" 3833
"C:/Users/d.seerig/AppData/Local/UnrealEngine/Common/DerivedDataCache/Buckets/LegacyTEXTURE/b0/46/570928b02597492f4f07872062198ee5c458.udd" 3834
"C:/Users/d.seerig/AppData/Local/UnrealEngine/Common/DerivedDataCache/Buckets/BulkDataList/4e/26/be8657dc6ded7b4c58842034eb84e941843a.udd" 3835
"../../../Engine/Content/EngineSky/M_SimpleSkyDome.uasset" 3836
"C:/Users/d.seerig/AppData/Local/UnrealEngine/Common/DerivedDataCache/Buckets/BulkDataList/5d/0a/33ac504509f349fcb4abf7d5368b215d0c2c.udd" 3837
"../../../Engine/Content/EngineSky/T_Sky_Blue.uasset" 3838
"C:/Users/d.seerig/AppData/Local/UnrealEngine/Common/DerivedDataCache/Buckets/BulkDataList/0d/88/d751c132faf209ff6c29330e084a1be5f85e.udd" 3839
"C:/Users/d.seerig/AppData/Local/UnrealEngine/Common/DerivedDataCache/Buckets/LegacyTEXTURE/60/bc/7f0416b7e8ee271ea7e6bbfda554e7d7d598.udd" 3840
"../../../Engine/Content/EngineSky/T_Sky_Clouds_M.uasset" 3841
"C:/Users/d.seerig/AppData/Local/UnrealEngine/Common/DerivedDataCache/Buckets/LegacyTEXTURE/ef/b7/5a9e00e08f142e67e7c2778776bbc5e57b95.udd" 3842
"C:/Users/d.seerig/AppData/Local/UnrealEngine/Common/DerivedDataCache/Buckets/LegacyTEXTURE/ec/db/ab052948e6af57f894d63c401bf2c39a2aa2.udd" 3843
"C:/Users/d.seerig/AppData/Local/UnrealEngine/Common/DerivedDataCache/Buckets/MaterialShaderMap/01/c1/1a2ada0a910e6d62693724a322caef5f1dc9.udd" 3844
"C:/Users/d.seerig/AppData/Local/UnrealEngine/Common/DerivedDataCache/Buckets/LegacyTEXTURE/b1/13/d23f04bcb004161796d0cb5b2e5bd664429b.udd" 3845
"C:/Users/d.seerig/AppData/Local/UnrealEngine/Common/DerivedDataCache/Buckets/MaterialShaderMap/a4/d3/43336738f3e626c5cc2f9fa3b70c03b08ce2.udd" 3846
"C:/Users/d.seerig/AppData/Local/UnrealEngine/Common/DerivedDataCache/Buckets/LegacyTEXTURE/6c/1e/ad3776a4811cb6032bf762b75193b802db21.udd" 3847
"C:/Users/d.seerig/AppData/Local/UnrealEngine/Common/DerivedDataCache/Buckets/LegacyTEXTURE/62/ae/85eaa5ec7a4789b174f939cc82004a07c999.udd" 3848
"C:/Users/d.seerig/AppData/Local/UnrealEngine/Common/DerivedDataCache/Buckets/LegacyTEXTURE/29/1a/6068c8a9be4c8289345fca118007a9c6d118.udd" 3849
"C:/Users/d.seerig/AppData/Local/UnrealEngine/Common/DerivedDataCache/Buckets/LegacyTEXTURE/79/31/d2a406093c31ae8a608a66f0ad2c96c33f24.udd" 3850
"C:/Users/d.seerig/AppData/Local/UnrealEngine/Common/DerivedDataCache/Buckets/LegacyTEXTURE/bb/65/0cd13ea1568ca632eba439cac5643e3c1db0.udd" 3851
"C:/Users/d.seerig/AppData/Local/UnrealEngine/Common/DerivedDataCache/Buckets/LegacyTEXTURE/64/ac/1284fcf128e4922ffd32fdd4b840a5f14c5f.udd" 3852
"C:/Users/d.seerig/AppData/Local/UnrealEngine/Common/DerivedDataCache/Buckets/LegacyTEXTURE/68/4b/3d3419926cfa675a66f40effc4ee0a0e5770.udd" 3853
"C:/Users/d.seerig/AppData/Local/UnrealEngine/Common/DerivedDataCache/Buckets/LegacyTEXTURE/9b/f8/4997e7d65c24a28472a5b8244431c07411ab.udd" 3854
"C:/Users/d.seerig/AppData/Local/UnrealEngine/Common/DerivedDataCache/Buckets/LegacyTEXTURE/07/b9/90bd29a20b7bc29fe8dd1f15a320999bd04f.udd" 3855
"C:/Users/d.seerig/AppData/Local/UnrealEngine/Common/DerivedDataCache/Buckets/LegacyTEXTURE/e9/42/5a4effa6c53d8978a4baf640a762f82672f7.udd" 3856
"C:/Users/d.seerig/AppData/Local/UnrealEngine/Common/DerivedDataCache/Buckets/LegacyTEXTURE/36/25/8a3f62a0486b50282a88bcc13b103150eda1.udd" 3857
"C:/Users/d.seerig/AppData/Local/UnrealEngine/Common/DerivedDataCache/Buckets/MaterialShaderMap/34/87/ac72f1174317c7eb8b8289a14ac5be96577c.udd" 3858
"C:/Users/d.seerig/AppData/Local/UnrealEngine/Common/DerivedDataCache/Buckets/LegacyTEXTURE/88/41/23e8a8863a534f272376ee54ccf8ca7c69f5.udd" 3859
"C:/Users/d.seerig/AppData/Local/UnrealEngine/Common/DerivedDataCache/Buckets/LegacyTEXTURE/e7/68/cc5bd29c36263ed85e79d01289797a1b2a0d.udd" 3860
"../../../Engine/Content/EngineSky/T_Sky_Stars.uasset" 3861
"C:/Users/d.seerig/AppData/Local/UnrealEngine/Common/DerivedDataCache/Buckets/LegacyTEXTURE/ca/bf/10a41f712edc33d121d53440262822c17a91.udd" 3862
"C:/Users/d.seerig/AppData/Local/UnrealEngine/Common/DerivedDataCache/Buckets/LegacyTEXTURE/20/2e/774844c27ab258b2e770efa5e4ea9d8bd24d.udd" 3863
"C:/Users/d.seerig/AppData/Local/UnrealEngine/Common/DerivedDataCache/Buckets/MaterialShaderMap/22/12/00289bddd876cc5a7fdbf8217bc8a706f5b8.udd" 3864
"C:/Users/d.seerig/AppData/Local/UnrealEngine/Common/DerivedDataCache/Buckets/LegacyTEXTURE/c8/76/9ff36cb18833a4c32074a93d7cbd0bb4c135.udd" 3865
"C:/Users/d.seerig/AppData/Local/UnrealEngine/Common/DerivedDataCache/Buckets/LegacyTEXTURE/4f/82/e6cb309efc7108d0c47cb8475a1e8518c7b0.udd" 3866
"C:/Users/d.seerig/AppData/Local/UnrealEngine/Common/DerivedDataCache/Content/6c/e1/59f406ea2366b763df9a55a7a997c429a076.udd" 3867
"C:/Users/d.seerig/AppData/Local/UnrealEngine/Common/DerivedDataCache/Buckets/LegacyTEXTURE/9a/aa/47ad271d7aff3b9bf67e9f5a52603e345893.udd" 3868
"C:/Users/d.seerig/AppData/Local/UnrealEngine/Common/DerivedDataCache/Buckets/LegacyTEXTURE/ce/37/4240d61f0b50ee50eab4e58ea0bc584b8534.udd" 3869
"C:/Users/d.seerig/AppData/Local/UnrealEngine/Common/DerivedDataCache/Buckets/LegacyTEXTURE/e3/96/27d67b9f4bec3e3150b2c9f32db356ac42f5.udd" 3870
"C:/Users/d.seerig/AppData/Local/UnrealEngine/Common/DerivedDataCache/Buckets/LegacyTEXTURE/3f/65/17db0a41f6d67078ed2900dcba90b845e2f0.udd" 3871
"C:/Users/d.seerig/AppData/Local/UnrealEngine/Common/DerivedDataCache/Buckets/LegacyTEXTURE/b9/0d/288e0b89e3e25bf113d472b522080325bc53.udd" 3872
"C:/Users/d.seerig/AppData/Local/UnrealEngine/Common/DerivedDataCache/Buckets/LegacyTEXTURE/9c/fe/b18048d210c2efabd88991c5e1696259b003.udd" 3873
"C:/Users/d.seerig/AppData/Local/UnrealEngine/Common/DerivedDataCache/Buckets/LegacyTEXTURE/83/91/eb36e3f9875aaecd138820ab479f93222ffa.udd" 3874
"C:/Users/d.seerig/AppData/Local/UnrealEngine/Common/DerivedDataCache/Buckets/LegacyTEXTURE/7d/31/dd466ff03d9f5478016a05e9a56cfd7d8c3a.udd" 3875
"../../../Engine/Content/EngineMaterials/BlendFunc_DefBase.uasset" 3876
"C:/Users/d.seerig/AppData/Local/UnrealEngine/Common/DerivedDataCache/Buckets/LegacyTEXTURE/4a/9e/0121e7c8d4266fecc1210e156d9392f90a20.udd" 3877
"C:/Users/d.seerig/AppData/Local/UnrealEngine/Common/DerivedDataCache/Buckets/LegacyTEXTURE/95/65/0a356c7ef6ef7b09978380ebf58b3db8b8d4.udd" 3878
"C:/Users/d.seerig/AppData/Local/UnrealEngine/Common/DerivedDataCache/Buckets/LegacyTEXTURE/3a/08/b2397fd0e7c7d9bae3fbbe8ede6d793e5091.udd" 3879
"C:/Users/d.seerig/AppData/Local/UnrealEngine/Common/DerivedDataCache/Buckets/LegacyTEXTURE/60/10/62ff3158abd11f213e4b172567f12f024d3c.udd" 3880
"C:/Users/d.seerig/AppData/Local/UnrealEngine/Common/DerivedDataCache/Buckets/LegacyTEXTURE/fc/0c/84cf27750550488a4ec3521e9ab40d8dc381.udd" 3881
"C:/Users/d.seerig/AppData/Local/UnrealEngine/Common/DerivedDataCache/Buckets/LegacyTEXTURE/f3/0b/c711dcf4379d328628392f08b59a4cfe0b6d.udd" 3882
"C:/Users/d.seerig/AppData/Local/UnrealEngine/Common/DerivedDataCache/Buckets/LegacyTEXTURE/59/f1/02a7622e19756a130235a9e961425130c8af.udd" 3883
"C:/Users/d.seerig/AppData/Local/UnrealEngine/Common/DerivedDataCache/Buckets/LegacyTEXTURE/0a/1a/42679777a15d2cfa6c348e3e324809f2d57f.udd" 3884
"C:/Users/d.seerig/AppData/Local/UnrealEngine/Common/DerivedDataCache/Content/ca/4b/cebeb274e621f10803c1cfa909aa22a355b9.udd" 3885
"C:/Users/d.seerig/AppData/Local/UnrealEngine/Common/DerivedDataCache/Buckets/LegacyTEXTURE/32/58/4f5ff15e20270b599f361686e0347565765f.udd" 3886
"../../../Engine/Content/EngineMaterials/BlendFunc_DefBlend.uasset" 3887
"C:/Users/d.seerig/AppData/Local/UnrealEngine/Common/DerivedDataCache/Buckets/LegacyTEXTURE/4e/b6/6189149b06bb981008963afdaf80a159063d.udd" 3888
"C:/Users/d.seerig/AppData/Local/UnrealEngine/Common/DerivedDataCache/Buckets/LegacyTEXTURE/da/82/bf537c9b9b5081ae92904784aec9b47ff65c.udd" 3889
"C:/Users/d.seerig/AppData/Local/UnrealEngine/Common/DerivedDataCache/Buckets/LegacyTEXTURE/df/9a/21a0042395ddd4e4edb7116911e0e0ba0af5.udd" 3890
"C:/Users/d.seerig/AppData/Local/UnrealEngine/Common/DerivedDataCache/Content/3c/32/217bdde13f0eb6bf33b95c318f13c6390014.udd" 3891
"C:/Users/d.seerig/AppData/Local/UnrealEngine/Common/DerivedDataCache/Buckets/LegacyTEXTURE/81/57/07461cc4dbed3f88f48d5213d252ef7d24ea.udd" 3892
"../../../Engine/Content/Functions/Engine_MaterialFunctions02/Utility/MakeFloat3.uasset" 3893
"C:/Users/d.seerig/AppData/Local/UnrealEngine/Common/DerivedDataCache/Buckets/LegacyTEXTURE/f1/53/ebf8ee293926759a5f4e276e22f5e6515644.udd" 3894
"../../../Engine/Content/OpenWorldTemplate/LandscapeMaterial/T_GridChecker_A.uasset" 3895
"C:/Users/d.seerig/AppData/Local/UnrealEngine/Common/DerivedDataCache/Buckets/LegacyTEXTURE/bf/85/681f16cdbb8a2150360bb56392e8c42e60da.udd" 3896
"C:/Users/d.seerig/AppData/Local/UnrealEngine/Common/DerivedDataCache/Buckets/LegacyTEXTURE/98/65/cd6f876104553c4de5ad502e02009c0233ea.udd" 3897
"C:/Users/d.seerig/AppData/Local/UnrealEngine/Common/DerivedDataCache/Buckets/LegacyTEXTURE/8a/7b/2c8b3443e974dd3946d3f15c1b79307e74c9.udd" 3898
"../../../Engine/Content/Functions/Engine_MaterialFunctions01/Gradient/LinearGradient.uasset" 3899
"C:/Users/d.seerig/AppData/Local/UnrealEngine/Common/DerivedDataCache/Buckets/LegacyTEXTURE/c5/dd/02b197852c3999ac043e630f44c119fe48ff.udd" 3900
"C:/Users/d.seerig/AppData/Local/UnrealEngine/Common/DerivedDataCache/Buckets/LegacyTEXTURE/6a/83/09ebcb48853ee6b72a5bab767b010d260644.udd" 3901
"D:/Progetti/PurgatorySeaServer/Unreal Engine/PurgatorySea/Content/Models/Ships/uss-jack-h-lucas-ddg-125/source/Jack_H__Lucas/Jack_H/Mat_10.uasset" 3902
"C:/Users/d.seerig/AppData/Local/UnrealEngine/Common/DerivedDataCache/Buckets/LegacyTEXTURE/d9/86/bee622e9429aae8af055cb2573e880cdd23d.udd" 3903
"C:/Users/d.seerig/AppData/Local/UnrealEngine/Common/DerivedDataCache/Buckets/LegacyTEXTURE/be/00/f70bc8ff07499fc1509f120244dfd9467600.udd" 3904
"C:/Users/d.seerig/AppData/Local/UnrealEngine/Common/DerivedDataCache/Buckets/LegacyTEXTURE/37/ac/b3c2c6800c1d5bc177ee933cdec272592880.udd" 3905
"C:/Users/d.seerig/AppData/Local/UnrealEngine/Common/DerivedDataCache/Buckets/LegacyTEXTURE/40/08/89d7a08951100a5ee45f2e11baab998e7c27.udd" 3906
"C:/Users/d.seerig/AppData/Local/UnrealEngine/Common/DerivedDataCache/Buckets/LegacyTEXTURE/19/94/07ce521207bf999528b775717868585beaec.udd" 3907
"D:/Progetti/PurgatorySeaServer/Unreal Engine/PurgatorySea/Content/Models/Ships/submarine/source/submarin_.uasset" 3908
"C:/Users/d.seerig/AppData/Local/UnrealEngine/Common/DerivedDataCache/Buckets/LegacyTEXTURE/f8/1e/506798f0e4c8efec967ffabb2da399f688f4.udd" 3909
"C:/Users/d.seerig/AppData/Local/UnrealEngine/Common/DerivedDataCache/Buckets/LegacyTEXTURE/a8/f9/47c7d08385966a4aa0f2e4d7885458aa3f38.udd" 3910
"C:/Users/d.seerig/AppData/Local/UnrealEngine/Common/DerivedDataCache/Buckets/LegacyTEXTURE/61/82/dfc2994865e80eeb3c6c846299cd239ad9b8.udd" 3911
"C:/Users/d.seerig/AppData/Local/UnrealEngine/Common/DerivedDataCache/Buckets/LegacyTEXTURE/2d/b0/3e229466651610bbc3d44bad014f634e1ca3.udd" 3912
"D:/Progetti/PurgatorySeaServer/Unreal Engine/PurgatorySea/Content/Models/Ships/Shershen-ClassTorpedoBoat/source/Shershen-ClassTorpedoBoat/Material_002.uasset" 3913
"C:/Users/d.seerig/AppData/Local/UnrealEngine/Common/DerivedDataCache/Buckets/LegacyTEXTURE/6b/2d/80cd988d4cb1ba10af76ab6f610cd6655416.udd" 3914
"C:/Users/d.seerig/AppData/Local/UnrealEngine/Common/DerivedDataCache/Buckets/LegacyTEXTURE/73/62/cdb42c4285b711711622770b1876927d80ec.udd" 3915
"C:/Users/d.seerig/AppData/Local/UnrealEngine/Common/DerivedDataCache/Buckets/LegacyTEXTURE/b2/00/2da52acc40eae6635eef5a1888c5a411dee6.udd" 3916
"C:/Users/d.seerig/AppData/Local/UnrealEngine/Common/DerivedDataCache/Buckets/LegacyTEXTURE/f4/28/2b6c43504fb796c95815b76ed0f1bff26e52.udd" 3917
"C:/Users/d.seerig/AppData/Local/UnrealEngine/Common/DerivedDataCache/Buckets/LegacyTEXTURE/db/f7/692a293d2bd19dbd121e6d877799448ace45.udd" 3918
"C:/Users/d.seerig/AppData/Local/UnrealEngine/Common/DerivedDataCache/Buckets/LegacyTEXTURE/19/9a/e1c4552740f435bee6021cbf17605b3b978a.udd" 3919
"D:/Progetti/PurgatorySeaServer/Unreal Engine/PurgatorySea/Content/Models/Ships/Shershen-ClassTorpedoBoat/source/Shershen-ClassTorpedoBoat/Material_001.uasset" 3920
"C:/Users/d.seerig/AppData/Local/UnrealEngine/Common/DerivedDataCache/Buckets/LegacyTEXTURE/3c/3d/c9d6c76c1434572f6a14e75ed4e8a22faaa7.udd" 3921
"C:/Users/d.seerig/AppData/Local/UnrealEngine/Common/DerivedDataCache/Buckets/LegacyTEXTURE/b2/00/cb8eaa083bbf6c9e5bbe77472cc008ba2e9e.udd" 3922
"C:/Users/d.seerig/AppData/Local/UnrealEngine/Common/DerivedDataCache/Buckets/LegacyTEXTURE/70/36/68f49b6acd097a81ff0cebc603693b474b81.udd" 3923
"C:/Users/d.seerig/AppData/Local/UnrealEngine/Common/DerivedDataCache/Buckets/LegacyTEXTURE/df/39/0e7339aedbecc3c96faa1631ba532aab26db.udd" 3924
"C:/Users/d.seerig/AppData/Local/UnrealEngine/Common/DerivedDataCache/Buckets/LegacyTEXTURE/4b/2f/c5e7a592c2a49f64f1bc409dc018ef33244a.udd" 3925
"C:/Users/d.seerig/AppData/Local/UnrealEngine/Common/DerivedDataCache/Buckets/LegacyTEXTURE/b1/bf/f7b045875789cc9db4f51e26863da05869a2.udd" 3926
"C:/Users/d.seerig/AppData/Local/UnrealEngine/Common/DerivedDataCache/Buckets/LegacyTEXTURE/25/0b/bec7fac9bf6f6721ea05f3e44a9ae85129fe.udd" 3927
"C:/Users/d.seerig/AppData/Local/UnrealEngine/Common/DerivedDataCache/Buckets/LegacyTEXTURE/bb/53/b46880fa6a05a6a9c9ba8fd239e3fb87b276.udd" 3928
"D:/Progetti/PurgatorySeaServer/Unreal Engine/PurgatorySea/Content/Models/Ships/japanese_underwater_aircraft_carrier/source/Dogo4sketch/Material__40.uasset" 3929
"C:/Users/d.seerig/AppData/Local/UnrealEngine/Common/DerivedDataCache/Buckets/LegacyTEXTURE/96/f4/08f62b3dfbbe86087d2b32d84e4f61f6f7aa.udd" 3930
"D:/Progetti/PurgatorySeaServer/Unreal Engine/PurgatorySea/Content/Models/Ships/chinese_aircraft_carrier/textures/Material_Palette_norm_0_Mat.uasset" 3931
"C:/Users/d.seerig/AppData/Local/UnrealEngine/Common/DerivedDataCache/Buckets/LegacyTEXTURE/f7/90/026994bd3734683c2bac49d33d2feaf0ffcd.udd" 3932
"C:/Users/d.seerig/AppData/Local/UnrealEngine/Common/DerivedDataCache/Buckets/LegacyTEXTURE/90/0b/fb1d80c8ec08d0733371dc27dc7356b8344a.udd" 3933
"D:/Progetti/PurgatorySeaServer/Unreal Engine/PurgatorySea/Content/Models/Ships/chinese_aircraft_carrier/source/Material_Palette_norm1.uasset" 3934
"D:/Progetti/PurgatorySeaServer/Unreal Engine/PurgatorySea/Content/Models/Ships/chinese_aircraft_carrier/source/Material_Palette_Mat.uasset" 3935
"D:/Progetti/PurgatorySeaServer/Unreal Engine/PurgatorySea/Content/Models/Ships/a/swift_boat_001.uasset" 3936
"C:/Users/d.seerig/AppData/Local/UnrealEngine/Common/DerivedDataCache/Buckets/LegacyTEXTURE/56/42/82e473da982fc18315ab6ba3730f81d62e94.udd" 3937
"C:/Users/d.seerig/AppData/Local/UnrealEngine/Common/DerivedDataCache/Buckets/BulkDataList/0f/e8/bf660d074af6e9373ea69a54ff684fd89973.udd" 3938
"D:/Progetti/PurgatorySeaServer/Unreal Engine/PurgatorySea/Content/Materials/MAT_EnemyTile_Vertical.uasset" 3939
"C:/Users/d.seerig/AppData/Local/UnrealEngine/Common/DerivedDataCache/Buckets/LegacyTEXTURE/6d/26/a675e215288ac355ca55c1aba42b15f04d61.udd" 3940
"C:/Users/d.seerig/AppData/Local/UnrealEngine/Common/DerivedDataCache/Buckets/BulkDataList/5d/d8/4810c12c3d5d3c78d13e0440eb73a7c9be6c.udd" 3941
"C:/Users/d.seerig/AppData/Local/UnrealEngine/Common/DerivedDataCache/Buckets/MaterialShaderMap/d3/39/d880c16f9afb287ff9d4d6a8c34901b5ee0f.udd" 3942
"C:/Users/d.seerig/AppData/Local/UnrealEngine/Common/DerivedDataCache/Buckets/MaterialShaderMap/0a/8a/443c54b8697a4badb142c22b5549b969c19f.udd" 3943
"C:/Users/d.seerig/AppData/Local/UnrealEngine/Common/DerivedDataCache/Buckets/LegacyTEXTURE/83/ad/eda52d7be3420305d6a1faba87d698e9b291.udd" 3944
"C:/Users/d.seerig/AppData/Local/UnrealEngine/Common/DerivedDataCache/Buckets/MaterialShaderMap/e7/6f/fbbcc524b3c8ffcdff0fd9004158ef228131.udd" 3945
"C:/Users/d.seerig/AppData/Local/UnrealEngine/Common/DerivedDataCache/Buckets/MaterialShaderMap/83/80/6683d4b5180d352130bcfad584eb28323683.udd" 3946
"C:/Users/d.seerig/AppData/Local/UnrealEngine/Common/DerivedDataCache/Buckets/LegacyTEXTURE/d9/63/9853f86cd39aeb2eb31200666b0549822a03.udd" 3947
"C:/Users/d.seerig/AppData/Local/UnrealEngine/Common/DerivedDataCache/Buckets/MaterialShaderMap/26/e8/6160a2904a847f27dbdd3921fb4b2a5ea34f.udd" 3948
"C:/Users/d.seerig/AppData/Local/UnrealEngine/Common/DerivedDataCache/Buckets/LegacyTEXTURE/fe/cb/de89be33d28670bdcec2794d7d2e823890ab.udd" 3949
"C:/Users/d.seerig/AppData/Local/UnrealEngine/Common/DerivedDataCache/Buckets/MaterialShaderMap/2f/fa/32b8300c00a253ea125500ca12fe4ee59f0b.udd" 3950
"C:/Users/d.seerig/AppData/Local/UnrealEngine/Common/DerivedDataCache/Buckets/MaterialShaderMap/de/af/ab55d1bafa48c8bd3a67c9ec56c4536cacf8.udd" 3951
"C:/Users/d.seerig/AppData/Local/UnrealEngine/Common/DerivedDataCache/Buckets/MaterialShaderMap/50/fb/034b7fca4ceb8b61198b0138ae8f3274e0c6.udd" 3952
"C:/Users/d.seerig/AppData/Local/UnrealEngine/Common/DerivedDataCache/Buckets/LegacyTEXTURE/01/11/2367ab735f95ccd1d58591c28b9c106585fe.udd" 3953
"C:/Users/d.seerig/AppData/Local/UnrealEngine/Common/DerivedDataCache/Buckets/MaterialShaderMap/81/0b/c65276072d4a97564bb7999f8f16833bf53b.udd" 3954
"C:/Users/d.seerig/AppData/Local/UnrealEngine/Common/DerivedDataCache/Buckets/MaterialShaderMap/f2/96/9b2e40180d6055c1272ee0be54dc877cb8f3.udd" 3955
"C:/Users/d.seerig/AppData/Local/UnrealEngine/Common/DerivedDataCache/Buckets/MaterialShaderMap/c2/d2/eb0e4c9065f161d1de940609ba70f42eecf9.udd" 3956
"C:/Users/d.seerig/AppData/Local/UnrealEngine/Common/DerivedDataCache/Buckets/MaterialShaderMap/ed/fe/8fda3bcea3595f1eeddee041aced97ebebf0.udd" 3957
"C:/Users/d.seerig/AppData/Local/UnrealEngine/Common/DerivedDataCache/Buckets/MaterialShaderMap/a9/5f/d3e443a8226477148193c1f3af6e251cd5de.udd" 3958
"C:/Users/d.seerig/AppData/Local/UnrealEngine/Common/DerivedDataCache/Buckets/LegacyTEXTURE/08/dc/ecfe4433e37884470f939b3e52429ed1b8b3.udd" 3959
"C:/Users/d.seerig/AppData/Local/UnrealEngine/Common/DerivedDataCache/Buckets/MaterialShaderMap/21/9d/19392d2337ffa5c884484c10e86c48e08f44.udd" 3960
"C:/Users/d.seerig/AppData/Local/UnrealEngine/Common/DerivedDataCache/Buckets/MaterialShaderMap/27/d3/134674364c4e849e7a91bcf74bc3e5b3b49e.udd" 3961
"C:/Users/d.seerig/AppData/Local/UnrealEngine/Common/DerivedDataCache/Buckets/MaterialShaderMap/81/1f/1c659a074440ca1efa5f4215f5b65dce7675.udd" 3962
"C:/Users/d.seerig/AppData/Local/UnrealEngine/Common/DerivedDataCache/Buckets/LegacyTEXTURE/70/75/39caabcaaf1b5ac3e42b1277078c9755e4a8.udd" 3963
"C:/Users/d.seerig/AppData/Local/UnrealEngine/Common/DerivedDataCache/Buckets/LegacyTEXTURE/e7/a9/15a72562b139fc1d2c520a9a6fff0095eaf4.udd" 3964
"C:/Users/d.seerig/AppData/Local/UnrealEngine/Common/DerivedDataCache/Buckets/MaterialShaderMap/86/52/1a73a40f78049d2b52ef187c17996e7553b0.udd" 3965
"C:/Users/d.seerig/AppData/Local/UnrealEngine/Common/DerivedDataCache/Buckets/MaterialShaderMap/39/d4/781087a372e74447a4e7f2715eb33cacd142.udd" 3966
"D:/Progetti/PurgatorySeaServer/Unreal Engine/PurgatorySea/Content/Materials/MAT_EnemyTile_Horizontal.uasset" 3967
"C:/Users/d.seerig/AppData/Local/UnrealEngine/Common/DerivedDataCache/Buckets/MaterialShaderMap/b2/80/c8e3d97a17c19e6d59758875f39497713328.udd" 3968
"C:/Users/d.seerig/AppData/Local/UnrealEngine/Common/DerivedDataCache/Buckets/LegacyTEXTURE/83/64/20128c0f52afbf2d0f9fc32c24ac803cccac.udd" 3969
"C:/Users/d.seerig/AppData/Local/UnrealEngine/Common/DerivedDataCache/Buckets/MaterialShaderMap/b6/e7/16edcd1abd0dc4bcadd02dae38c357d2df6e.udd" 3970
"C:/Users/d.seerig/AppData/Local/UnrealEngine/Common/DerivedDataCache/Buckets/LegacyTEXTURE/4e/55/3d93e04ae41bead33f27810cea875947365f.udd" 3971
"C:/Users/d.seerig/AppData/Local/UnrealEngine/Common/DerivedDataCache/Buckets/MaterialShaderMap/b7/88/fc1a853c74c3a426f61c801f6f35ff988e71.udd" 3972
"C:/Users/d.seerig/AppData/Local/UnrealEngine/Common/DerivedDataCache/Buckets/MaterialShaderMap/6d/3b/c0e77356628655358585bf850f6b1cb0a3ef.udd" 3973
"C:/Users/d.seerig/AppData/Local/UnrealEngine/Common/DerivedDataCache/Buckets/MaterialShaderMap/43/7f/3e224e7339e2be1fa04893816fe5628510cf.udd" 3974
"C:/Users/d.seerig/AppData/Local/UnrealEngine/Common/DerivedDataCache/Buckets/MaterialShaderMap/e4/90/3feea52fad915d620c9d2c5676b305209822.udd" 3975
"C:/Users/d.seerig/AppData/Local/UnrealEngine/Common/DerivedDataCache/Buckets/MaterialShaderMap/be/9c/9ca564e0c0a43a32469d78fa69c28168cb96.udd" 3976
"C:/Users/d.seerig/AppData/Local/UnrealEngine/Common/DerivedDataCache/Buckets/MaterialShaderMap/80/05/350924a190379824ac76a177c9ad3ea7cdd5.udd" 3977
"C:/Users/d.seerig/AppData/Local/UnrealEngine/Common/DerivedDataCache/Buckets/MaterialShaderMap/e1/4e/339dc3221981216038759928809d9f2c59b5.udd" 3978
"C:/Users/d.seerig/AppData/Local/UnrealEngine/Common/DerivedDataCache/Buckets/MaterialShaderMap/8f/4a/015187f275706ae14bc4d2d71ab6885ec47b.udd" 3979
"../../../Engine/Content/EngineMaterials/PPM_DefaultCalibrationGrayscale.uasset" 3980
"../../../Engine/Content/EngineMaterials/PPM_DefaultCalibrationColor.uasset" 3981
"../../../Engine/Content/MobileResources/HUD/DefaultVirtualJoysticks.uasset" 3982
"C:/Users/d.seerig/AppData/Local/UnrealEngine/Common/DerivedDataCache/Buckets/BulkDataList/62/69/b385f80132098cab4db6948f1a8d6ade8fcf.udd" 3983
"../../../Engine/Content/EditorMaterials/PreviewShadowIndicatorMaterial.uasset" 3984
"C:/Users/d.seerig/AppData/Local/UnrealEngine/Common/DerivedDataCache/Buckets/BulkDataList/f5/0f/48145eb5548265b514a409edc7d4f8dd1895.udd" 3985
"../../../Engine/Content/EngineSky/M_Sky_Panning_Clouds2.uasset" 3986
"C:/Users/d.seerig/AppData/Local/UnrealEngine/Common/DerivedDataCache/Buckets/BulkDataList/53/b7/b5cf696c4635e34348052b37f27bc2a526f5.udd" 3987
"../../../Engine/Content/Functions/Engine_MaterialFunctions03/Blends/Blend_Overlay.uasset" 3988
"C:/Users/d.seerig/AppData/Local/UnrealEngine/Common/DerivedDataCache/Buckets/BulkDataList/13/c8/6ea145687d544e662456a56017dbd981f9e8.udd" 3989
"../../../Engine/Content/Functions/Engine_MaterialFunctions01/ImageAdjustment/CheapContrast.uasset" 3990
"D:/Progetti/PurgatorySeaServer/Unreal Engine/PurgatorySea/Content/Models/Ships/submarine/source/M_M_submarin__M_M_submarin__Material_76EE1F6C40E07BD5E60630A5C0305BF8_77AE58FC46D673FA29FB4F8DD3EE322F.uasset" 3991
"D:/Progetti/PurgatorySeaServer/Unreal Engine/PurgatorySea/Content/Models/Ships/submarine/source/M_M_submarin__Material_BCAB66A5447DD5CDDB34FD8016F29695.uasset" 3992
"C:/Users/d.seerig/AppData/Local/UnrealEngine/Common/DerivedDataCache/Buckets/BulkDataList/e7/f1/96ac2964e9684c9a65f09654a977ece4a2e1.udd" 3993
"D:/Progetti/PurgatorySeaServer/Unreal Engine/PurgatorySea/Content/Models/Ships/submarine/source/M_M_submarin__Material_76EE1F6C40E07BD5E60630A5C0305BF8.uasset" 3994
"D:/Progetti/PurgatorySeaServer/Unreal Engine/PurgatorySea/Content/Models/Ships/submarine/source/M_M_submarin__Material_4BEC75D24FF84CF74479AB9DAEBC9077.uasset" 3995
"../../../Engine/Content/Maps/Entry.umap" 3996
"../../../Engine/Content/MapTemplates/SM_Template_Map_Floor.uasset" 3997
"C:/Users/d.seerig/AppData/Local/UnrealEngine/Common/DerivedDataCache/Buckets/BulkDataList/12/71/4f2a3dbb5c25e2dd72e220bd30655dd5b6c6.udd" 3998
"../../../Engine/Plugins/Animation/ControlRig/Content/Controls/ControlRig_Wedge_solid.uasset" 3999
"C:/Users/d.seerig/AppData/Local/UnrealEngine/Common/DerivedDataCache/Buckets/BulkDataList/ff/de/85c63cab623f37b10fb3e73b4f0db6fd84b7.udd" 4000
"../../../Engine/Plugins/Animation/ControlRig/Content/Controls/ControlRig_Wedge_3mm.uasset" 4001
"C:/Users/d.seerig/AppData/Local/UnrealEngine/Common/DerivedDataCache/Buckets/BulkDataList/92/1b/220dfc5fa333609ddeb1aba51da4b2ad3ad6.udd" 4002
"../../../Engine/Plugins/Animation/ControlRig/Content/Controls/ControlRig_Wedge_1mm.uasset" 4003
"../../../Engine/Plugins/Animation/ControlRig/Content/Controls/ControlRig_Triangle_solid.uasset" 4004
"C:/Users/d.seerig/AppData/Local/UnrealEngine/Common/DerivedDataCache/Buckets/BulkDataList/da/ac/fc86248d4231550956c71d281be0d16307a1.udd" 4005
"C:/Users/d.seerig/AppData/Local/UnrealEngine/Common/DerivedDataCache/Buckets/BulkDataList/39/50/a01b37d0442f674b1bea7e17c19cf0d3b263.udd" 4006
"../../../Engine/Plugins/Animation/ControlRig/Content/Controls/ControlRig_Triangle_3mm.uasset" 4007
"../../../Engine/Plugins/Animation/ControlRig/Content/Controls/ControlRig_Triangle_1mm.uasset" 4008
"C:/Users/d.seerig/AppData/Local/UnrealEngine/Common/DerivedDataCache/Buckets/BulkDataList/b7/57/78add309d6a1e5661c907d3a4424993a9a10.udd" 4009
"../../../Engine/Plugins/Animation/ControlRig/Content/Controls/ControlRig_Star4_solid.uasset" 4010
"../../../Engine/Plugins/Animation/ControlRig/Content/Controls/ControlRig_Star4_3mm.uasset" 4011
"../../../Engine/Plugins/Animation/ControlRig/Content/Controls/ControlRig_Star4_1mm.uasset" 4012
"C:/Users/d.seerig/AppData/Local/UnrealEngine/Common/DerivedDataCache/Buckets/StaticMesh/cf/f5/84eacf1aeb4813c8977ad07ea7bdf04e7657.udd" 4013
"C:/Users/d.seerig/AppData/Local/UnrealEngine/Common/DerivedDataCache/Content/60/21/427589688d45d555db051a52a8497916c185.udd" 4014
"../../../Engine/Plugins/Animation/ControlRig/Content/Controls/ControlRig_Square_solid.uasset" 4015
"C:/Users/d.seerig/AppData/Local/UnrealEngine/Common/DerivedDataCache/Buckets/LegacyDIST/75/45/bb92c47670e5c7bb5252bafe44a8ff7aa0b6.udd" 4016
"C:/Users/d.seerig/AppData/Local/UnrealEngine/Common/DerivedDataCache/Buckets/LegacyCARD/ef/83/9e02155ebf841560f5b5a519c1e2a2f6c4a1.udd" 4017
"C:/Users/d.seerig/AppData/Local/UnrealEngine/Common/DerivedDataCache/Buckets/LegacyChaosGeometryData/eb/69/8464c1d62467fe3099bb95a76def756e0bf3.udd" 4018
"C:/Users/d.seerig/AppData/Local/UnrealEngine/Common/DerivedDataCache/Buckets/LegacyNavCollision/60/ec/3d0617dc5150672db6bdda6844490817e826.udd" 4019
"C:/Users/d.seerig/AppData/Local/UnrealEngine/Common/DerivedDataCache/Buckets/MaterialShaderMap/ed/76/4dabeef743a60fa5cb145915bc41eb216dcd.udd" 4020
"C:/Users/d.seerig/AppData/Local/UnrealEngine/Common/DerivedDataCache/Buckets/MaterialShaderMap/d0/ea/777b33c71b393062e6f33aef173338fe17be.udd" 4021
"C:/Users/d.seerig/AppData/Local/UnrealEngine/Common/DerivedDataCache/Buckets/MaterialShaderMap/f0/d0/4ea650c04645501398d50ebdf16be2402a30.udd" 4022
"C:/Users/d.seerig/AppData/Local/UnrealEngine/Common/DerivedDataCache/Buckets/MaterialShaderMap/7f/c0/009ab0b74408e34a471e2857819acda51abb.udd" 4023
"../../../Engine/Plugins/Animation/ControlRig/Content/Controls/ControlRig_Square_3mm.uasset" 4024
"../../../Engine/Plugins/Animation/ControlRig/Content/Controls/ControlRig_Square_1mm.uasset" 4025
"../../../Engine/Plugins/Animation/ControlRig/Content/Controls/ControlRig_Sphere_3mm.uasset" 4026
"../../../Engine/Plugins/Animation/ControlRig/Content/Controls/ControlRig_Sphere_1mm.uasset" 4027
"../../../Engine/Plugins/Animation/ControlRig/Content/Controls/ControlRig_RoundedTriangle_solid.uasset" 4028
"../../../Engine/Plugins/Animation/ControlRig/Content/Controls/ControlRig_RoundedTriangle_3mm.uasset" 4029
"C:/Users/d.seerig/AppData/Local/UnrealEngine/Common/DerivedDataCache/Buckets/StaticMesh/d3/ee/0cce03f658b3089c660219fc95d8dfcd0925.udd" 4030
"../../../Engine/Plugins/Animation/ControlRig/Content/Controls/ControlRig_RoundedTriangle_1mm.uasset" 4031
"C:/Users/d.seerig/AppData/Local/UnrealEngine/Common/DerivedDataCache/Content/3c/d9/28b2682bdfac1a09a865457d93f936927108.udd" 4032
"../../../Engine/Plugins/Animation/ControlRig/Content/Controls/ControlRig_RoundedSquare_solid.uasset" 4033
"../../../Engine/Plugins/Animation/ControlRig/Content/Controls/ControlRig_RoundedSquare_3mm.uasset" 4034
"../../../Engine/Plugins/Animation/ControlRig/Content/Controls/ControlRig_RoundedSquare_1mm.uasset" 4035
"../../../Engine/Plugins/Animation/ControlRig/Content/Controls/ControlRig_QuarterCircle_solid.uasset" 4036
"../../../Engine/Plugins/Animation/ControlRig/Content/Controls/ControlRig_QuarterCircle_3mm.uasset" 4037
"../../../Engine/Plugins/Animation/ControlRig/Content/Controls/ControlRig_QuarterCircle_1mm.uasset" 4038
"../../../Engine/Plugins/Animation/ControlRig/Content/Controls/ControlRig_Pyramid_solid.uasset" 4039
"../../../Engine/Plugins/Animation/ControlRig/Content/Controls/ControlRig_Pyramid_3mm.uasset" 4040
"../../../Engine/Plugins/Animation/ControlRig/Content/Controls/ControlRig_Pyramid_1mm.uasset" 4041
"C:/Users/d.seerig/AppData/Local/UnrealEngine/Common/DerivedDataCache/Buckets/LegacyDIST/c6/e7/29d470507f69cb75f064f825d36b0151c659.udd" 4042
"C:/Users/d.seerig/AppData/Local/UnrealEngine/Common/DerivedDataCache/Buckets/LegacyCARD/35/fb/0cf156062c741b2ffed409c3bca7d5f040ee.udd" 4043
"C:/Users/d.seerig/AppData/Local/UnrealEngine/Common/DerivedDataCache/Buckets/LegacyChaosGeometryData/35/98/3b2b65e3b0bdb0fc06a2bfed58d5d4e78e5d.udd" 4044
"C:/Users/d.seerig/AppData/Local/UnrealEngine/Common/DerivedDataCache/Buckets/MaterialShaderMap/f1/16/ca28cb217931d9e126cf62c35e89e435ff0b.udd" 4045
"C:/Users/d.seerig/AppData/Local/UnrealEngine/Common/DerivedDataCache/Buckets/MaterialShaderMap/29/e6/e40c036d03785ab926bc6e079d2b9b6f9351.udd" 4046
"C:/Users/d.seerig/AppData/Local/UnrealEngine/Common/DerivedDataCache/Content/14/10/2823f34b654762664e9833e88f32c93fdc8a.udd" 4047
"C:/Users/d.seerig/AppData/Local/UnrealEngine/Common/DerivedDataCache/Buckets/MaterialShaderMap/66/d8/6c8bdcf704a561f37373d4746847438f670d.udd" 4048
"C:/Users/d.seerig/AppData/Local/UnrealEngine/Common/DerivedDataCache/Buckets/MaterialShaderMap/39/fc/cdea4282c89ffacd0308baf500232413bb94.udd" 4049
"C:/Users/d.seerig/AppData/Local/UnrealEngine/Common/DerivedDataCache/Buckets/MaterialShaderMap/b7/bd/36c7ad4459feeeca1252ce6a1e6301b6366d.udd" 4050
"C:/Users/d.seerig/AppData/Local/UnrealEngine/Common/DerivedDataCache/Buckets/MaterialShaderMap/a0/7c/9466932ab8174745dc0e5f5e1a170a467aa8.udd" 4051
"C:/Users/d.seerig/AppData/Local/UnrealEngine/Common/DerivedDataCache/Buckets/MaterialShaderMap/5b/a2/8ca4f48dc4cdd9a5936c0890c798c8c374d0.udd" 4052
"C:/Users/d.seerig/AppData/Local/UnrealEngine/Common/DerivedDataCache/Buckets/MaterialShaderMap/d6/8e/665b8787aa2684af340f0148e38956860a0f.udd" 4053
"C:/Users/d.seerig/AppData/Local/UnrealEngine/Common/DerivedDataCache/Buckets/MaterialShaderMap/c4/9f/f8b9daca32b1e05495653abfb22db63304ee.udd" 4054
"C:/Users/d.seerig/AppData/Local/UnrealEngine/Common/DerivedDataCache/Buckets/MaterialShaderMap/d4/c5/7560957bdae276f5f7161d12f250ac7d1112.udd" 4055
"C:/Users/d.seerig/AppData/Local/UnrealEngine/Common/DerivedDataCache/Buckets/MaterialShaderMap/40/2c/11d8af75ec4c97d0136fa594d1a2e4a2a1e2.udd" 4056
"C:/Users/d.seerig/AppData/Local/UnrealEngine/Common/DerivedDataCache/Buckets/MaterialShaderMap/9a/bc/c128f61a1533945a09f3054c6504c96c2536.udd" 4057
"C:/Users/d.seerig/AppData/Local/UnrealEngine/Common/DerivedDataCache/Buckets/MaterialShaderMap/6a/ef/26203db1dddc9ff04aff43ccfb0f6aeecadb.udd" 4058
"C:/Users/d.seerig/AppData/Local/UnrealEngine/Common/DerivedDataCache/Buckets/MaterialShaderMap/24/75/951d912cd86cc8f4382e626107c2adae0eea.udd" 4059
"../../../Engine/Plugins/Animation/ControlRig/Content/Controls/ControlRig_Octagon_solid.uasset" 4060
"../../../Engine/Plugins/Animation/ControlRig/Content/Controls/ControlRig_Octagon_3mm.uasset" 4061
"../../../Engine/Plugins/Animation/ControlRig/Content/Controls/ControlRig_Octagon_1mm.uasset" 4062
"../../../Engine/Plugins/Animation/ControlRig/Content/Controls/ControlRig_Hexagon_solid.uasset" 4063
"C:/Users/d.seerig/AppData/Local/UnrealEngine/Common/DerivedDataCache/Buckets/LegacyNavCollision/3e/d6/c2ae50d51318bf49f20acb532e7519ff1c09.udd" 4064
"../../../Engine/Plugins/Animation/ControlRig/Content/Controls/ControlRig_Hexagon_3mm.uasset" 4065
"../../../Engine/Plugins/Animation/ControlRig/Content/Controls/ControlRig_Hexagon_1mm.uasset" 4066
"../../../Engine/Plugins/Animation/ControlRig/Content/Controls/ControlRig_HalfCircle_solid.uasset" 4067
"../../../Engine/Plugins/Animation/ControlRig/Content/Controls/ControlRig_HalfCircle_3mm.uasset" 4068
"../../../Engine/Plugins/Animation/ControlRig/Content/Controls/ControlRig_HalfCircle_1mm.uasset" 4069
"../../../Engine/Plugins/Animation/ControlRig/Content/Controls/ControlRig_Diamond_solid.uasset" 4070
"../../../Engine/Plugins/Animation/ControlRig/Content/Controls/ControlRig_Diamond_3mm.uasset" 4071
"../../../Engine/Plugins/Animation/ControlRig/Content/Controls/ControlRig_Diamond_1mm.uasset" 4072
"../../../Engine/Plugins/Animation/ControlRig/Content/Controls/ControlRig_Circle_solid.uasset" 4073
"../../../Engine/Plugins/Animation/ControlRig/Content/Controls/ControlRig_Circle_3mm.uasset" 4074
"../../../Engine/Plugins/Animation/ControlRig/Content/Controls/ControlRig_Circle_1mm.uasset" 4075
"../../../Engine/Plugins/Animation/ControlRig/Content/Controls/ControlRig_Box_solid.uasset" 4076
"../../../Engine/Plugins/Animation/ControlRig/Content/Controls/ControlRig_Box_3mm.uasset" 4077
"../../../Engine/Plugins/Animation/ControlRig/Content/Controls/ControlRig_Box_1mm.uasset" 4078
"../../../Engine/Plugins/Animation/ControlRig/Content/Controls/ControlRig_Arrow_solid.uasset" 4079
"../../../Engine/Plugins/Animation/ControlRig/Content/Controls/ControlRig_Arrow_3mm.uasset" 4080
"../../../Engine/Plugins/Animation/ControlRig/Content/Controls/ControlRig_Arrow_1mm.uasset" 4081
"../../../Engine/Plugins/Animation/ControlRig/Content/Controls/ControlRig_Arrow4_solid.uasset" 4082
"../../../Engine/Plugins/Animation/ControlRig/Content/Controls/ControlRig_Arrow4_3mm.uasset" 4083
"../../../Engine/Plugins/Animation/ControlRig/Content/Controls/ControlRig_Arrow4_1mm.uasset" 4084
"../../../Engine/Plugins/Animation/ControlRig/Content/Controls/ControlRig_Arrow2_solid.uasset" 4085
"../../../Engine/Plugins/Animation/ControlRig/Content/Controls/ControlRig_Arrow2_3mm.uasset" 4086
"../../../Engine/Plugins/Animation/ControlRig/Content/Controls/ControlRig_Arrow2_1mm.uasset" 4087
"../../../Engine/Plugins/Animation/ControlRig/Content/Controls/ControlRig_Sphere_solid.uasset" 4088
"D:/Progetti/PurgatorySeaServer/Unreal Engine/PurgatorySea/Content/Models/Ships/uss-jack-h-lucas-ddg-125/source/Jack_H__Lucas/Jack_H/Jack_H__Lucas_.uasset" 4089
"D:/Progetti/PurgatorySeaServer/Unreal Engine/PurgatorySea/Content/Blueprints/Actors/BP_Submarine.uasset" 4090
"D:/Progetti/PurgatorySeaServer/Unreal Engine/PurgatorySea/Content/Models/Ships/Shershen-ClassTorpedoBoat/source/Shershen-ClassTorpedoBoat/Shershen-ClassTorpedoBoat.uasset" 4091
"D:/Progetti/PurgatorySeaServer/Unreal Engine/PurgatorySea/Content/Models/Ships/japanese_underwater_aircraft_carrier/source/Dogo4sketch/Dogo.uasset" 4092
"D:/Progetti/PurgatorySeaServer/Unreal Engine/PurgatorySea/Content/Models/Ships/chinese_aircraft_carrier/source/Top.uasset" 4093
"D:/Progetti/PurgatorySeaServer/Unreal Engine/PurgatorySea/Content/Models/Ships/chinese_aircraft_carrier/source/Middle.uasset" 4094
"D:/Progetti/PurgatorySeaServer/Unreal Engine/PurgatorySea/Content/Models/Ships/chinese_aircraft_carrier/source/Down.uasset" 4095
"D:/Progetti/PurgatorySeaServer/Unreal Engine/PurgatorySea/Content/Blueprints/Actors/BP_SwiftBoat.uasset" 4096
"../../../Engine/Content/EngineSky/SM_SkySphere.uasset" 4097
"../../../Engine/Content/OpenWorldTemplate/LandscapeMaterial/MF_ProcGrid.uasset" 4098
"D:/Progetti/PurgatorySeaServer/Unreal Engine/PurgatorySea/Content/Blueprints/Actors/BP_PlayerTile.uasset" 4099
"D:/Progetti/PurgatorySeaServer/Unreal Engine/PurgatorySea/Content/Blueprints/Actors/BP_Torpedo.uasset" 4100
"../../../Engine/Content/OpenWorldTemplate/LandscapeMaterial/M_ProcGrid.uasset" 4101
"../../../Engine/Content/OpenWorldTemplate/LandscapeMaterial/MI_ProcGrid.uasset" 4102
"D:/Progetti/PurgatorySeaServer/Unreal Engine/PurgatorySea/Content/Levels/EnemyBoard.umap" 4103
"../../../Engine/Content/EngineSounds/Submixes/MasterEQSubmixDefault.uasset" 4104
"../../../Engine/Content/EngineSounds/Submixes/MasterSubmixDefault.uasset" 4105
"../../../Engine/Content/EngineSounds/Submixes/MasterReverbSubmixDefault.uasset" 4106
"C:/Users/d.seerig/AppData/Local/UnrealEngine/Common/DerivedDataCache/Buckets/StaticMesh/73/fa/6ccfd4f4a411c55e98cb718c429d68ee183e.udd" 4107
"C:/Users/d.seerig/AppData/Local/UnrealEngine/Common/DerivedDataCache/Content/4f/fb/47899cf93e9d33e44b594f889da8f53a2627.udd" 4108
"C:/Users/d.seerig/AppData/Local/UnrealEngine/Common/DerivedDataCache/Buckets/StaticMesh/f0/1c/bffe944f54d75ac925548d649515e64402ac.udd" 4109
"C:/Users/d.seerig/AppData/Local/UnrealEngine/Common/DerivedDataCache/Buckets/StaticMesh/0f/f8/163c1a41579faaa78f0a718eb5b0f50b3fe4.udd" 4110
"C:/Users/d.seerig/AppData/Local/UnrealEngine/Common/DerivedDataCache/Buckets/LegacyDIST/6e/82/93e1a288e95f5963932a26e43d173c94609a.udd" 4111
"C:/Users/d.seerig/AppData/Local/UnrealEngine/Common/DerivedDataCache/Buckets/LegacyCARD/80/5b/3e737d19ec9bf64754e0a15d93b5c9ff9717.udd" 4112
"C:/Users/d.seerig/AppData/Local/UnrealEngine/Common/DerivedDataCache/Buckets/StaticMesh/00/a2/5c9e52c2579c4a9901031f34aedeabe17318.udd" 4113
"C:/Users/d.seerig/AppData/Local/UnrealEngine/Common/DerivedDataCache/Buckets/LegacyDIST/d7/1c/5d3c3c03cd75cb27fe23034c1972b5817bf0.udd" 4114
"C:/Users/d.seerig/AppData/Local/UnrealEngine/Common/DerivedDataCache/Buckets/LegacyChaosGeometryData/d0/02/8f17ea54aa48fb19e2321df78f400b7aa5ed.udd" 4115
"C:/Users/d.seerig/AppData/Local/UnrealEngine/Common/DerivedDataCache/Buckets/LegacyCARD/47/c2/4325a6ef560d892472ffe194e4a4adbd72e3.udd" 4116
"C:/Users/d.seerig/AppData/Local/UnrealEngine/Common/DerivedDataCache/Buckets/LegacyChaosGeometryData/0d/0e/62f84083d73b9ec1c05f1c1c7104ec271c82.udd" 4117
"C:/Users/d.seerig/AppData/Local/UnrealEngine/Common/DerivedDataCache/Buckets/StaticMesh/ca/f2/c2433ef4a17b23527ab995ab64f85ef393e5.udd" 4118
"C:/Users/d.seerig/AppData/Local/UnrealEngine/Common/DerivedDataCache/Buckets/LegacyDIST/a6/01/21074fb80720eb9c8d02e98c63146c51d277.udd" 4119
"C:/Users/d.seerig/AppData/Local/UnrealEngine/Common/DerivedDataCache/Buckets/LegacyCARD/55/3f/063eba275e24993f19a82e76bcca9f5b9b31.udd" 4120
"C:/Users/d.seerig/AppData/Local/UnrealEngine/Common/DerivedDataCache/Buckets/LegacyDIST/e6/3a/0d911d04bdfca6ffd4e31ca45b196222613d.udd" 4121
"C:/Users/d.seerig/AppData/Local/UnrealEngine/Common/DerivedDataCache/Buckets/LegacyChaosGeometryData/6c/19/5ef2879379269adb422c4f881c6bf6fbfc04.udd" 4122
"C:/Users/d.seerig/AppData/Local/UnrealEngine/Common/DerivedDataCache/Buckets/LegacyCARD/71/67/5387d1e56dfcbf7edb45ece439038771e261.udd" 4123
"C:/Users/d.seerig/AppData/Local/UnrealEngine/Common/DerivedDataCache/Buckets/LegacyNavCollision/b6/d8/f25d2ed9ef8c9cb43da299bbd95936cff6c8.udd" 4124
"C:/Users/d.seerig/AppData/Local/UnrealEngine/Common/DerivedDataCache/Buckets/StaticMesh/5d/fe/bd63e58ef5f3e0268e3e788779189bf7de31.udd" 4125
"C:/Users/d.seerig/AppData/Local/UnrealEngine/Common/DerivedDataCache/Buckets/LegacyNavCollision/25/52/f90f045c85801f4e49aa2b3673b820c62998.udd" 4126
"C:/Users/d.seerig/AppData/Local/UnrealEngine/Common/DerivedDataCache/Buckets/LegacyNavCollision/9b/cf/8e5d9fac306c5bcf313f1c1d8615596ecba7.udd" 4127
"C:/Users/d.seerig/AppData/Local/UnrealEngine/Common/DerivedDataCache/Buckets/LegacyDIST/d9/b5/7e3d4c629650a3c6e03ab077135c0a7dd9ac.udd" 4128
"C:/Users/d.seerig/AppData/Local/UnrealEngine/Common/DerivedDataCache/Buckets/LegacyDIST/6b/ce/e25e0675b912c1e1d0afbbaff781c67683d9.udd" 4129
"C:/Users/d.seerig/AppData/Local/UnrealEngine/Common/DerivedDataCache/Buckets/LegacyCARD/d9/84/cf3c566b3f2af3db103d96343865ce5de0c4.udd" 4130
"C:/Users/d.seerig/AppData/Local/UnrealEngine/Common/DerivedDataCache/Buckets/LegacyNavCollision/d8/53/3f71aaee397b1d76080c48f963d1f8fe7ca9.udd" 4131
"C:/Users/d.seerig/AppData/Local/UnrealEngine/Common/DerivedDataCache/Buckets/LegacyCARD/60/07/8433f4cc6d536232bcd82f5f9c0a9ab82cb4.udd" 4132
"C:/Users/d.seerig/AppData/Local/UnrealEngine/Common/DerivedDataCache/Buckets/LegacyChaosGeometryData/c4/21/b3f8bee9dc39b9cb8940942bce037aa68e24.udd" 4133
"C:/Users/d.seerig/AppData/Local/UnrealEngine/Common/DerivedDataCache/Content/bb/b4/b5e45ebb3d3e5797181afc19b3e8db1b57b4.udd" 4134
"C:/Users/d.seerig/AppData/Local/UnrealEngine/Common/DerivedDataCache/Buckets/LegacyNavCollision/63/3c/bce3481f259429c91f3b431ad443a2d8acb4.udd" 4135
"C:/Users/d.seerig/AppData/Local/UnrealEngine/Common/DerivedDataCache/Buckets/LegacyNavCollision/35/da/8fd9e1d6bac9e08bd519b6eeb6f8cbbbf942.udd" 4136
"../../../Engine/Content/EditorResources/EmptyActor.uasset" 4137
"C:/Users/d.seerig/AppData/Local/UnrealEngine/Common/DerivedDataCache/Buckets/BulkDataList/b3/96/9111551e2800d55059486eb3c5ee4ee45b59.udd" 4138
